id,first_name,last_name,email,mobile_phone,office_phone,company,company_website,personal_website,position,social_x,social_linkedin,social_instagram,social_facebook,status,tags,notes,created_by,created_on,updatedAt,updatedBy,personal_email,company_email,company_phone,city,country,industry,employees,description,stripe_customer_id,first_order_date,last_order_date,last_order_id,cumulative_order_count,contact_origin,opt_in_time,is_b2b,b2b_discount_percent,is_temporary,converted_at,converted_account_id,converted_contact_id
88cef800-f4e5-4b06-8297-7bb242442b29,,swinchen,swinchen@gmail.com,,,,,,,,,,,true,"","",89e0b4f6-0dca-41e1-a652-9e86f7421d8a,Wed Aug 19 2026 16:30:38 GMT+0000 (Coordinated Universal Time),Wed Aug 19 2026 16:30:38 GMT+0000 (Coordinated Universal Time),89e0b4f6-0dca-41e1-a652-9e86f7421d8a,,,,,,,,,cus_V6PCcclJsLkYzv,,,,,stripe,,,,true,,,
dd6295ae-a694-42a6-8e4b-3cd1a74bf819,,linny619,linny619@gmail.com,,,,,,,,,,,true,"","",89e0b4f6-0dca-41e1-a652-9e86f7421d8a,Wed Aug 19 2026 10:27:31 GMT+0000 (Coordinated Universal Time),Wed Aug 19 2026 10:27:31 GMT+0000 (Coordinated Universal Time),89e0b4f6-0dca-41e1-a652-9e86f7421d8a,,,,,,,,,cus_V6JKaICD28F2dc,,,,,stripe,,,,true,,,
839e62e9-77ce-457b-abf7-0b08a6dc3bee,,gle3440,gle3440@msn.com,,,,,,,,,,,true,"","",89e0b4f6-0dca-41e1-a652-9e86f7421d8a,Mon Aug 17 2026 17:09:52 GMT+0000 (Coordinated Universal Time),Mon Aug 17 2026 17:09:52 GMT+0000 (Coordinated Universal Time),89e0b4f6-0dca-41e1-a652-9e86f7421d8a,,,,,,,,,cus_V5fNMEuW77tgKW,,,,,stripe,,,,true,,,
b804b4ef-0f79-4c1c-acbb-f9cb25f61f36,,testing,testing@example.comvrpjaked,,,,,,,,,,,true,"","",89e0b4f6-0dca-41e1-a652-9e86f7421d8a,Sat Aug 15 2026 05:01:36 GMT+0000 (Coordinated Universal Time),Sat Aug 15 2026 05:01:36 GMT+0000 (Coordinated Universal Time),89e0b4f6-0dca-41e1-a652-9e86f7421d8a,,,,,,,,,cus_V4jBT5t3z6pZtl,,,,,stripe,,,,true,,,
36cfb803-27b3-46e6-afbe-6061be76bc95,,testing,testing@example.com,,,,,,,,,,,true,"","",89e0b4f6-0dca-41e1-a652-9e86f7421d8a,Sat Aug 15 2026 05:00:41 GMT+0000 (Coordinated Universal Time),Sat Aug 15 2026 05:00:41 GMT+0000 (Coordinated Universal Time),89e0b4f6-0dca-41e1-a652-9e86f7421d8a,,,,,,,,,cus_V4jATHLKgEvqhR,,,,,stripe,,,,true,,,
a33d05f1-4be8-43fd-8503-78d8a718b67e,,kimberlyrkahn,kimberlyrkahn@gmail.com,,,,,,,,,,,true,"","",89e0b4f6-0dca-41e1-a652-9e86f7421d8a,Wed Aug 12 2026 23:08:44 GMT+0000 (Coordinated Universal Time),Wed Aug 12 2026 23:09:55 GMT+0000 (Coordinated Universal Time),89e0b4f6-0dca-41e1-a652-9e86f7421d8a,,,,New York,US,,,,cus_V3t2sdLy9yXV0d,2026-08-12T23:09:45.118Z,2026-08-12T23:09:45.118Z,REDB-2016,1,stripe,,,,false,,,
6ba29319-48ff-4497-99ef-0a7bb1fc4e4c,,onnocanoe,onnocanoe@gmail.com,,,,,,,,,,,true,"","",89e0b4f6-0dca-41e1-a652-9e86f7421d8a,Wed Aug 12 2026 01:26:59 GMT+0000 (Coordinated Universal Time),Wed Aug 12 2026 01:26:59 GMT+0000 (Coordinated Universal Time),89e0b4f6-0dca-41e1-a652-9e86f7421d8a,,,,,,,,,cus_V3Y2OfFKTo5OL4,,,,,stripe,,,,true,,,
0a2ee3e6-5b00-4196-a9c6-c1cce1e16bc6,,samsonetph,samsonetph@yahoo.com,,,,,,,,,,,true,"","",89e0b4f6-0dca-41e1-a652-9e86f7421d8a,Sat Aug 08 2026 17:49:54 GMT+0000 (Coordinated Universal Time),Sat Aug 08 2026 17:49:54 GMT+0000 (Coordinated Universal Time),89e0b4f6-0dca-41e1-a652-9e86f7421d8a,,,,,,,,,cus_V2Iz7QldyHdhGp,,,,,stripe,,,,true,,,
69ce5943-98cd-4a51-9c5c-e276326fee19,,kotunwarne,kotunwarne@gmail.com,,,,,,,,,,,true,"","",89e0b4f6-0dca-41e1-a652-9e86f7421d8a,Sun Aug 02 2026 17:00:26 GMT+0000 (Coordinated Universal Time),Sun Aug 02 2026 17:00:26 GMT+0000 (Coordinated Universal Time),89e0b4f6-0dca-41e1-a652-9e86f7421d8a,,,,,,,,,cus_V02qRZdgaRl3It,,,,,stripe,,,,true,,,
8ffd497f-f3fa-481d-ad74-e491ca5dc544,,jb1019jb,jb1019jb@gmail.com,,,,,,,,,,,true,"","",89e0b4f6-0dca-41e1-a652-9e86f7421d8a,Mon Jul 27 2026 13:19:24 GMT+0000 (Coordinated Universal Time),Mon Jul 27 2026 13:21:46 GMT+0000 (Coordinated Universal Time),89e0b4f6-0dca-41e1-a652-9e86f7421d8a,,,,Southwest Harbor,US,,,,cus_UxjufzUSFOOTZS,2026-07-27T13:21:44.368Z,2026-07-27T13:21:44.368Z,REDB-2015,1,stripe,,,,false,,,
f71b17cd-f6f0-42d0-b233-e3c75442acdb,,michaeljoelsmith,michaeljoelsmith@gmail.com,,,,,,,,,,,true,"","",89e0b4f6-0dca-41e1-a652-9e86f7421d8a,Sat Jul 18 2026 19:29:51 GMT+0000 (Coordinated Universal Time),Sat Jul 18 2026 19:29:51 GMT+0000 (Coordinated Universal Time),89e0b4f6-0dca-41e1-a652-9e86f7421d8a,,,,,,,,,cus_UuSrwycOOCPlVJ,,,,,stripe,,,,true,,,
75d8c409-777b-4047-adab-53aebaf3def4,,peter,peter@colasanteconstruction.com,,,,,,,,,,,true,"","",89e0b4f6-0dca-41e1-a652-9e86f7421d8a,Thu Jul 16 2026 03:40:35 GMT+0000 (Coordinated Universal Time),Thu Jul 16 2026 03:41:02 GMT+0000 (Coordinated Universal Time),89e0b4f6-0dca-41e1-a652-9e86f7421d8a,,,,St. Petersburg,US,,,,cus_UtT6aeKfxc76Ej,2026-07-16T03:41:00.483Z,2026-07-16T03:41:00.483Z,REDB-2014,1,stripe,,,,false,,,
90b2c6be-dc8c-4a04-aae6-7db7971638a9,,kff15290,kff15290@gmail.com,,,,,,,,,,,true,"","",89e0b4f6-0dca-41e1-a652-9e86f7421d8a,Tue Jul 14 2026 19:22:23 GMT+0000 (Coordinated Universal Time),Tue Jul 14 2026 19:23:48 GMT+0000 (Coordinated Universal Time),89e0b4f6-0dca-41e1-a652-9e86f7421d8a,,,,Warren,US,,,,cus_UsxphF4q6vmMyl,2026-07-14T19:23:38.045Z,2026-07-14T19:23:38.045Z,REDB-2013,1,stripe,,,,true,,,
c1e0a955-6506-4b59-ac25-073a1668a0c3,,mcgrath.deborahm,mcgrath.deborahm@icloud.com,,,,,,,,,,,true,"","",89e0b4f6-0dca-41e1-a652-9e86f7421d8a,Thu Jul 09 2026 15:53:57 GMT+0000 (Coordinated Universal Time),Thu Jul 09 2026 15:54:56 GMT+0000 (Coordinated Universal Time),89e0b4f6-0dca-41e1-a652-9e86f7421d8a,,,,Menomonie,US,,,,cus_Ur2LPahRvX7bfA,2026-07-09T15:54:39.945Z,2026-07-09T15:54:39.945Z,REDB-2012,1,stripe,,,,false,,,
9149e35e-63ab-43e1-bf79-c7c7f595e867,Paul,P,platter@tteest.com,,,,,,,,,,,true,"","",89e0b4f6-0dca-41e1-a652-9e86f7421d8a,Thu Jul 09 2026 04:31:10 GMT+0000 (Coordinated Universal Time),Thu Jul 09 2026 04:31:10 GMT+0000 (Coordinated Universal Time),89e0b4f6-0dca-41e1-a652-9e86f7421d8a,,,,,,,,,cus_UqrKTEHJ4agM8J,,,,,stripe,,true,,,,,
0518a08a-7de2-4ed7-99bc-84b17176c64d,David,G,dave@dave.com,,,,,,,,,,,true,"","",89e0b4f6-0dca-41e1-a652-9e86f7421d8a,Tue Jul 07 2026 11:32:29 GMT+0000 (Coordinated Universal Time),Thu Jul 09 2026 03:22:50 GMT+0000 (Coordinated Universal Time),89e0b4f6-0dca-41e1-a652-9e86f7421d8a,,,,,,,,,"cus_UqDgNhCFEhrRvL,cus_UqaAcOE9eoQtKZ,cus_UqaJ3F5UvYj7lH,cus_Uqp11dnPJE636N",,,,,stripe,,true,,true,,,
52542b2f-d435-4f86-85d0-aeccc79025f8,,justin,justin@landmarktexas.com,,,,,,,,,,,true,"","",89e0b4f6-0dca-41e1-a652-9e86f7421d8a,Wed Jul 01 2026 19:09:28 GMT+0000 (Coordinated Universal Time),Wed Jul 01 2026 19:10:45 GMT+0000 (Coordinated Universal Time),89e0b4f6-0dca-41e1-a652-9e86f7421d8a,,,,bonham,US,,,,cus_Uo5hsZkngMIfXn,2026-07-01T19:10:42.956Z,2026-07-01T19:10:42.956Z,REDB-2011,1,stripe,,,,false,,,
b7fbe417-b5f4-4a9e-8554-aec530438da0,,jenniferdeane,jenniferdeane@comcast.net,,,,,,,,,,,true,"","",89e0b4f6-0dca-41e1-a652-9e86f7421d8a,Wed Jul 01 2026 19:01:05 GMT+0000 (Coordinated Universal Time),Wed Jul 01 2026 19:04:30 GMT+0000 (Coordinated Universal Time),89e0b4f6-0dca-41e1-a652-9e86f7421d8a,,,,Naples,US,,,,cus_Uo5YB1UZoIblEm,2026-07-01T19:04:19.861Z,2026-07-01T19:04:19.861Z,REDB-2010,1,stripe,,,,false,,,
92ab9dbe-1c7f-46b3-99ab-c20bd2b31475,,tecanimation,tecanimation@gmail.com,,,,,,,,,,,true,"","",89e0b4f6-0dca-41e1-a652-9e86f7421d8a,Thu Jun 25 2026 00:39:39 GMT+0000 (Coordinated Universal Time),Thu Jun 25 2026 00:39:39 GMT+0000 (Coordinated Universal Time),89e0b4f6-0dca-41e1-a652-9e86f7421d8a,,,,,,,,,cus_UlYRYUbPy6k6yf,,,,,stripe,,,,true,,,
f53bbb7b-934e-4873-a4e9-e86ae2f09613,,grimy,grimy@test.com,,,,,,,,,,,true,"newsletter-2026; footer-signup","",89e0b4f6-0dca-41e1-a652-9e86f7421d8a,Wed Jun 24 2026 07:39:05 GMT+0000 (Coordinated Universal Time),Wed Jun 24 2026 07:39:06 GMT+0000 (Coordinated Universal Time),89e0b4f6-0dca-41e1-a652-9e86f7421d8a,,,,,,,,,,,,,,netlify,2026-06-24T07:39:05.950348Z,,,,,,
dffb855a-ef9f-40e2-87ae-221b60dd1c28,,tracyjoe,tracyjoe@me.com,,,,,,,,,,,true,"","",89e0b4f6-0dca-41e1-a652-9e86f7421d8a,Mon Jun 22 2026 14:26:11 GMT+0000 (Coordinated Universal Time),Mon Jun 22 2026 14:26:11 GMT+0000 (Coordinated Universal Time),89e0b4f6-0dca-41e1-a652-9e86f7421d8a,,,,,,,,,cus_Uke59IzV97KL3B,,,,,stripe,,,,true,,,
bdf03398-3962-4873-9b85-ac0a49befc43,,david.g,david.g@test.com,,,,,,,,,,,true,"newsletter-2026; footer-signup","",89e0b4f6-0dca-41e1-a652-9e86f7421d8a,Fri Jun 19 2026 07:10:15 GMT+0000 (Coordinated Universal Time),Fri Jun 19 2026 07:10:24 GMT+0000 (Coordinated Universal Time),89e0b4f6-0dca-41e1-a652-9e86f7421d8a,,,,,,,,,,,,,,netlify,2026-06-19T07:10:15.442570Z,,,,,,
70a99c4f-25db-46df-8a2b-834dfcac7b47,,jburr,jburr@ellsouth.net,,,,,,,,,,,true,"","",89e0b4f6-0dca-41e1-a652-9e86f7421d8a,Wed Jun 17 2026 17:08:13 GMT+0000 (Coordinated Universal Time),Wed Jun 17 2026 17:08:13 GMT+0000 (Coordinated Universal Time),89e0b4f6-0dca-41e1-a652-9e86f7421d8a,,,,,,,,,cus_UioZGlGxUuYXZw,,,,,stripe,,,,true,,,
4788c4c7-d17c-455f-93ee-a321d1fd64a6,,jburr,jburr@bellsouth.net,,,,,,,,,,,true,"","",89e0b4f6-0dca-41e1-a652-9e86f7421d8a,Wed Jun 17 2026 16:38:33 GMT+0000 (Coordinated Universal Time),Wed Jun 17 2026 16:38:33 GMT+0000 (Coordinated Universal Time),89e0b4f6-0dca-41e1-a652-9e86f7421d8a,,,,,,,,,cus_Uio5zI2XFguW0R,,,,,stripe,,,,true,,,
8b9b5b60-d66c-42ee-a384-549a8b41ad51,Sam,Not provided,sa.shep@test.com,,,sheps Ent. Inc,,,,,,,,true,"","",89e0b4f6-0dca-41e1-a652-9e86f7421d8a,Wed Jun 17 2026 04:54:33 GMT+0000 (Coordinated Universal Time),Wed Jun 24 2026 05:59:30 GMT+0000 (Coordinated Universal Time),89e0b4f6-0dca-41e1-a652-9e86f7421d8a,,,,,,,,,cus_Uickgaks551BnG,,,,,stripe,,false,,false,,,
24f2611e-994f-4053-9c66-1464e76c62cd,,s.shep,s.shep@test.com,,,,,,,,,,,true,"","",89e0b4f6-0dca-41e1-a652-9e86f7421d8a,Wed Jun 17 2026 04:53:52 GMT+0000 (Coordinated Universal Time),Wed Jun 17 2026 04:53:52 GMT+0000 (Coordinated Universal Time),89e0b4f6-0dca-41e1-a652-9e86f7421d8a,,,,,,,,,cus_UicjKM3XzpS95t,,,,,stripe,,,,true,,,
fa1b9b96-aed1-4a14-9a61-5138a8b475cc,,Herman,her.mun@test.com,,,munster co,,,,,,,,true,"","",89e0b4f6-0dca-41e1-a652-9e86f7421d8a,Tue Jun 16 2026 13:09:58 GMT+0000 (Coordinated Universal Time),Tue Jun 16 2026 13:10:27 GMT+0000 (Coordinated Universal Time),89e0b4f6-0dca-41e1-a652-9e86f7421d8a,,,,,,,,,cus_UiNV3POtGP1CxK,,,,,stripe,,true,,true,,,
bcf09d09-8c3a-4c9f-9c80-381b626fc925,,f.foli,f.foli@test.com,,,,,,,,,,,true,"","",89e0b4f6-0dca-41e1-a652-9e86f7421d8a,Mon Jun 15 2026 08:25:13 GMT+0000 (Coordinated Universal Time),Mon Jun 15 2026 08:25:13 GMT+0000 (Coordinated Universal Time),89e0b4f6-0dca-41e1-a652-9e86f7421d8a,,,,,,,,,cus_Uhvgt1oeE73et2,,,,,stripe,,,,true,,,
b48af233-e77c-4a28-a488-bfe04b23eda2,,Elsbeth,e.em@test.com,,,emery enterprises ltd,,,,,,,,true,"","",89e0b4f6-0dca-41e1-a652-9e86f7421d8a,Mon Jun 15 2026 07:06:13 GMT+0000 (Coordinated Universal Time),Mon Jun 15 2026 07:08:19 GMT+0000 (Coordinated Universal Time),89e0b4f6-0dca-41e1-a652-9e86f7421d8a,,,,,,,,,cus_UhuPBv2QPrYbD1,,,,,stripe,,true,,true,,,
bedb3721-6262-44c9-8916-9a6bdaf859bc,Brent,carvey,b.car@test.com,,,carvey ent inc,,,,,,,,true,"","",89e0b4f6-0dca-41e1-a652-9e86f7421d8a,Mon Jun 15 2026 06:07:06 GMT+0000 (Coordinated Universal Time),Mon Jun 15 2026 06:16:51 GMT+0000 (Coordinated Universal Time),89e0b4f6-0dca-41e1-a652-9e86f7421d8a,,,,,,,,,cus_UhtSAeA7CVydve,,,,,stripe,,true,,true,,,
9d27f47d-09c7-4a5b-86e7-9e1f09a05c09,,brian,brian@test-example.com,,,Buster Company,,,,,,,,true,"","",89e0b4f6-0dca-41e1-a652-9e86f7421d8a,Sun Jun 14 2026 08:17:11 GMT+0000 (Coordinated Universal Time),Sun Jun 14 2026 08:18:31 GMT+0000 (Coordinated Universal Time),89e0b4f6-0dca-41e1-a652-9e86f7421d8a,,,,,,,,,cus_UhYKNtZUuHneVz,,,,,stripe,,true,,false,,,
16bb70aa-ad5e-4d7c-837a-4be5b5ee09ff,,jb,jb@jb.com,,,,,,,,,,,true,"","",89e0b4f6-0dca-41e1-a652-9e86f7421d8a,Wed Jun 10 2026 16:02:45 GMT+0000 (Coordinated Universal Time),Wed Jun 10 2026 16:02:45 GMT+0000 (Coordinated Universal Time),89e0b4f6-0dca-41e1-a652-9e86f7421d8a,,,,,,,,,cus_UgAwCyuYK6umRr,,,,,stripe,,,,true,,,
c8ffe08c-0e58-4af9-83d3-687b21330785,Marcel,Plouffe,marcel.plouffe@gsctally.com,,,,,,,,,,,true,"","",89e0b4f6-0dca-41e1-a652-9e86f7421d8a,Fri May 29 2026 04:10:22 GMT+0000 (Coordinated Universal Time),Fri May 29 2026 04:10:22 GMT+0000 (Coordinated Universal Time),89e0b4f6-0dca-41e1-a652-9e86f7421d8a,,,,Tallahassee,US,,,,cus_UbLgeHHNAXGYYU,,,,,stripe,,,,true,,,
6dfbfb0a-f302-4a83-86c9-156c79263c2e,William,Morse,lbmorse@gmail.com,,,,,,,,,,,true,"","",89e0b4f6-0dca-41e1-a652-9e86f7421d8a,Fri May 29 2026 02:40:53 GMT+0000 (Coordinated Universal Time),Fri May 29 2026 02:42:11 GMT+0000 (Coordinated Universal Time),89e0b4f6-0dca-41e1-a652-9e86f7421d8a,,,,Seattle,US,,,,cus_UbQf2GuAUr2YDw,2026-05-28T23:58:32.625Z,2026-05-28T23:58:32.625Z,REDB-2007,1,stripe,,,,false,,,
a823dccf-ca0e-4895-8fcd-a264db0c25ff,,js.gumby,js.gumby@gumby.com,,,,,,,,,,,true,"newsletter-2026; footer-signup","",89e0b4f6-0dca-41e1-a652-9e86f7421d8a,Wed May 27 2026 07:14:10 GMT+0000 (Coordinated Universal Time),Wed May 27 2026 07:14:26 GMT+0000 (Coordinated Universal Time),89e0b4f6-0dca-41e1-a652-9e86f7421d8a,,,,,,,,,,,,,,netlify,2026-05-27T07:14:25.720058Z,,,,,,
b848d231-a51b-4907-97af-9fccd0b8cbdb,Gertrude,Gehrmann,gertrudeg@redblockindustries.com,,,ABC Company,,,,,,,,true,"","",89e0b4f6-0dca-41e1-a652-9e86f7421d8a,Tue May 26 2026 07:30:34 GMT+0000 (Coordinated Universal Time),Fri Jun 05 2026 06:43:10 GMT+0000 (Coordinated Universal Time),89e0b4f6-0dca-41e1-a652-9e86f7421d8a,,,,,,,,,cus_URtVXaPrLmwqHo,,,,,stripe,,false,5,,,,
7402cbda-07eb-4a2f-a188-831842d4eb69,Gertrude,Gehrmann,gertrude@redblockindustries.com,,,,,,,,,,,true,"","",,Mon May 25 2026 03:36:43 GMT+0000 (Coordinated Universal Time),Mon May 25 2026 03:36:43 GMT+0000 (Coordinated Universal Time),,,,,,,,,,cus_URtVXaPrLmwqHo,,,,,stripe,2026-05-03T13:05:50Z,false,10,,,,
2266e8b6-6357-45bd-a42b-d520d78b6ada,William,Stack,wosanshop@icloud.com,,,,,,,,,,,false,"","",,Mon May 25 2026 03:36:43 GMT+0000 (Coordinated Universal Time),Mon May 25 2026 03:36:43 GMT+0000 (Coordinated Universal Time),,,,,Lusby,US,,,Duplicate record because of email correction (entry error during checkout),cus_UULvLIInaN0GME,2026-05-10T02:40:07.705Z,2026-05-10T02:40:07.705Z,REDB-2005,1,stripe,,,,false,,,
32c589ff-f1f4-4d21-b39e-c71116ff8552,Chris,Bitsis,danielbitsis@gmail.com,,,,,,,,,,,true,"","",,Mon May 25 2026 03:36:43 GMT+0000 (Coordinated Universal Time),Mon May 25 2026 03:36:43 GMT+0000 (Coordinated Universal Time),,,,,Helotes,US,,,,cus_UTx708cYi56e1u,2026-05-09T00:58:56.791Z,2026-05-09T00:58:56.791Z,REDB-2004,1,stripe,,,,false,,,
ab0d349c-463d-43d4-8172-ab179f06540b,William,Stack,wosmanshop@icloud.com,,,,,,,,,,,true,"","",,Mon May 25 2026 03:36:43 GMT+0000 (Coordinated Universal Time),Mon May 25 2026 03:36:43 GMT+0000 (Coordinated Universal Time),,,,,Lusby,US,,,,cus_UULvLIInaN0GME,2026-05-10T02:40:07.705Z,2026-05-10T02:40:07.705Z,REDB-2005,1,stripe,,,,false,,,
a5dfdde0-0c07-4c9f-9f5d-a72c3f571493,,test,test@redblockindustries.com,,,,,,,,,,,true,"newsletter-2026; blog-signup","",,Mon May 25 2026 03:36:43 GMT+0000 (Coordinated Universal Time),Mon May 25 2026 03:36:43 GMT+0000 (Coordinated Universal Time),,,,,,,,,,,,,,,netlify,2026-05-14T06:52:52.003761Z,,,,,,
9b467979-206a-434d-b177-fa3058484cee,,email,email@test.com,,,Gumby Enterprises,,,,,,,,true,"newsletter-2026; footer-signup","",,Mon May 25 2026 03:36:43 GMT+0000 (Coordinated Universal Time),Sat Jun 13 2026 08:49:19 GMT+0000 (Coordinated Universal Time),89e0b4f6-0dca-41e1-a652-9e86f7421d8a,,,,,,,,,cus_Uh9GRGD0q3zHKc,,,,,stripe,2026-05-06T04:26:09.411435Z,true,,false,,,
8f42c0f3-ed12-4ce6-8fd0-7cc91947822f,test,test,test@test.com,,,0e3fdafa685345229da4c9eb395a13fc,,,,,,,,true,"","",89e0b4f6-0dca-41e1-a652-9e86f7421d8a,Tue May 19 2026 06:35:50 GMT+0000 (Coordinated Universal Time),Wed Jun 17 2026 17:29:31 GMT+0000 (Coordinated Universal Time),89e0b4f6-0dca-41e1-a652-9e86f7421d8a,,,,,,,,,"cus_ONY3ZhiM9ayav6,cus_UiouMs4rgqJjno",,,,,stripe,,,,true,,,
e7222793-dcce-41d3-b853-6fe868678737,,,tomh@herconsheetmetal.com,,,641d887fa169459684e919d7cf768251,https://herconsheetmetal.com,,,,,,,true,"","",89e0b4f6-0dca-41e1-a652-9e86f7421d8a,Tue May 19 2026 06:35:50 GMT+0000 (Coordinated Universal Time),Mon May 25 2026 03:36:43 GMT+0000 (Coordinated Universal Time),,,,,,,Sheet Metal / Metal Fabrication,,,,,,,,mailchimp_pre_2026,2021-02-08 09:29:22,,,,,,
dcf02426-2955-4dc1-8cb4-cdb86928213a,,,pailittles@yahoo.com,,,7011bb193f6a479880550d40f0582813,,,,,,,,true,"","",89e0b4f6-0dca-41e1-a652-9e86f7421d8a,Tue May 19 2026 06:35:50 GMT+0000 (Coordinated Universal Time),Mon May 25 2026 03:36:43 GMT+0000 (Coordinated Universal Time),,,,,Ellicott,US,,,,,,,,,mailchimp_pre_2026,2023-05-04 17:57:53,,,,,,
255df4ac-c671-45af-bad0-1e0b03aabb79,,,wrighthound@gmail.com,,,aff3041128e24992ad530b42bc0d9ab5,,,,,,,,true,"","",89e0b4f6-0dca-41e1-a652-9e86f7421d8a,Tue May 19 2026 06:35:50 GMT+0000 (Coordinated Universal Time),Mon May 25 2026 03:36:43 GMT+0000 (Coordinated Universal Time),,,,,Seattle,US,,,,,,,,,mailchimp_pre_2026,2023-05-04 17:57:51,,,,,,
6fdfca74-197a-4933-86a0-91a5b4986624,,,elvicw@gmail.com,,,26248da23cd1453a8fd86160ee09827f,,,,,,,,true,"","",89e0b4f6-0dca-41e1-a652-9e86f7421d8a,Tue May 19 2026 06:35:50 GMT+0000 (Coordinated Universal Time),Mon May 25 2026 03:36:43 GMT+0000 (Coordinated Universal Time),,,,,,,,,,,,,,,mailchimp_pre_2026,2018-02-06 13:57:35,,,,,,
e278b4e8-b545-4891-8636-57bc9c72cb87,,,edo120375@aol.com,,,f7f18b6c024d44f5b99b5e1959058ea4,,,,,,,,true,"","",89e0b4f6-0dca-41e1-a652-9e86f7421d8a,Tue May 19 2026 06:35:50 GMT+0000 (Coordinated Universal Time),Mon May 25 2026 03:36:43 GMT+0000 (Coordinated Universal Time),,,,,NJ,,,,,,,,,,mailchimp_pre_2026,2021-03-07 09:58:55,,,,,,
e016710c-c247-437f-8cf9-3a54dcc97ac1,,,wfolager@gmail.com,,,1717e0471de543239e79e837af27afdd,,,,,,,,true,"","",89e0b4f6-0dca-41e1-a652-9e86f7421d8a,Tue May 19 2026 06:35:50 GMT+0000 (Coordinated Universal Time),Mon May 25 2026 03:36:42 GMT+0000 (Coordinated Universal Time),,,,,,,,,,,,,,,mailchimp_pre_2026,2019-05-17 11:32:35,,,,,,
83456d4d-23a5-44d9-aa54-43dcf0da153a,,,havasubob@gmail.com,,,cb74d8df31ad470c97613b0ddf2a0581,,,,,,,,true,"","",89e0b4f6-0dca-41e1-a652-9e86f7421d8a,Tue May 19 2026 06:35:50 GMT+0000 (Coordinated Universal Time),Mon May 25 2026 03:36:42 GMT+0000 (Coordinated Universal Time),,,,,Anaheim,US,,,,,,,,,mailchimp_pre_2026,2023-05-04 17:57:37,,,,,,
3476e6dd-9db9-4fd9-bf28-e480ddac37d0,,,samarmon@comcast.net,,,debac0a74ef84952b70c9241715c4d52,https://www.comcast.com,,,https://twitter.com/comcast,https://www.linkedin.com/company/comcast,,,true,"","",89e0b4f6-0dca-41e1-a652-9e86f7421d8a,Tue May 19 2026 06:35:50 GMT+0000 (Coordinated Universal Time),Mon May 25 2026 03:36:42 GMT+0000 (Coordinated Universal Time),,,,+1-800-266-2278,"Philadelphia, PA",,Telecommunications / Media & Entertainment,"186,000+","Comcast Corporation is a global media and technology company and one of the world's largest telecommunications conglomerates. It operates Xfinity (cable TV, internet, phone), NBCUniversal (media and entertainment), and Sky (European media). Comcast provides broadband, wireless, video, and voice services to residential and business customers across the US and internationally.",,,,,,mailchimp_pre_2026,2019-05-17 11:32:45,,,,,,
8e6257e3-86fe-42a2-9288-0f11e0536b31,,,richard.ellis@hotmail.com,,,09b46ccdcfe54c08b5284bd24a8bbf53,,,,,,,,true,"","",89e0b4f6-0dca-41e1-a652-9e86f7421d8a,Tue May 19 2026 06:35:50 GMT+0000 (Coordinated Universal Time),Mon May 25 2026 03:36:42 GMT+0000 (Coordinated Universal Time),,,,,College,US,,,,,,,,,mailchimp_pre_2026,2023-05-04 17:57:48,,,,,,
7592190f-2e7b-4d0b-8999-c140c0f56adc,,,snowfire89@aol.com,,,0d436bd7454a42dba55e167bb22bcb68,,,,,,,,true,"","",89e0b4f6-0dca-41e1-a652-9e86f7421d8a,Tue May 19 2026 06:35:50 GMT+0000 (Coordinated Universal Time),Mon May 25 2026 03:36:42 GMT+0000 (Coordinated Universal Time),,,,,NJ,,,,,,,,,,mailchimp_pre_2026,2020-09-11 17:07:47,,,,,,
98789e28-bb8b-43ae-be66-cc4c87f0fe29,,,dennisrayhackney@gmail.com,,,d62cd36dcc2d43b1a74429b1045f8279,,,,,,,,true,"","",89e0b4f6-0dca-41e1-a652-9e86f7421d8a,Tue May 19 2026 06:35:50 GMT+0000 (Coordinated Universal Time),Mon May 25 2026 03:36:42 GMT+0000 (Coordinated Universal Time),,,,,Watertown,US,,,,,,,,,mailchimp_pre_2026,2023-05-04 17:57:44,,,,,,
e04f4878-09e5-4d65-9f08-de1a04f61d81,,,wrankins@yahoo.com,,,4c4f1857792f48d5afbcdcf3b854a99d,,,,,,,,true,"","",89e0b4f6-0dca-41e1-a652-9e86f7421d8a,Tue May 19 2026 06:35:50 GMT+0000 (Coordinated Universal Time),Mon May 25 2026 03:36:42 GMT+0000 (Coordinated Universal Time),,,,,CA,,,,,,,,,,mailchimp_pre_2026,2019-10-31 16:41:17,,,,,,
77a5d159-5ee1-4be9-822f-c4ae788dcf26,,,john@newtondistributing.com,,,bba56792cf4a44ba85c2d47c1a040d57,,,,,,,,true,"","",89e0b4f6-0dca-41e1-a652-9e86f7421d8a,Tue May 19 2026 06:35:50 GMT+0000 (Coordinated Universal Time),Mon May 25 2026 03:36:42 GMT+0000 (Coordinated Universal Time),,,,,Woburn,US,,,,,,,,,mailchimp_pre_2026,2023-05-04 17:57:31,,,,,,
dc626508-b583-4f61-8a43-839658bdfe0c,,,kathleen@atlantaflooringdesign.com,,,edfe07fd223c47d2bad8f50a6374587d,,,,,,,,true,"","",89e0b4f6-0dca-41e1-a652-9e86f7421d8a,Tue May 19 2026 06:35:50 GMT+0000 (Coordinated Universal Time),Mon May 25 2026 03:36:36 GMT+0000 (Coordinated Universal Time),,,,,,,,,,,,,,,mailchimp_pre_2026,2025-10-23 10:29:52,,,,,,
d28f4cbe-10ef-4ad0-b254-4acb4d489868,,,cgeern@hotmail.com,,,13180cb02b0e4fa5bcd2aa0216cb10f0,,,,,,,,true,"","",89e0b4f6-0dca-41e1-a652-9e86f7421d8a,Tue May 19 2026 06:35:50 GMT+0000 (Coordinated Universal Time),Mon May 25 2026 03:36:36 GMT+0000 (Coordinated Universal Time),,,,,,,,,,,,,,,mailchimp_pre_2026,2025-07-26 02:36:42,,,,,,
c7d873f9-23f7-4d14-be0a-18f30edbde96,,,carolakeeton@gmail.com,,,f33cb60617344b82904abe611a8bb1c3,,,,,,,,true,"","",89e0b4f6-0dca-41e1-a652-9e86f7421d8a,Tue May 19 2026 06:35:50 GMT+0000 (Coordinated Universal Time),Mon May 25 2026 03:36:36 GMT+0000 (Coordinated Universal Time),,,,,,,,,,,,,,,mailchimp_pre_2026,2018-02-06 13:57:39,,,,,,
bc43e1e8-9d1f-4b4f-b07e-4048db97af1c,,,rlpowers@wellington.com,,,9da3280810534dc381cd9584517048e2,,,,,,,,true,"","",89e0b4f6-0dca-41e1-a652-9e86f7421d8a,Tue May 19 2026 06:35:50 GMT+0000 (Coordinated Universal Time),Mon May 25 2026 03:36:36 GMT+0000 (Coordinated Universal Time),,,,,ma,,,,,,,,,,mailchimp_pre_2026,2019-05-08 20:37:48,,,,,,
266fac68-b7f9-490e-a405-cda9fc83455b,,,sputman@astecindustries.com,,,d00ec6671c13452d81b1114fb81d85ae,,,,,,,,true,"","",89e0b4f6-0dca-41e1-a652-9e86f7421d8a,Tue May 19 2026 06:35:50 GMT+0000 (Coordinated Universal Time),Mon May 25 2026 03:36:36 GMT+0000 (Coordinated Universal Time),,,,,GA,,,,,,,,,,mailchimp_pre_2026,2021-03-14 22:07:04,,,,,,
778f29ab-3f98-4ca2-8cbb-ab92e1b2151e,,,m_w_p@icloud.com,,,523a6402d5e6411a860869d846ebf949,,,,,,,,true,"","",89e0b4f6-0dca-41e1-a652-9e86f7421d8a,Tue May 19 2026 06:35:50 GMT+0000 (Coordinated Universal Time),Mon May 25 2026 03:36:36 GMT+0000 (Coordinated Universal Time),,,,,Bountiful,US,,,,,,,,,mailchimp_pre_2026,2023-05-04 17:57:52,,,,,,
e4ac55bd-364d-4b5b-9eea-74a16a12f889,,,david@blst.us,,,bf6a4221bb2a4113a4cda2e39423417a,,,,,,,,true,"","",89e0b4f6-0dca-41e1-a652-9e86f7421d8a,Tue May 19 2026 06:35:50 GMT+0000 (Coordinated Universal Time),Mon May 25 2026 03:36:36 GMT+0000 (Coordinated Universal Time),,,,,,,,,,,,,,,mailchimp_pre_2026,2025-07-26 02:36:42,,,,,,
e85cd6fb-06c3-47af-82cb-8237d3ae0b9c,,,bsprink72hoo@comcast.net,,,eee95864349c49ed92f446a3dfbfa6ab,,,,,,,,true,"","",89e0b4f6-0dca-41e1-a652-9e86f7421d8a,Tue May 19 2026 06:35:50 GMT+0000 (Coordinated Universal Time),Mon May 25 2026 03:36:36 GMT+0000 (Coordinated Universal Time),,,,,VA,,,,,,,,,,mailchimp_pre_2026,2021-02-15 18:50:21,,,,,,
f5e71f72-e8a4-4f75-8e85-0c3ac31b84b8,,,leia.feng666@gmail.com,,,8fba9b03b4b341ccb7745876b4b54310,,,,,,,,true,"","",89e0b4f6-0dca-41e1-a652-9e86f7421d8a,Tue May 19 2026 06:35:50 GMT+0000 (Coordinated Universal Time),Mon May 25 2026 03:36:36 GMT+0000 (Coordinated Universal Time),,,,,NSW,,,,,,,,,,mailchimp_pre_2026,2019-08-11 22:05:18,,,,,,
3d1b0056-e787-4604-a7d6-df88e8e3250a,,,crump4u@gmail.com,,,6a871d73c4c7459299247990d60829e1,,,,,,,,true,"","",89e0b4f6-0dca-41e1-a652-9e86f7421d8a,Tue May 19 2026 06:35:50 GMT+0000 (Coordinated Universal Time),Mon May 25 2026 03:36:37 GMT+0000 (Coordinated Universal Time),,,,,,,,,,,,,,,mailchimp_pre_2026,2023-05-04 17:57:33,,,,,,
ccff1006-be18-4133-9a92-77c18140d0ef,,,dano121670@outlook.com,,,d7dea782dc704367b46f16175fca9343,,,,,,,,true,"","",89e0b4f6-0dca-41e1-a652-9e86f7421d8a,Tue May 19 2026 06:35:50 GMT+0000 (Coordinated Universal Time),Mon May 25 2026 03:36:37 GMT+0000 (Coordinated Universal Time),,,,,,,,,,,,,,,mailchimp_pre_2026,2023-05-04 17:57:32,,,,,,
b79fe6da-6b09-4a69-9b6d-0a149ec676b3,,,Masonlaw1@aol.com,,,8233d82048304e1e989bbdabfc8e9398,,,,,,,,true,"","",89e0b4f6-0dca-41e1-a652-9e86f7421d8a,Tue May 19 2026 06:35:50 GMT+0000 (Coordinated Universal Time),Mon May 25 2026 03:36:37 GMT+0000 (Coordinated Universal Time),,,,,WY,,,,,,,,,,mailchimp_pre_2026,2020-12-05 11:44:26,,,,,,
8cb13dee-6c48-4755-9b12-32319ecf2ab1,,,hotdouug@harbornet.com,,,cd0332cfba7744d4ab5eb66b35666b7c,,,,,,,,true,"","",89e0b4f6-0dca-41e1-a652-9e86f7421d8a,Tue May 19 2026 06:35:50 GMT+0000 (Coordinated Universal Time),Mon May 25 2026 03:36:37 GMT+0000 (Coordinated Universal Time),,,,,WA,,,,,,,,,,mailchimp_pre_2026,2021-01-16 13:28:35,,,,,,
b8a0ffac-f886-47d1-84d6-2ac4cf46b351,,,spadaforaolivia4@gmail.com,,,9f5c54ef5b6f419a81f21fdfb7e6b3cb,,,,,,,,true,"","",89e0b4f6-0dca-41e1-a652-9e86f7421d8a,Tue May 19 2026 06:35:50 GMT+0000 (Coordinated Universal Time),Mon May 25 2026 03:36:37 GMT+0000 (Coordinated Universal Time),,,,,Malden,US,,,,,,,,,mailchimp_pre_2026,2023-05-04 17:57:48,,,,,,
a4478863-5ec8-46a9-8cdb-b038888a011c,,,jeffalevy1@gmail.com,,,bf3bebf680554fc588a3c0986bbfa428,,,,,,,,true,"","",89e0b4f6-0dca-41e1-a652-9e86f7421d8a,Tue May 19 2026 06:35:50 GMT+0000 (Coordinated Universal Time),Mon May 25 2026 03:36:37 GMT+0000 (Coordinated Universal Time),,,,,Denver,US,,,,,,,,,mailchimp_pre_2026,2023-05-04 17:57:44,,,,,,
005795c1-9b42-4ef7-bd90-f906b97035ba,,,lwdykes@comcast.net,,,79737e019bff4f72b656868dccc275cf,,,,,,,,true,"","",89e0b4f6-0dca-41e1-a652-9e86f7421d8a,Tue May 19 2026 06:35:50 GMT+0000 (Coordinated Universal Time),Mon May 25 2026 03:36:37 GMT+0000 (Coordinated Universal Time),,,,,Hendersonville,US,,,,,,,,,mailchimp_pre_2026,2023-05-04 17:57:25,,,,,,
aaa317a1-73a9-4e58-9c5b-7b213ffcbbf2,,,lowellsonne@msn.com,,,a2466abbe33e498299c10fffc0a736bf,,,,,,,,true,"","",89e0b4f6-0dca-41e1-a652-9e86f7421d8a,Tue May 19 2026 06:35:50 GMT+0000 (Coordinated Universal Time),Mon May 25 2026 03:36:37 GMT+0000 (Coordinated Universal Time),,,,,Las,US,,,,,,,,,mailchimp_pre_2026,2023-05-04 17:57:52,,,,,,
4fec4870-95f4-4ca9-b65f-da72ed7e376f,,,rick@beahmandson.com,,,22c54e1ea1674c129ba4de969c30e13e,https://beahmandson.com,,,,,,,true,"","",89e0b4f6-0dca-41e1-a652-9e86f7421d8a,Tue May 19 2026 06:35:50 GMT+0000 (Coordinated Universal Time),Mon May 25 2026 03:36:37 GMT+0000 (Coordinated Universal Time),,,,,,,,,,,,,,,mailchimp_pre_2026,2025-07-26 02:36:41,,,,,,
af390697-c346-43f1-9d61-8c0dfb72b75c,,,coendebra59@gmail.com,,,f31c55c007014551966d0e30b6394606,,,,,,,,true,"","",89e0b4f6-0dca-41e1-a652-9e86f7421d8a,Tue May 19 2026 06:35:50 GMT+0000 (Coordinated Universal Time),Mon May 25 2026 03:36:37 GMT+0000 (Coordinated Universal Time),,,,,,,,,,,,,,,mailchimp_pre_2026,2023-05-04 17:57:27,,,,,,
75556420-2dfe-4f8f-9f81-3e7d0aeefdc1,,,6sheppards@gmail.com,,,8d2b3ffe81214fe495431d8ac5b91f1d,,,,,,,,true,"","",89e0b4f6-0dca-41e1-a652-9e86f7421d8a,Tue May 19 2026 06:35:50 GMT+0000 (Coordinated Universal Time),Mon May 25 2026 03:36:38 GMT+0000 (Coordinated Universal Time),,,,,Grand,US,,,,,,,,,mailchimp_pre_2026,2023-05-04 17:57:47,,,,,,
903488f1-b4e5-4edd-a1c8-1bc1f3afdfd8,,,Bobgoodyear@icloud.com,,,aa408d111fd1455e80a0ed333d4e0457,,,,,,,,true,"","",89e0b4f6-0dca-41e1-a652-9e86f7421d8a,Tue May 19 2026 06:35:50 GMT+0000 (Coordinated Universal Time),Mon May 25 2026 03:36:38 GMT+0000 (Coordinated Universal Time),,,,,LA,,,,,,,,,,mailchimp_pre_2026,2020-09-10 12:17:12,,,,,,
e5868d70-57d7-48be-aeec-91214f05f754,,,larrypjacobs121951@gmail.com,,,b47bd3fd9d7745f8ab3aa92dbd23db3f,,,,,,,,true,"","",89e0b4f6-0dca-41e1-a652-9e86f7421d8a,Tue May 19 2026 06:35:50 GMT+0000 (Coordinated Universal Time),Mon May 25 2026 03:36:38 GMT+0000 (Coordinated Universal Time),,,,,Fayetteville,US,,,,,,,,,mailchimp_pre_2026,2023-05-04 17:57:48,,,,,,
592bac44-eb07-444b-a28d-7a8e3e61b98d,,,ewilson@humatics.com,,,5c32fc65ff6a4c538763bb876b822d56,https://humatics.com,,,,https://www.linkedin.com/company/humatics,,,true,"","",89e0b4f6-0dca-41e1-a652-9e86f7421d8a,Tue May 19 2026 06:35:50 GMT+0000 (Coordinated Universal Time),Mon May 25 2026 03:36:38 GMT+0000 (Coordinated Universal Time),,,,,Pittsburgh,US,Positioning & Location Technology / Industrial Automation,51-200,"Humatics develops ultra-wideband (UWB) based precision positioning and location systems for industrial automation, transit, and robotics applications, enabling centimeter-level accuracy in complex environments.",,,,,,mailchimp_pre_2026,2023-05-04 17:57:51,,,,,,
7a9abcd4-a600-493f-8aeb-3967a326e4b8,,,audrabelitsky@gmail.com,,,698fbab4a7ec4c4e9271dde775be13b8,,,,,,,,true,"","",89e0b4f6-0dca-41e1-a652-9e86f7421d8a,Tue May 19 2026 06:35:50 GMT+0000 (Coordinated Universal Time),Mon May 25 2026 03:36:38 GMT+0000 (Coordinated Universal Time),,,,,,,,,,,,,,,mailchimp_pre_2026,2019-05-17 11:32:33,,,,,,
49663a66-cb79-434c-9680-73456dfd4bb5,,,fgiancola1953@gmail.com,,,fb5c79d9d19741179d9ee1c006d38f88,,,,,,,,true,"","",89e0b4f6-0dca-41e1-a652-9e86f7421d8a,Tue May 19 2026 06:35:50 GMT+0000 (Coordinated Universal Time),Mon May 25 2026 03:36:38 GMT+0000 (Coordinated Universal Time),,,,,NJ,,,,,,,,,,mailchimp_pre_2026,2021-03-01 23:45:04,,,,,,
79b2c137-47ea-486d-aa89-33304e7f911f,,,sandralopezhbl@gmail.com,,,3892f77e9e1642859f376726fea16f6d,,,,,,,,true,"","",89e0b4f6-0dca-41e1-a652-9e86f7421d8a,Tue May 19 2026 06:35:50 GMT+0000 (Coordinated Universal Time),Mon May 25 2026 03:36:38 GMT+0000 (Coordinated Universal Time),,,,,,,,,,,,,,,mailchimp_pre_2026,2023-05-04 17:57:45,,,,,,
4ff9b6d5-8a63-44eb-ac01-2e482810cc6f,,,paul52@pacbell.net,,,0f1853b0834849e4990b29c5484c06f6,,,,,,,,true,"","",89e0b4f6-0dca-41e1-a652-9e86f7421d8a,Tue May 19 2026 06:35:50 GMT+0000 (Coordinated Universal Time),Mon May 25 2026 03:36:38 GMT+0000 (Coordinated Universal Time),,,,,CA,,,,,,,,,,mailchimp_pre_2026,2021-01-18 08:40:48,,,,,,
9a3e552a-2635-4f6c-a41b-fd9a714eb664,,,hammerbuilt1969@yahoo.com,,,e1ccbf8b90c84e69b6e86a6ef9a53649,,,,,,,,true,"","",89e0b4f6-0dca-41e1-a652-9e86f7421d8a,Tue May 19 2026 06:35:50 GMT+0000 (Coordinated Universal Time),Mon May 25 2026 03:36:38 GMT+0000 (Coordinated Universal Time),,,,,,,,,,,,,,,mailchimp_pre_2026,2023-05-04 17:57:29,,,,,,
dc5ac2d0-cfb2-447d-a7ba-ddb2fd025c90,,,danehaus@comcsst.net,,,38ae760ba0e74c4f8a84422bee30c0b2,,,,,,,,true,"","",89e0b4f6-0dca-41e1-a652-9e86f7421d8a,Tue May 19 2026 06:35:50 GMT+0000 (Coordinated Universal Time),Mon May 25 2026 03:36:38 GMT+0000 (Coordinated Universal Time),,,,,MA,,,,,,,,,,mailchimp_pre_2026,2019-11-12 21:15:17,,,,,,
83142017-d25d-452b-963d-4aa59b2c53f4,,,alisonrbaumann@gmail.com,,,0f2e8479c7cd4e0a91c3a9f88138f2b1,,,,,,,,true,"","",89e0b4f6-0dca-41e1-a652-9e86f7421d8a,Tue May 19 2026 06:35:50 GMT+0000 (Coordinated Universal Time),Mon May 25 2026 03:36:38 GMT+0000 (Coordinated Universal Time),,,,,Charlottesville,US,,,,,,,,,mailchimp_pre_2026,2023-05-04 17:57:39,,,,,,
0e80b0f4-b577-4255-811f-ebbd55916cf6,,,kodyh@kelticdevelopment.com,,,c8ba4f4d44a1493785152407c48feb75,,,,,,,,true,"","",89e0b4f6-0dca-41e1-a652-9e86f7421d8a,Tue May 19 2026 06:35:50 GMT+0000 (Coordinated Universal Time),Mon May 25 2026 03:36:39 GMT+0000 (Coordinated Universal Time),,,,,,,,,,,,,,,mailchimp_pre_2026,2025-07-26 02:36:40,,,,,,
1bf8b0ad-0424-4552-b81f-2d70ddd83a29,,,lawofficespersky@aol.com,,,cb2a6e84481b44c3adcc77702f512535,,,,,,,,true,"","",89e0b4f6-0dca-41e1-a652-9e86f7421d8a,Tue May 19 2026 06:35:50 GMT+0000 (Coordinated Universal Time),Mon May 25 2026 03:36:39 GMT+0000 (Coordinated Universal Time),,,,,,,,,,,,,,,mailchimp_pre_2026,2019-05-17 11:32:41,,,,,,
ac5c1309-a1da-4c46-8314-70ce26a74e82,,,ildefonsomondragon@gmail.com,,,1d85f6ddd12c4d69800495072846fd2b,,,,,,,,true,"","",89e0b4f6-0dca-41e1-a652-9e86f7421d8a,Tue May 19 2026 06:35:50 GMT+0000 (Coordinated Universal Time),Mon May 25 2026 03:36:39 GMT+0000 (Coordinated Universal Time),,,,,OR,,,,,,,,,,mailchimp_pre_2026,2021-01-17 11:07:37,,,,,,
59e6cde1-05f3-493c-b4eb-0ffdf9c8a813,,,Olympiapoulsen@yahoo.com,,,a952b50a6edf42eea0c017c85a46f830,,,,,,,,true,"","",89e0b4f6-0dca-41e1-a652-9e86f7421d8a,Tue May 19 2026 06:35:50 GMT+0000 (Coordinated Universal Time),Mon May 25 2026 03:36:39 GMT+0000 (Coordinated Universal Time),,,,,ga,,,,,,,,,,mailchimp_pre_2026,2019-04-27 17:03:23,,,,,,
4809b9da-b393-49ce-a041-8c5d822fb528,,,baileysef1995@qeo.dogle.info,,,f47f2a85f8d54a5e97e1fdbeaa86c13d,,,,,,,,true,"","",89e0b4f6-0dca-41e1-a652-9e86f7421d8a,Tue May 19 2026 06:35:50 GMT+0000 (Coordinated Universal Time),Mon May 25 2026 03:36:39 GMT+0000 (Coordinated Universal Time),,,,,,,,,,,,,,,mailchimp_pre_2026,2023-05-04 17:57:33,,,,,,
ddc4edf3-f6fd-431c-bb21-93e0629ec405,,,jdye321@gmail.com,,,6e459806522b4c59832274db855803b2,,,,,,,,true,"","",89e0b4f6-0dca-41e1-a652-9e86f7421d8a,Tue May 19 2026 06:35:50 GMT+0000 (Coordinated Universal Time),Mon May 25 2026 03:36:39 GMT+0000 (Coordinated Universal Time),,,,,Phoenix,US,,,,,,,,,mailchimp_pre_2026,2023-05-04 17:57:50,,,,,,
95db331f-bd0d-44de-8e8e-d17d3e558002,,,qhluver@msn.com,,,138ec033ad4c44dd995bc89d59fb6d79,,,,,,,,true,"","",89e0b4f6-0dca-41e1-a652-9e86f7421d8a,Tue May 19 2026 06:35:50 GMT+0000 (Coordinated Universal Time),Mon May 25 2026 03:36:39 GMT+0000 (Coordinated Universal Time),,,,,Ontario,US,,,,,,,,,mailchimp_pre_2026,2023-05-04 17:57:50,,,,,,
18f88e3f-84ff-457e-a8c7-eeca2c7bac73,,,lanztile@gmail.com,,,ce1e2f7b2068433494a2fdb04d2953a8,,,,,,,,true,"","",89e0b4f6-0dca-41e1-a652-9e86f7421d8a,Tue May 19 2026 06:35:50 GMT+0000 (Coordinated Universal Time),Mon May 25 2026 03:36:39 GMT+0000 (Coordinated Universal Time),,,,,NY,,,,,,,,,,mailchimp_pre_2026,2020-10-14 07:29:26,,,,,,
f5ed4404-ad60-4ed1-a4a3-2e0530b3c61b,,,shawn.mcdairmant@gmail.com,,,c8ea75bb67ca4b0b81631df9cfa9d100,,,,,,,,true,"","",89e0b4f6-0dca-41e1-a652-9e86f7421d8a,Tue May 19 2026 06:35:50 GMT+0000 (Coordinated Universal Time),Mon May 25 2026 03:36:39 GMT+0000 (Coordinated Universal Time),,,,,MD,,,,,,,,,,mailchimp_pre_2026,2021-05-01 13:23:37,,,,,,
6be1a816-6d21-40cd-85a1-9221de24c5fc,,,kathytuck@gmail.com,,,31f7411d70c64f49a91a6ed9db1cdf03,,,,,,,,true,"","",89e0b4f6-0dca-41e1-a652-9e86f7421d8a,Tue May 19 2026 06:35:50 GMT+0000 (Coordinated Universal Time),Mon May 25 2026 03:36:39 GMT+0000 (Coordinated Universal Time),,,,,,,,,,,,,,,mailchimp_pre_2026,2023-05-04 17:57:29,,,,,,
47ce76a7-2954-4d4e-8a8c-1eda3ec65e3d,,,b-longnecker@hotmail.com,,,8185d7c87723460da345fa49ef4755c1,,,,,,,,true,"","",89e0b4f6-0dca-41e1-a652-9e86f7421d8a,Tue May 19 2026 06:35:50 GMT+0000 (Coordinated Universal Time),Mon May 25 2026 03:36:39 GMT+0000 (Coordinated Universal Time),,,,,Arlington,US,,,,,,,,,mailchimp_pre_2026,2023-05-04 17:57:31,,,,,,
158e4427-97e6-4b12-a984-3bc9cc0ba461,,,rpschulte52@msn.com,,,5776ca2734d346e3b502db76fbb4ad3f,,,,,,,,true,"","",89e0b4f6-0dca-41e1-a652-9e86f7421d8a,Tue May 19 2026 06:35:50 GMT+0000 (Coordinated Universal Time),Mon May 25 2026 03:36:39 GMT+0000 (Coordinated Universal Time),,,,,,,,,,,,,,,mailchimp_pre_2026,2023-05-04 17:57:28,,,,,,
07280add-6244-46ec-a682-e40ca10e05d2,,,esteele@easconsultinggroup.com,,,0291e99dd1e941d4803816d70fbea551,,,,,,,,true,"","",89e0b4f6-0dca-41e1-a652-9e86f7421d8a,Tue May 19 2026 06:35:50 GMT+0000 (Coordinated Universal Time),Mon May 25 2026 03:36:39 GMT+0000 (Coordinated Universal Time),,,,,,,,,,,,,,,mailchimp_pre_2026,2018-02-06 13:57:34,,,,,,
919914b4-ddc8-492b-892d-09ad47d0b2c9,,,lifeasasporstmom@gmail.com,,,608de6718dc8473cab3e23d94d71b7f5,,,,,,,,true,"","",89e0b4f6-0dca-41e1-a652-9e86f7421d8a,Tue May 19 2026 06:35:50 GMT+0000 (Coordinated Universal Time),Mon May 25 2026 03:36:40 GMT+0000 (Coordinated Universal Time),,,,,,,,,,,,,,,mailchimp_pre_2026,2019-05-17 13:22:12,,,,,,
dd51317d-a6e7-4fbc-8f7a-4de7b92a5b17,,,davidruetsche@gmail.com,,,ea287b7666d740f7bd6ec5b86640f730,,,,,,,,true,"","",89e0b4f6-0dca-41e1-a652-9e86f7421d8a,Tue May 19 2026 06:35:50 GMT+0000 (Coordinated Universal Time),Mon May 25 2026 03:36:40 GMT+0000 (Coordinated Universal Time),,,,,,,,,,,,,,,mailchimp_pre_2026,2023-05-04 17:57:31,,,,,,
1a59a0bc-cbb3-40a1-ad18-b0bf8d03ea91,,,john.bransby@hotmail.co.uk,,,2890effc10064f75a05854f6ead02acd,,,,,,,,true,"","",89e0b4f6-0dca-41e1-a652-9e86f7421d8a,Tue May 19 2026 06:35:50 GMT+0000 (Coordinated Universal Time),Mon May 25 2026 03:36:40 GMT+0000 (Coordinated Universal Time),,,,,Kaiwaka,NZ,,,,,,,,,mailchimp_pre_2026,2023-05-04 17:57:50,,,,,,
adea0b53-7996-4e58-80b7-28964cf7e2ed,,,ajphoto160@msn.com,,,39289cb95c564b22bb001eaf5414da23,,,,,,,,true,"","",89e0b4f6-0dca-41e1-a652-9e86f7421d8a,Tue May 19 2026 06:35:50 GMT+0000 (Coordinated Universal Time),Mon May 25 2026 03:36:40 GMT+0000 (Coordinated Universal Time),,,,,Cloquet,US,,,,,,,,,mailchimp_pre_2026,2023-05-04 17:57:52,,,,,,
a9c0c8d7-04b1-4063-bbfe-e36f8a1d4f94,,,amnewman803@gmail.com,,,76113c3448ef4e619346769973958faa,,,,,,,,true,"","",89e0b4f6-0dca-41e1-a652-9e86f7421d8a,Tue May 19 2026 06:35:50 GMT+0000 (Coordinated Universal Time),Mon May 25 2026 03:36:40 GMT+0000 (Coordinated Universal Time),,,,,SC,,,,,,,,,,mailchimp_pre_2026,2021-02-23 14:43:27,,,,,,
c5c496f2-9138-4f67-a758-8e7af8e2116f,,,rminard1@aol.com,,,73c76c23fe6d4194993c1e81341d4f2b,,,,,,,,true,"","",89e0b4f6-0dca-41e1-a652-9e86f7421d8a,Tue May 19 2026 06:35:50 GMT+0000 (Coordinated Universal Time),Mon May 25 2026 03:36:40 GMT+0000 (Coordinated Universal Time),,,,,PA,,,,,,,,,,mailchimp_pre_2026,2020-09-08 15:52:21,,,,,,
43e183e0-3380-40c3-86e7-97b3671741aa,,,dmshomo@gmail.com,,,12c2ade43a6a4dfd9dfc3e983563d6e6,,,,,,,,true,"","",89e0b4f6-0dca-41e1-a652-9e86f7421d8a,Tue May 19 2026 06:35:50 GMT+0000 (Coordinated Universal Time),Mon May 25 2026 03:36:40 GMT+0000 (Coordinated Universal Time),,,,,IL,,,,,,,,,,mailchimp_pre_2026,2020-05-19 22:02:08,,,,,,
fbebb0ba-e5c9-4ace-af8c-2b655187f25e,,,chesney_chris@hotmail.com,,,46c81bafc1dc4d6f907882de49ce1bea,,,,,,,,true,"","",89e0b4f6-0dca-41e1-a652-9e86f7421d8a,Tue May 19 2026 06:35:50 GMT+0000 (Coordinated Universal Time),Mon May 25 2026 03:36:40 GMT+0000 (Coordinated Universal Time),,,,,,,,,,,,,,,mailchimp_pre_2026,2023-05-04 17:57:34,,,,,,
636af4d0-ecb0-4021-9997-34119de7a324,,,hauzsmart@yandex.ru,,,623d8ddb49cd433c90797c9496f153ce,,,,,,,,true,"","",89e0b4f6-0dca-41e1-a652-9e86f7421d8a,Tue May 19 2026 06:35:50 GMT+0000 (Coordinated Universal Time),Mon May 25 2026 03:36:40 GMT+0000 (Coordinated Universal Time),,,,,Pyatigorsk,RU,,,,,,,,,mailchimp_pre_2026,2023-05-04 17:57:45,,,,,,
e73eb492-bb44-4c06-b08e-397852b9b89b,,,natalie@socialgrowthengine.com,,,cb2570e92ade45d09a06a7db52e18889,,,,,,,,true,"","",89e0b4f6-0dca-41e1-a652-9e86f7421d8a,Tue May 19 2026 06:35:50 GMT+0000 (Coordinated Universal Time),Mon May 25 2026 03:36:40 GMT+0000 (Coordinated Universal Time),,,,,Malvern,US,,,,,,,,,mailchimp_pre_2026,2023-05-04 17:57:38,,,,,,
3c12e15e-ce5a-4e14-a539-85aa5a097f3e,,,Cmell001988@gmail.com,,,16020a2342e244bc882603d38d8aac51,,,,,,,,true,"","",89e0b4f6-0dca-41e1-a652-9e86f7421d8a,Tue May 19 2026 06:35:50 GMT+0000 (Coordinated Universal Time),Mon May 25 2026 03:36:40 GMT+0000 (Coordinated Universal Time),,,,,NY,,,,,,,,,,mailchimp_pre_2026,2021-02-01 07:22:30,,,,,,
3eb1ec49-fa5e-4ecf-b6ea-863cb6183074,,,bz4me@sbcglobal.net,,,1a63146a6aff472fa68eede2d54e17fe,,,,,,,,true,"","",89e0b4f6-0dca-41e1-a652-9e86f7421d8a,Tue May 19 2026 06:35:50 GMT+0000 (Coordinated Universal Time),Mon May 25 2026 03:36:41 GMT+0000 (Coordinated Universal Time),,,,,,,,,,,,,,,mailchimp_pre_2026,2023-05-04 17:57:48,,,,,,
a2bcfcf9-4a85-4db1-8d38-232c8fe9c66a,,,aprilchelle1137@gmail.com,,,10ce0a2a74e14c94aae0aac837848f12,,,,,,,,true,"","",89e0b4f6-0dca-41e1-a652-9e86f7421d8a,Tue May 19 2026 06:35:50 GMT+0000 (Coordinated Universal Time),Mon May 25 2026 03:36:41 GMT+0000 (Coordinated Universal Time),,,,,Georgia,,,,,,,,,,mailchimp_pre_2026,2023-05-04 17:57:49,,,,,,
f39553bc-66e1-46a6-b0f2-c05c95148e12,,,shawniniraq2006@yahoo.com,,,5e4fdd9c75d64e90aeb995aa4e23d4fb,,,,,,,,true,"","",89e0b4f6-0dca-41e1-a652-9e86f7421d8a,Tue May 19 2026 06:35:50 GMT+0000 (Coordinated Universal Time),Mon May 25 2026 03:36:41 GMT+0000 (Coordinated Universal Time),,,,,Chesterfield,US,,,,,,,,,mailchimp_pre_2026,2023-05-04 17:57:39,,,,,,
449eb08c-48b9-4188-aa6e-d632fcf51d0b,,,caroline@hayrunner.com,,,dc4849fa4fcc45bbb5c1f9b213701b04,,,,,,,,true,"","",89e0b4f6-0dca-41e1-a652-9e86f7421d8a,Tue May 19 2026 06:35:50 GMT+0000 (Coordinated Universal Time),Mon May 25 2026 03:36:41 GMT+0000 (Coordinated Universal Time),,,,,,,,,,,,,,,mailchimp_pre_2026,2023-05-04 17:57:26,,,,,,
e5585545-b9ad-475d-9890-6b61ce6b4692,,,mike2352827@yahoo.com,,,f2e593917c084907828ec819ac797caf,,,,,,,,true,"","",89e0b4f6-0dca-41e1-a652-9e86f7421d8a,Tue May 19 2026 06:35:50 GMT+0000 (Coordinated Universal Time),Mon May 25 2026 03:36:41 GMT+0000 (Coordinated Universal Time),,,,,,,,,,,,,,,mailchimp_pre_2026,2023-05-04 17:57:30,,,,,,
14b8247d-3877-41b7-8a43-b3bc0553e2bf,,,123completecarpentry@gmail.com,,,af02ee8cd75647a98d586102c8c63f74,,,,,,,,true,"","",89e0b4f6-0dca-41e1-a652-9e86f7421d8a,Tue May 19 2026 06:35:50 GMT+0000 (Coordinated Universal Time),Mon May 25 2026 03:36:41 GMT+0000 (Coordinated Universal Time),,,,,IL,,,,,,,,,,mailchimp_pre_2026,2020-10-04 02:00:23,,,,,,
bea72580-83a7-4d9d-9ed8-3a45a45b0261,,,bmcghie@live.com,,,fc831b9d22c647b7b4ce7ae4c0c31ed2,,,,,,,,true,"","",89e0b4f6-0dca-41e1-a652-9e86f7421d8a,Tue May 19 2026 06:35:50 GMT+0000 (Coordinated Universal Time),Mon May 25 2026 03:36:41 GMT+0000 (Coordinated Universal Time),,,,,Langley,CA,,,,,,,,,mailchimp_pre_2026,2023-05-04 17:57:52,,,,,,
ddd7395d-cfce-4a2c-9fd3-87263f2513f3,,,brdwatchr16@cox.net,,,c5efe5ebde0a4845852745d5ba93f420,,,,,,,,true,"","",89e0b4f6-0dca-41e1-a652-9e86f7421d8a,Tue May 19 2026 06:35:50 GMT+0000 (Coordinated Universal Time),Mon May 25 2026 03:36:41 GMT+0000 (Coordinated Universal Time),,,,,Poquoson,US,,,,,,,,,mailchimp_pre_2026,2023-05-04 17:57:47,,,,,,
1a451077-32c6-4c22-ad01-3dfd845ae1b4,,,r.nider@hotmail.com,,,586938683519476f86bd2c76197ed554,,,,,,,,true,"","",89e0b4f6-0dca-41e1-a652-9e86f7421d8a,Tue May 19 2026 06:35:50 GMT+0000 (Coordinated Universal Time),Mon May 25 2026 03:36:41 GMT+0000 (Coordinated Universal Time),,,,,,,,,,,,,,,mailchimp_pre_2026,2023-05-04 17:57:38,,,,,,
034b1c89-1ab5-4560-abbd-38e35c926108,,,tismecarolyn@gmail.com,,,c44df4ca64b64b1a8313fd83840ffb6b,,,,,,,,true,"","",89e0b4f6-0dca-41e1-a652-9e86f7421d8a,Tue May 19 2026 06:35:50 GMT+0000 (Coordinated Universal Time),Mon May 25 2026 03:36:41 GMT+0000 (Coordinated Universal Time),,,,,CAN,,,,,,,,,,mailchimp_pre_2026,2020-08-02 13:37:42,,,,,,
9d238399-15a1-4a72-825f-f05b47395307,,,jenysfinlay@gmail.com,,,dfd7a993363a459fa18593920a83ce59,,,,,,,,true,"","",89e0b4f6-0dca-41e1-a652-9e86f7421d8a,Tue May 19 2026 06:35:50 GMT+0000 (Coordinated Universal Time),Mon May 25 2026 03:36:41 GMT+0000 (Coordinated Universal Time),,,,,,,,,,,,,,,mailchimp_pre_2026,2023-05-04 17:57:29,,,,,,
92fcce26-0d22-4b4f-85e5-96ceb3285499,,,redblockindustries.com@chrisjones.org.uk,,,191c60481c344e84b3c807c7aeb0235b,,,,,,,,true,"","",89e0b4f6-0dca-41e1-a652-9e86f7421d8a,Tue May 19 2026 06:35:50 GMT+0000 (Coordinated Universal Time),Mon May 25 2026 03:36:42 GMT+0000 (Coordinated Universal Time),,,,,London,GB,,,,,,,,,mailchimp_pre_2026,2023-05-04 17:57:49,,,,,,
1d944e69-436b-4c06-a4b1-ffd140b1feee,,,livestaffinghub@gmail.com,,,f7dee1ce6cb240bd9654a76a1440f50c,,,,,,,,true,"","",89e0b4f6-0dca-41e1-a652-9e86f7421d8a,Tue May 19 2026 06:35:50 GMT+0000 (Coordinated Universal Time),Mon May 25 2026 03:36:42 GMT+0000 (Coordinated Universal Time),,,,,,,,,,,,,,,mailchimp_pre_2026,2023-05-04 17:57:45,,,,,,
de48f7ca-fdfb-450e-a7ae-ae01b23d30f9,,,ell34esp@yahoo.com,,,45a07c7e808f4a79b9303281d9b07bd8,,,,,,,,true,"","",89e0b4f6-0dca-41e1-a652-9e86f7421d8a,Tue May 19 2026 06:35:50 GMT+0000 (Coordinated Universal Time),Mon May 25 2026 03:36:36 GMT+0000 (Coordinated Universal Time),,,,,Fairfield,US,,,,,,,,,mailchimp_pre_2026,2023-05-04 17:57:46,,,,,,
72c49af7-98fb-4bd8-a8cd-7a341e7d6db7,,,amanizua@gmail.com,,,d6c6de5942d0408c8027b170ca43286e,,,,,,,,true,"","",89e0b4f6-0dca-41e1-a652-9e86f7421d8a,Tue May 19 2026 06:35:50 GMT+0000 (Coordinated Universal Time),Mon May 25 2026 03:36:36 GMT+0000 (Coordinated Universal Time),,,,,,,,,,,,,,,mailchimp_pre_2026,2023-05-04 17:57:35,,,,,,
c16173a9-9bd4-47b4-808b-a560685d10b9,,,oldno7bike@gmail.com,,,a49468e71f35414b932a1cc700ce3294,,,,,,,,true,"","",89e0b4f6-0dca-41e1-a652-9e86f7421d8a,Tue May 19 2026 06:35:50 GMT+0000 (Coordinated Universal Time),Mon May 25 2026 03:36:42 GMT+0000 (Coordinated Universal Time),,,,,Morrison,US,,,,,,,,,mailchimp_pre_2026,2023-05-04 17:57:46,,,,,,
58cf2f1b-5a19-42bf-8fd3-1156defc04b0,,,lwbarger@gmail.com,,,1119a5ed6cf44a7fb3ff1e9e4cb9a5a8,,,,,,,,true,"","",89e0b4f6-0dca-41e1-a652-9e86f7421d8a,Tue May 19 2026 06:35:50 GMT+0000 (Coordinated Universal Time),Mon May 25 2026 03:36:42 GMT+0000 (Coordinated Universal Time),,,,,,,,,,,,,,,mailchimp_pre_2026,2023-05-04 17:57:31,,,,,,
1e5aff26-a3a4-4cc8-8841-3699000152c7,,,vermillion801@yahoo.com,,,f7351bad2cf84041b19035dc47ca5fdf,,,,,,,,true,"","",89e0b4f6-0dca-41e1-a652-9e86f7421d8a,Tue May 19 2026 06:35:50 GMT+0000 (Coordinated Universal Time),Mon May 25 2026 03:36:42 GMT+0000 (Coordinated Universal Time),,,,,Charles,US,,,,,,,,,mailchimp_pre_2026,2023-05-04 17:57:44,,,,,,
ec44f576-ad9c-4f2f-9347-3ceb379cbcfe,,,tomwhite815027@gmail.com,,,e320a202c0d846bf8e8a48c6c47c1d99,,,,,,,,true,"","",89e0b4f6-0dca-41e1-a652-9e86f7421d8a,Tue May 19 2026 06:35:50 GMT+0000 (Coordinated Universal Time),Mon May 25 2026 03:36:42 GMT+0000 (Coordinated Universal Time),,,,,,,,,,,,,,,mailchimp_pre_2026,2021-02-06 17:09:32,,,,,,
d80f3c1b-8795-457b-a474-9f4a426b1bfa,,,1taylorrick@gmail.com,,,73a69683cf3844acb8cbadff990ee795,,,,,,,,true,"","",89e0b4f6-0dca-41e1-a652-9e86f7421d8a,Tue May 19 2026 06:35:50 GMT+0000 (Coordinated Universal Time),Mon May 25 2026 03:36:42 GMT+0000 (Coordinated Universal Time),,,,,,,,,,,,,,,mailchimp_pre_2026,2023-05-04 17:57:38,,,,,,
d382254f-3572-4126-bddf-1a5f549c2dba,,,vsp775@aol.com,,,37afaf61c7314afeae01417433f3c052,,,,,,,,true,"","",89e0b4f6-0dca-41e1-a652-9e86f7421d8a,Tue May 19 2026 06:35:50 GMT+0000 (Coordinated Universal Time),Mon May 25 2026 03:36:42 GMT+0000 (Coordinated Universal Time),,,,,Jersey,US,,,,,,,,,mailchimp_pre_2026,2023-05-04 17:57:30,,,,,,
662d0bd2-b9be-4437-9590-e4949ae85795,,,zfenner@comcast.net,,,d3bf0a894677430795397e2827bab3d4,,,,,,,,true,"","",89e0b4f6-0dca-41e1-a652-9e86f7421d8a,Tue May 19 2026 06:35:50 GMT+0000 (Coordinated Universal Time),Mon May 25 2026 03:36:42 GMT+0000 (Coordinated Universal Time),,,,,Saint,US,,,,,,,,,mailchimp_pre_2026,2023-05-04 17:57:40,,,,,,
a5f8a10c-da52-458d-9752-cca7d209407e,,,terry.rolla@gmail.com,,,c531e11be780425ba6dcf4845289554f,,,,,,,,true,"","",89e0b4f6-0dca-41e1-a652-9e86f7421d8a,Tue May 19 2026 06:35:50 GMT+0000 (Coordinated Universal Time),Mon May 25 2026 03:36:42 GMT+0000 (Coordinated Universal Time),,,,,Greensburg,US,,,,,,,,,mailchimp_pre_2026,2023-05-04 17:57:39,,,,,,
7ce5b0c6-a5e8-4aaa-b5eb-a8c2684a8eef,,,dboggs@bellsouth.net,,,12a55f1aee7b48a0b503a26e3a03a1ec,,,,,,,,true,"","",89e0b4f6-0dca-41e1-a652-9e86f7421d8a,Tue May 19 2026 06:35:50 GMT+0000 (Coordinated Universal Time),Mon May 25 2026 03:36:42 GMT+0000 (Coordinated Universal Time),,,,,Orange,US,,,,,,,,,mailchimp_pre_2026,2023-05-04 17:57:51,,,,,,
93efe44e-06fb-4fca-b6fc-19a87a6135fa,,,mag@course-fitness.com,,,6801ebc3ab944c27a10e3ee2164ef07b,,,,,,,,true,"","",89e0b4f6-0dca-41e1-a652-9e86f7421d8a,Tue May 19 2026 06:35:50 GMT+0000 (Coordinated Universal Time),Mon May 25 2026 03:36:42 GMT+0000 (Coordinated Universal Time),,,,,,,,,,,,,,,mailchimp_pre_2026,2023-05-04 17:57:46,,,,,,
ec969cc9-9608-48db-9003-a09768a5c810,,,jpr22@cox.net,,,0def267854784ce3bf821d17bbbbeb0c,,,,,,,,true,"","",89e0b4f6-0dca-41e1-a652-9e86f7421d8a,Tue May 19 2026 06:35:50 GMT+0000 (Coordinated Universal Time),Mon May 25 2026 03:36:42 GMT+0000 (Coordinated Universal Time),,,,,San,US,,,,,,,,,mailchimp_pre_2026,2023-05-04 17:57:46,,,,,,
ba476c29-6748-4d40-83fc-bfe6a2927fab,,,jkshelley6@gmail.com,,,a1bb934b239e42e5ae36f30875cc29de,,,,,,,,true,"","",89e0b4f6-0dca-41e1-a652-9e86f7421d8a,Tue May 19 2026 06:35:50 GMT+0000 (Coordinated Universal Time),Mon May 25 2026 03:36:42 GMT+0000 (Coordinated Universal Time),,,,,,,,,,,,,,,mailchimp_pre_2026,2023-05-04 17:57:34,,,,,,
64dd8476-5b08-4079-9693-3f6135aec9d7,,,cbrabec@mchsi.com,,,4537267a64bf465ab13823a5bd915c06,,,,,,,,true,"","",89e0b4f6-0dca-41e1-a652-9e86f7421d8a,Tue May 19 2026 06:35:50 GMT+0000 (Coordinated Universal Time),Mon May 25 2026 03:36:43 GMT+0000 (Coordinated Universal Time),,,,,,,,,,,,,,,mailchimp_pre_2026,2018-03-18 18:15:41,,,,,,
7f78df19-18f1-42f6-9393-1639c1225353,,,markobiznes@gmail.com,,,dca68b815d2844f197e373117bc180a6,,,,,,,,true,"","",89e0b4f6-0dca-41e1-a652-9e86f7421d8a,Tue May 19 2026 06:35:50 GMT+0000 (Coordinated Universal Time),Mon May 25 2026 03:36:43 GMT+0000 (Coordinated Universal Time),,,,,Oak,US,,,,,,,,,mailchimp_pre_2026,2023-05-04 17:57:44,,,,,,
fc2efdf7-260f-4599-b7d3-d2cb6a6216d0,,,megrdawson@gmail.com,,,6347681c50cb44d4aed621c0001db3b1,,,,,,,,true,"","",89e0b4f6-0dca-41e1-a652-9e86f7421d8a,Tue May 19 2026 06:35:50 GMT+0000 (Coordinated Universal Time),Mon May 25 2026 03:36:43 GMT+0000 (Coordinated Universal Time),,,,,Kent,US,,,,,,,,,mailchimp_pre_2026,2023-05-04 17:57:48,,,,,,
34d877ae-75fe-4e7b-8592-1402e91cd606,,,espib4@yahoo.com,,,03d38d2848534999ab6fa64144ebf797,,,,,,,,true,"","",89e0b4f6-0dca-41e1-a652-9e86f7421d8a,Tue May 19 2026 06:35:50 GMT+0000 (Coordinated Universal Time),Mon May 25 2026 03:36:43 GMT+0000 (Coordinated Universal Time),,,,,CA,,,,,,,,,,mailchimp_pre_2026,2020-10-26 13:56:31,,,,,,
60f30e7b-7ee2-4d93-b809-ad8e17b744d0,,,lussi.lbinterior@gmail.com,,,69bf4098d3494842bd4caf16db8fb5ea,,,,,,,,true,"","",89e0b4f6-0dca-41e1-a652-9e86f7421d8a,Tue May 19 2026 06:35:50 GMT+0000 (Coordinated Universal Time),Mon May 25 2026 03:36:43 GMT+0000 (Coordinated Universal Time),,,,,AZ,,,,,,,,,,mailchimp_pre_2026,2020-12-06 11:39:47,,,,,,
18a45173-7877-477f-b736-1f563b2ef403,,,jimryahockeyboy@gmail.com,,,3e79dcd5929f4e25b56e65c6874786ce,,,,,,,,true,"","",89e0b4f6-0dca-41e1-a652-9e86f7421d8a,Tue May 19 2026 06:35:50 GMT+0000 (Coordinated Universal Time),Mon May 25 2026 03:36:43 GMT+0000 (Coordinated Universal Time),,,,,,,,,,,,,,,mailchimp_pre_2026,2023-05-04 17:57:28,,,,,,
184b311c-200e-4f7f-8f25-f4ecd1d743c9,,,ediegrl@gmail.com,,,eaf859479dfa4db69277b3693ab1652d,,,,,,,,true,"","",89e0b4f6-0dca-41e1-a652-9e86f7421d8a,Tue May 19 2026 06:35:50 GMT+0000 (Coordinated Universal Time),Mon May 25 2026 03:36:43 GMT+0000 (Coordinated Universal Time),,,,,Santa,US,,,,,,,,,mailchimp_pre_2026,2023-05-04 17:57:51,,,,,,
a309854f-785b-4500-b862-f9f591429de3,,,marshallcolvin@yahoo.com,,,cf78a102c897463b9c179dcbe4473af5,,,,,,,,true,"","",89e0b4f6-0dca-41e1-a652-9e86f7421d8a,Tue May 19 2026 06:35:50 GMT+0000 (Coordinated Universal Time),Mon May 25 2026 03:36:43 GMT+0000 (Coordinated Universal Time),,,,,West,US,,,,,,,,,mailchimp_pre_2026,2023-05-04 17:57:49,,,,,,
14d86f0d-7b07-4296-ac0e-939beef0b5ef,,,aqeeleno@gmail.com,,,f8ab9b7fccc9497da7b0aa99137f4c84,,,,,,,,true,"","",89e0b4f6-0dca-41e1-a652-9e86f7421d8a,Tue May 19 2026 06:35:50 GMT+0000 (Coordinated Universal Time),Mon May 25 2026 03:36:43 GMT+0000 (Coordinated Universal Time),,,,,,,,,,,,,,,mailchimp_pre_2026,2025-07-26 02:36:41,,,,,,
14f1e6d2-170c-4556-99a9-94242ade546d,,,bjvassallo@gmail.com,,,dac8a2afdb834480b34c54e71f8d5996,,,,,,,,true,"","",89e0b4f6-0dca-41e1-a652-9e86f7421d8a,Tue May 19 2026 06:35:50 GMT+0000 (Coordinated Universal Time),Mon May 25 2026 03:36:43 GMT+0000 (Coordinated Universal Time),,,,,Port,CA,,,,,,,,,mailchimp_pre_2026,2023-05-04 17:57:38,,,,,,
fe613e81-bb9e-4347-b0e2-b0369dd03bb8,,,kmholck@live.com,,,b12a9c5eef17421db239ae648fd7d1cb,,,,,,,,true,"","",89e0b4f6-0dca-41e1-a652-9e86f7421d8a,Tue May 19 2026 06:35:50 GMT+0000 (Coordinated Universal Time),Mon May 25 2026 03:36:43 GMT+0000 (Coordinated Universal Time),,,,,Ankeny,US,,,,,,,,,mailchimp_pre_2026,2023-05-04 17:57:44,,,,,,
95b65f86-9f73-4401-9ed5-c3ceb217b648,,,jaminflausa@yahoo.com,,,aad743ef0187409fb5a07f3f4095c82a,,,,,,,,true,"","",89e0b4f6-0dca-41e1-a652-9e86f7421d8a,Tue May 19 2026 06:35:50 GMT+0000 (Coordinated Universal Time),Mon May 25 2026 03:36:43 GMT+0000 (Coordinated Universal Time),,,,,Wellington,US,,,,,,,,,mailchimp_pre_2026,2023-05-04 17:57:39,,,,,,
dc895135-90e9-4c02-91ad-99b2a777b5b5,,,cristenecolistra@gmail.com,,,73ddf27f35fe46d5bf8801c8e01fa0a4,,,,,,,,true,"","",89e0b4f6-0dca-41e1-a652-9e86f7421d8a,Tue May 19 2026 06:35:50 GMT+0000 (Coordinated Universal Time),Mon May 25 2026 03:36:43 GMT+0000 (Coordinated Universal Time),,,,,,,,,,,,,,,mailchimp_pre_2026,2023-05-04 17:57:37,,,,,,
547aa3d1-1b54-4a12-8493-482a72cdaedd,,,mintra.sadler@yahoo.co.uk,,,c991318c1684414e81149d2a07b4b1eb,,,,,,,,true,"","",89e0b4f6-0dca-41e1-a652-9e86f7421d8a,Tue May 19 2026 06:35:50 GMT+0000 (Coordinated Universal Time),Mon May 25 2026 03:36:43 GMT+0000 (Coordinated Universal Time),,,,,,,,,,,,,,,mailchimp_pre_2026,2023-05-04 17:57:34,,,,,,
b357ebc8-c8bd-4776-8d84-6748f997aec3,,,ks61608@gmail.com,,,ff81771c88024761956e18bac9c781bc,,,,,,,,true,"","",89e0b4f6-0dca-41e1-a652-9e86f7421d8a,Tue May 19 2026 06:35:50 GMT+0000 (Coordinated Universal Time),Mon May 25 2026 03:36:43 GMT+0000 (Coordinated Universal Time),,,,,Athens,US,,,,,,,,,mailchimp_pre_2026,2023-05-04 17:57:38,,,,,,
03514659-1f23-462a-a595-61bfc0945bb7,,,CNYMAN1120@GMAIL.COM,,,ff1b5926dd774ed988714f39cafd0976,,,,,,,,true,"","",89e0b4f6-0dca-41e1-a652-9e86f7421d8a,Tue May 19 2026 06:35:50 GMT+0000 (Coordinated Universal Time),Mon May 25 2026 03:36:43 GMT+0000 (Coordinated Universal Time),,,,,NC,,,,,,,,,,mailchimp_pre_2026,2020-12-28 20:42:07,,,,,,
fd6e9116-e3ee-49e4-ab98-3093e6c4b461,,,tonagr@hotmail.com,,,7a13e1743b1a4aa5a219bc3b69a0c42b,,,,,,,,true,"","",89e0b4f6-0dca-41e1-a652-9e86f7421d8a,Tue May 19 2026 06:35:50 GMT+0000 (Coordinated Universal Time),Mon May 25 2026 03:36:43 GMT+0000 (Coordinated Universal Time),,,,,Clifton,AU,,,,,,,,,mailchimp_pre_2026,2023-05-04 17:57:53,,,,,,
ae962603-9702-40db-a407-96fbd84e8354,,,kirkcasemore@gmail.com,,,225b74226a994148b579fbdcadfecf2d,,,,,,,,true,"","",89e0b4f6-0dca-41e1-a652-9e86f7421d8a,Tue May 19 2026 06:35:50 GMT+0000 (Coordinated Universal Time),Mon May 25 2026 03:36:43 GMT+0000 (Coordinated Universal Time),,,,,Prairieville,US,,,,,,,,,mailchimp_pre_2026,2023-05-04 17:57:37,,,,,,
0be8474e-9697-4fe4-88ab-a4bab5b02ec5,,,drollings@flintrockcommercial.com,,,063daf91023440cf9e883e619ad499ab,https://flintrockcommercial.com,,,,,,,true,"","",89e0b4f6-0dca-41e1-a652-9e86f7421d8a,Tue May 19 2026 06:35:50 GMT+0000 (Coordinated Universal Time),Mon May 25 2026 03:36:43 GMT+0000 (Coordinated Universal Time),,,,,Austin,US,Commercial Real Estate,,,,,,,,mailchimp_pre_2026,2023-05-04 17:57:32,,,,,,
352bb046-527f-4d18-88d2-970520e66a82,,,sthorssell@gmail.com,,,4a126bcc156542a793c08628f69d2f4b,,,,,,,,true,"","",89e0b4f6-0dca-41e1-a652-9e86f7421d8a,Tue May 19 2026 06:35:50 GMT+0000 (Coordinated Universal Time),Mon May 25 2026 03:36:43 GMT+0000 (Coordinated Universal Time),,,,,,,,,,,,,,,mailchimp_pre_2026,2023-05-04 17:57:36,,,,,,
72c1eb68-95ab-4d49-8385-ee1f8b565563,,,gaillcoolbaugh@hotmail.com,,,0e9f08a12b694f808009bb04bfbcce40,,,,,,,,true,"","",89e0b4f6-0dca-41e1-a652-9e86f7421d8a,Tue May 19 2026 06:35:50 GMT+0000 (Coordinated Universal Time),Mon May 25 2026 03:36:43 GMT+0000 (Coordinated Universal Time),,,,,FL,,,,,,,,,,mailchimp_pre_2026,2020-08-20 18:23:46,,,,,,
b7c8a3ba-cc7a-43ac-958b-f5a13deddfd1,,,valerie@MARCTNIELSENINTERIORS.COM,,,46d7cc93d505453b97d9586e9857b119,,,,,,,,true,"","",89e0b4f6-0dca-41e1-a652-9e86f7421d8a,Tue May 19 2026 06:35:50 GMT+0000 (Coordinated Universal Time),Mon May 25 2026 03:36:43 GMT+0000 (Coordinated Universal Time),,,,,IN,,,,,,,,,,mailchimp_pre_2026,2021-03-05 16:04:33,,,,,,
5ba76599-ca04-4285-9950-07214226d6b2,,,deb@debohagan.com,,,cd36023bf5c7484996b5b28514d1ad21,https://debohagan.com,,,,,,,true,"","",89e0b4f6-0dca-41e1-a652-9e86f7421d8a,Tue May 19 2026 06:35:50 GMT+0000 (Coordinated Universal Time),Mon May 25 2026 03:36:38 GMT+0000 (Coordinated Universal Time),,,,,Charleston,US,,,,,,,,,mailchimp_pre_2026,2023-05-04 17:57:50,,,,,,
e307db11-a956-4631-86a1-5d56ac96694a,,,perspectiveinteriorsltd@gmail.com,,,23fa9a84e69a41bea7d276542328e189,,,,,,,,true,"","",89e0b4f6-0dca-41e1-a652-9e86f7421d8a,Tue May 19 2026 06:35:50 GMT+0000 (Coordinated Universal Time),Mon May 25 2026 03:36:43 GMT+0000 (Coordinated Universal Time),,,,,,,Interior Design / Interiors,,,,,,,,mailchimp_pre_2026,2023-05-04 17:57:37,,,,,,
30294990-51a7-4ded-bb5d-e40214507ff9,,,irene.ochoa@aon.com,,,56ed269a694e4d6bb1b355b7102a7791,https://www.aon.com,,,https://twitter.com/Aon_plc,https://www.linkedin.com/company/aon,,,true,"","",89e0b4f6-0dca-41e1-a652-9e86f7421d8a,Tue May 19 2026 06:35:50 GMT+0000 (Coordinated Universal Time),Mon May 25 2026 03:36:43 GMT+0000 (Coordinated Universal Time),,,,+1 312-381-1000,"Dublin, Ireland (Global HQ); London, UK (operational HQ); Chicago, IL, USA (North America HQ)",,"Insurance & Professional Services (Risk, Reinsurance, Human Capital)","50,000+","Aon plc is a leading global professional services firm providing a broad range of risk, retirement, and health solutions. With approximately 50,000 employees across 120 countries, Aon delivers advice and solutions that give clients the clarity and confidence to make better decisions to protect and grow their business.",,,,,,mailchimp_pre_2026,2023-05-04 17:57:34,,,,,,
9006dd1e-e8a9-4b62-940d-a492e2ad091d,Stephen,Gehrmann,dave@redblockindustries.com,,,5706e387725f468fa37ef63572bd78ec,,,,,,,,true,"","",89e0b4f6-0dca-41e1-a652-9e86f7421d8a,Tue May 19 2026 06:35:50 GMT+0000 (Coordinated Universal Time),Sun Jun 07 2026 04:09:54 GMT+0000 (Coordinated Universal Time),89e0b4f6-0dca-41e1-a652-9e86f7421d8a,,,,Los Angeles,US,,,,cus_IkRO6hJPVcYd6c,2026-01-11T18:30:45.359Z,2026-01-18T00:08:07.401Z,SNIP-1013,3,stripe,2026-05-05T04:27:54.145916Z,,,false,,,
8670d3fd-b5b6-45f3-bc3e-0f44a33fe38a,Ashton,Johnson,acj0003@gmail.com,,,55bb502112ad4bc78d1340144f304889,,,,,,,,true,"","",89e0b4f6-0dca-41e1-a652-9e86f7421d8a,Tue May 19 2026 06:35:50 GMT+0000 (Coordinated Universal Time),Mon May 25 2026 03:36:21 GMT+0000 (Coordinated Universal Time),,,,,Huntsville,US,,,,cus_UMu7ESnQPE3ek6,2026-04-20T05:31:23.051Z,2026-04-20T05:31:23.051Z,REDB-2002,1,stripe,,,,false,,,
6e9bbd9d-c2fa-484e-91dd-8499d555b266,Charles,Darby,charles@threebeep.com,,,8b0184232de64f9a946a9912ad6d7e4b,,,,,,,,true,"","",89e0b4f6-0dca-41e1-a652-9e86f7421d8a,Tue May 19 2026 06:35:50 GMT+0000 (Coordinated Universal Time),Mon May 25 2026 03:36:21 GMT+0000 (Coordinated Universal Time),,,,,New York,US,,,,cus_UBncxmfqwU7aXO,2026-03-21T13:57:18.998Z,2026-03-21T13:57:18.998Z,REDB-2001,1,stripe,,,,false,,,
75eea07e-2108-47ad-a360-a2ea27506cbd,jonathan,gorman,jlouisgorman@gmail.com,,,db12dd2452324203aa77f5b3584d3f07,,,,,,,,true,"","",89e0b4f6-0dca-41e1-a652-9e86f7421d8a,Tue May 19 2026 06:35:50 GMT+0000 (Coordinated Universal Time),Mon May 25 2026 03:36:22 GMT+0000 (Coordinated Universal Time),,,,,Biddeford,US,,,,cus_U9KqgYkIaNe0jp,2026-03-15T00:05:50.761Z,2026-03-15T00:05:50.761Z,SNIP-1024,1,stripe,,,,false,,,
9141e4af-14b3-4309-b300-581f299a739a,Redblock,Ind LLP,steve@skg-renovations.com,,,f319420c9b6e4b87abfc685e5dc0653e,,,,,,,,true,"","",89e0b4f6-0dca-41e1-a652-9e86f7421d8a,Tue May 19 2026 06:35:50 GMT+0000 (Coordinated Universal Time),Mon May 25 2026 03:36:22 GMT+0000 (Coordinated Universal Time),,,,,Los Angeles,US,,,,cus_OMStKX3oiMl5tN,,,,,stripe-pre-2026,,,,,,,
2967a333-6793-4f84-a340-b6528b90e349,Sene,Ale,sene@archerspecialties.com,,,ce6f8c80db84463781c66037f44e73fd,,,,,,,,true,"","",89e0b4f6-0dca-41e1-a652-9e86f7421d8a,Tue May 19 2026 06:35:50 GMT+0000 (Coordinated Universal Time),Mon May 25 2026 03:36:22 GMT+0000 (Coordinated Universal Time),,,,,Addison,US,,,,cus_U8SOXODkAT3oCw,,,,,stripe,,,20,true,,,
09d208d5-2167-4f53-a09a-d6b23cbabcd7,David,Richmond,dcrichmond2@gmail.com,,,7deb8d22424c45869369c9bd1c73a1e0,,,,,,,,true,"","",89e0b4f6-0dca-41e1-a652-9e86f7421d8a,Tue May 19 2026 06:35:50 GMT+0000 (Coordinated Universal Time),Mon May 25 2026 03:36:22 GMT+0000 (Coordinated Universal Time),,,,,,,,,,cus_U8CTr2Uf9a4xC3,,,,,stripe,,false,20,,,,
53a1c8fc-923e-4d52-90ec-3d9e5bb09de9,Wayne,Miculka,waynemiculka@gmail.com,,,647d5134db894f74b712050bc1320442,,,,,,,,true,"","",89e0b4f6-0dca-41e1-a652-9e86f7421d8a,Tue May 19 2026 06:35:50 GMT+0000 (Coordinated Universal Time),Mon May 25 2026 03:36:22 GMT+0000 (Coordinated Universal Time),,,,,KINGSLAND,US,,,,"cus_Ng8riDrsjSBTqP,cus_PcmGuZsuhlqMon",,,,,stripe-pre-2026,2023-05-04 17:57:25,,,,,,
73c2faf4-da64-4832-b8d6-f2b300fb743a,Ellen,Gurganious,egurganious@bellsouth.net,,,328bfa3924d54220bb2db2834457e889,,,,,,,,true,"","",89e0b4f6-0dca-41e1-a652-9e86f7421d8a,Tue May 19 2026 06:35:50 GMT+0000 (Coordinated Universal Time),Mon May 25 2026 03:36:22 GMT+0000 (Coordinated Universal Time),,,,,WILMINGTON,US,,,,"cus_OTbAAJwwDlFiAc,cus_OTb6dynJCDkCRj,cus_OTbBathQ1fltCC,cus_PbZjhn9Rg8BxXp",,,,,stripe-pre-2026,,,,,,,
23b84087-3b51-4c5d-89d1-40436ffbf08e,Ian,MacFadyen,ianmacfadyen@gmail.com,,,f723d92a7bf248aa9209cd3eb978db5a,,,,,,,,true,"","",89e0b4f6-0dca-41e1-a652-9e86f7421d8a,Tue May 19 2026 06:35:50 GMT+0000 (Coordinated Universal Time),Mon May 25 2026 03:36:22 GMT+0000 (Coordinated Universal Time),,,,,Truckee,US,,,,"cus_OaC1eSMAJdEqVF,cus_OaBzM9HgHp31iz,cus_OaC1WyfAwunH5n",,,,,stripe-pre-2026,,,,,,,
24575fe9-956f-4b32-8763-469a13ebfa39,Chi,Tong,tongchihang@gmail.com,,,98d32ec4a390416695768ae6e6350d1e,,,,,,,,true,"","",89e0b4f6-0dca-41e1-a652-9e86f7421d8a,Tue May 19 2026 06:35:50 GMT+0000 (Coordinated Universal Time),Mon May 25 2026 03:36:22 GMT+0000 (Coordinated Universal Time),,,,,,,,,,"cus_OoWhZzA6GXtxWG,cus_OpMKXql2vgmRB5",,,,,stripe-pre-2026,,,,,,,
46d30147-853a-474d-8d4f-ce090b56ebf6,WILLIAM,BEER,billynbeer@yahoo.com,,,6cb3bb71d1dc43658f79939ca9ac0598,,,,,,,,true,"","",89e0b4f6-0dca-41e1-a652-9e86f7421d8a,Tue May 19 2026 06:35:50 GMT+0000 (Coordinated Universal Time),Mon May 25 2026 03:36:22 GMT+0000 (Coordinated Universal Time),,,,,MASON,US,,,,"cus_Iz3Yn3PlEtY7JG,cus_Kf5OTPZvjOl2O2",,,,,stripe-pre-2026,,,,,,,
afafbdd9-dfd5-4acc-9cd7-931dfbd2615c,Kaihua,Chen,chen_life@live.cn,,,234ce1a998d5441a8fb6562d100d173d,,,,,,,,true,"","",89e0b4f6-0dca-41e1-a652-9e86f7421d8a,Tue May 19 2026 06:35:50 GMT+0000 (Coordinated Universal Time),Mon May 25 2026 03:36:22 GMT+0000 (Coordinated Universal Time),,,,,Short Hills,US,,,,cus_L4LMyAKeTdihdW,,,,,stripe-pre-2026,2023-05-04 17:57:38,,,,,,
1f419d26-611d-449b-b88d-e4b0d13a3823,Bonnie,Johnson,bjohnson@robsonforensic.com,,,cbf55abb5fd34f30b7c62d07895270a2,,,,,,,,true,"","",89e0b4f6-0dca-41e1-a652-9e86f7421d8a,Tue May 19 2026 06:35:50 GMT+0000 (Coordinated Universal Time),Mon May 25 2026 03:36:22 GMT+0000 (Coordinated Universal Time),,,,,Landisville,US,,,,"cus_NoIlQsxvt3oa7N,cus_NzpGq47NZxtKnX",,,,,stripe-pre-2026,,,,,,,
00b3e5d3-30aa-4169-8680-131370f5dc58,Belinda,Wright,bwright@iop-inc.com,,,4c912cb2ca754aba9588d96b335a522a,,,,,,,,true,"","",89e0b4f6-0dca-41e1-a652-9e86f7421d8a,Tue May 19 2026 06:35:50 GMT+0000 (Coordinated Universal Time),Mon May 25 2026 03:36:22 GMT+0000 (Coordinated Universal Time),,,,,Nashville,US,,,,"cus_OhKzisJZxcMjYU,cus_OhL1YavTkjyuMl,cus_OhKyjfT4NCxBhL,cus_OhKvPNq7s8OOAU,cus_OhL10hzW4vscUU",,,,,stripe-pre-2026,,,,,,,
6e61c5d0-5527-4256-ab36-e51bdb1fe7e2,,,who99@aol.com,,,2a9e32d10bea446ca543a274bb574ef2,,,,,,,,true,"","",89e0b4f6-0dca-41e1-a652-9e86f7421d8a,Tue May 19 2026 06:35:50 GMT+0000 (Coordinated Universal Time),Mon May 25 2026 03:36:23 GMT+0000 (Coordinated Universal Time),,,,,MD,,,,,,,,,,mailchimp_pre_2026,2019-12-07 11:58:11,,,,,,
17d67473-8003-46c5-ab57-cea22a42766d,Felicia,Bates,felicia.l.bates@gmail.com,,,ae1c7a271c694ca3849b2aad0c5f3942,,,,,,,,true,"","",89e0b4f6-0dca-41e1-a652-9e86f7421d8a,Tue May 19 2026 06:35:50 GMT+0000 (Coordinated Universal Time),Mon May 25 2026 03:36:23 GMT+0000 (Coordinated Universal Time),,,,,Woodsfield,US,,,,cus_JYUCNT0Gkkal6P,,,,,stripe-pre-2026,,,,,,,
c849116a-ca76-40e0-937c-b31bea7bccf3,Peter,Shaffer,peteshaffer@msn.com,,,386c8a68972e488ab2e113a26c3ccddf,,,,,,,,true,"","",89e0b4f6-0dca-41e1-a652-9e86f7421d8a,Tue May 19 2026 06:35:50 GMT+0000 (Coordinated Universal Time),Mon May 25 2026 03:36:23 GMT+0000 (Coordinated Universal Time),,,,,Stillwater,US,,,,"cus_R1wX3yrgG4AbG2,cus_Ryh3vpvaQmROzE",,,,,stripe-pre-2026,,,,,,,
615b6744-e1b1-49de-b12b-d6993acc8661,Lance,Lafave,ap@newtondistributing.com,,,920c3ddb1ab64e3da1928a4fae9af6fb,,,,,,,,true,"","",89e0b4f6-0dca-41e1-a652-9e86f7421d8a,Tue May 19 2026 06:35:50 GMT+0000 (Coordinated Universal Time),Mon May 25 2026 03:36:23 GMT+0000 (Coordinated Universal Time),,,,,Natick,US,,,,cus_M0EuM3BYCRo06D,,,,,stripe-pre-2026,,,,,,,
f6a959bd-abf9-467a-a080-8c9c2873520f,David,Gehrmann,email@vanpcrepair.com,,,6e67be28c5bc453c9089f56ce25f3353,,,,,,,,true,"","",89e0b4f6-0dca-41e1-a652-9e86f7421d8a,Tue May 19 2026 06:35:50 GMT+0000 (Coordinated Universal Time),Wed May 20 2026 03:17:21 GMT+0000 (Coordinated Universal Time),89e0b4f6-0dca-41e1-a652-9e86f7421d8a,,,,,,,,,,,,,,,,,,,Wed May 20 2026 03:17:21 GMT+0000 (Coordinated Universal Time),3cd587a1-152f-4d29-8185-5f1ac8b827f8,
f96217bc-e601-4581-bc02-87c1f1e169ee,Steve,G,steve@redblockindustries.com,,,ec06fd356099431f8261e62013ff62e6,,,,,,,,true,"","",89e0b4f6-0dca-41e1-a652-9e86f7421d8a,Tue May 19 2026 06:35:50 GMT+0000 (Coordinated Universal Time),Mon May 25 2026 03:36:23 GMT+0000 (Coordinated Universal Time),,,,,Vancouver,CA,,,,"cus_ONZaYzOmvtqXzo,cus_O9izTR6qLaVtu2,cus_OOG690M2bocLvV,cus_OFg1SoCAnNlvXq,cus_O9izl9fvF0o5Ui",,,,,stripe-pre-2026,2023-05-04 17:57:28,,,,,,
85dc2861-63b6-46fe-b5f3-a0a375c031c4,Clinton, Savoy,csavoy1971@yahoo.com,,,02800e74cb4942f192c14668838fec38,,,,,,,,true,"","",89e0b4f6-0dca-41e1-a652-9e86f7421d8a,Tue May 19 2026 06:35:50 GMT+0000 (Coordinated Universal Time),Mon May 25 2026 03:36:23 GMT+0000 (Coordinated Universal Time),,,,,Metairie,US,,,,cus_Nu8lemVjBtMehM,,,,,stripe-pre-2026,,,,,,,
7db7b13c-7040-4357-8ddc-2ef46a57c673,Aline,Lin,qy25hope@gmail.com,,,523716096f2143e88b565fc11664a41b,,,,,,,,true,"","",89e0b4f6-0dca-41e1-a652-9e86f7421d8a,Tue May 19 2026 06:35:50 GMT+0000 (Coordinated Universal Time),Mon May 25 2026 03:36:23 GMT+0000 (Coordinated Universal Time),,,,,Baltimore,US,,,,"cus_QEUwsrcLDPyEJf,cus_QJm0eddTwDmEZU",,,,,stripe-pre-2026,,,,,,,
33c27c1e-e006-4993-a1f4-df73b9002ca7,darroch,campbell,darrochcampbell@gmail.com,,,fed168baa0004bb1b209c5be5311ef4a,,,,,,,,true,"","",89e0b4f6-0dca-41e1-a652-9e86f7421d8a,Tue May 19 2026 06:35:50 GMT+0000 (Coordinated Universal Time),Mon May 25 2026 03:36:23 GMT+0000 (Coordinated Universal Time),,,,,Vancouver,CA,,,,"cus_QVqD2ndRZoVYPm,cus_QonoZw9NiV2Vut",,,,,stripe-pre-2026,,,,,,,
12d06f2d-c007-45eb-8713-b65555924164,TODD,ROTHER,rothertd@gmail.com,,,bab3a4bd7ec74d67a8a0d01ef3945124,,,,,,,,true,"","",89e0b4f6-0dca-41e1-a652-9e86f7421d8a,Tue May 19 2026 06:35:50 GMT+0000 (Coordinated Universal Time),Mon May 25 2026 03:36:23 GMT+0000 (Coordinated Universal Time),,,,,Long Beach,US,,,,"cus_LAxwgnPqWjBFoQ,cus_LAd8KGYTXlEEKC",,,,,stripe-pre-2026,2023-05-04 17:57:36,,,,,,
456d1235-7854-4a2f-8bbe-5d520b0a1190,Ann,Krinard,akrinard@gmail.com,,,0706a91f79d24689933892cc9857d272,,,,,,,,true,"","",89e0b4f6-0dca-41e1-a652-9e86f7421d8a,Tue May 19 2026 06:35:50 GMT+0000 (Coordinated Universal Time),Mon May 25 2026 03:36:23 GMT+0000 (Coordinated Universal Time),,,,,Sebastopol,US,,,,"cus_OVWTrl4i2XNHzX,cus_OVWSLb4PWDcwlL,cus_OVWTWrzk3WF0IN",,,,,stripe-pre-2026,,,,,,,
745d31c9-ce1a-43ba-a08d-9f9f8de3263b,Norris,Johnson,norris.johnson@hotmail.com,,,ce895e00799a4b4aa91f67e815739ffb,,,,,,,,true,"","",89e0b4f6-0dca-41e1-a652-9e86f7421d8a,Tue May 19 2026 06:35:50 GMT+0000 (Coordinated Universal Time),Mon May 25 2026 03:36:23 GMT+0000 (Coordinated Universal Time),,,,,Homer,US,,,,cus_NLvcQPbebsE3A7,,,,,stripe-pre-2026,2023-05-04 17:57:27,,,,,,
2a8f2684-ed24-4a14-b7a3-45311bb6d68f,Capps,& Norton Group,capps.managementgroup@gmail.com,,,5a9aa9c5d3be4eaea55c9313953de016,,,,,,,,true,"","",89e0b4f6-0dca-41e1-a652-9e86f7421d8a,Tue May 19 2026 06:35:50 GMT+0000 (Coordinated Universal Time),Mon May 25 2026 03:36:23 GMT+0000 (Coordinated Universal Time),,,,,St. Thomas,VI,,,,cus_TXTL5xsUnGi7dO,,,,,stripe-pre-2026,,,,,,,
134d2459-f924-4993-bc18-3df8839b1c15,Tanya,Bennion,tanyabennion@gmail.com,,,2a0b75ad30a843c1a2c756483b885d99,,,,,,,,true,"","",89e0b4f6-0dca-41e1-a652-9e86f7421d8a,Tue May 19 2026 06:35:50 GMT+0000 (Coordinated Universal Time),Mon May 25 2026 03:36:23 GMT+0000 (Coordinated Universal Time),,,,,Salt Lake City,US,,,,cus_LColNAM5AtxUwY,,,,,stripe-pre-2026,2023-05-04 17:57:35,,,,,,
4a3106b6-58fb-467a-b27b-5e52df5620fa,Loni,Gibbs,lonigibbs@comcast.net,,,79f84a19e0b04b1b86c02fd4b516ca40,,,,,,,,true,"","",89e0b4f6-0dca-41e1-a652-9e86f7421d8a,Tue May 19 2026 06:35:50 GMT+0000 (Coordinated Universal Time),Mon May 25 2026 03:36:23 GMT+0000 (Coordinated Universal Time),,,,,Denver,US,,,,cus_RvJar1juyKjWWd,,,,,stripe-pre-2026,,,,,,,
4e55576f-0487-49ad-b09f-3142bdbac3d7,Rhonda,Schwab,ableremodeling@comcast.net,,,bb4b66054d064cb789377405cdcf815c,,,,,,,,true,"","",89e0b4f6-0dca-41e1-a652-9e86f7421d8a,Tue May 19 2026 06:35:50 GMT+0000 (Coordinated Universal Time),Mon May 25 2026 03:36:24 GMT+0000 (Coordinated Universal Time),,,,,Tacoma,US,,,,cus_G3Lj7Vrb8fxYW4,,,,,stripe-pre-2026,,,,,,,
6bdcc852-3d60-42b3-b557-ef27269b8981,William,Cothran Jr.,cothran901@gmail.com,,,ab58ff911460458dbd3914fdda87bf33,,,,,,,,true,"","",89e0b4f6-0dca-41e1-a652-9e86f7421d8a,Tue May 19 2026 06:35:50 GMT+0000 (Coordinated Universal Time),Mon May 25 2026 03:36:24 GMT+0000 (Coordinated Universal Time),,,,,Memphis,US,,,,cus_GU2vDI99rEhnlz,,,,,stripe-pre-2026,2020-01-03 09:36:59,,,,,,
ed2f0976-905a-4ffd-979c-5a275bb43025,Stanley,Golis,aerostan@gmail.com,,,19137ddbec69483eb7545dc0655c310b,,,,,,,,true,"","",89e0b4f6-0dca-41e1-a652-9e86f7421d8a,Tue May 19 2026 06:35:50 GMT+0000 (Coordinated Universal Time),Mon May 25 2026 03:36:24 GMT+0000 (Coordinated Universal Time),,,,,,,,,,cus_ON2mWbcttH5Qgm,,,,,stripe-pre-2026,,,,,,,
b17d65e8-9d43-4c9d-b37a-1a586c74a7f6,Richard,DeBoer,sacudeboer@gmail.com,,,becbd0046d2046fd8705d41f1ad232b1,,,,,,,,true,"","",89e0b4f6-0dca-41e1-a652-9e86f7421d8a,Tue May 19 2026 06:35:50 GMT+0000 (Coordinated Universal Time),Mon May 25 2026 03:36:24 GMT+0000 (Coordinated Universal Time),,,,,Grand Rapids,US,,,,cus_PxwTP05phXpWzP,,,,,stripe-pre-2026,,,,,,,
228746fa-622f-46e4-a940-a3dd39997ebe,,,jamielynn.marino@gmail.com,,,0bb4f865e8954c248d068fef2bd63412,,,,,,,,true,"","",89e0b4f6-0dca-41e1-a652-9e86f7421d8a,Tue May 19 2026 06:35:50 GMT+0000 (Coordinated Universal Time),Mon May 25 2026 03:36:24 GMT+0000 (Coordinated Universal Time),,,,,Carthage,US,,,,,,,,,mailchimp_pre_2026,2023-05-04 17:57:52,,,,,,
ae49b2e2-1447-4a6e-be06-6466ffdc5dc0,Brett,Morrow,bmorrowum@gmail.com,,,bf3e4585fc4e4f87b11b94401a28b255,,,,,,,,true,"","",89e0b4f6-0dca-41e1-a652-9e86f7421d8a,Tue May 19 2026 06:35:50 GMT+0000 (Coordinated Universal Time),Mon May 25 2026 03:36:24 GMT+0000 (Coordinated Universal Time),,,,,Minneapolis,US,,,,cus_KjhweLYvzJ8hMX,,,,,stripe-pre-2026,,,,,,,
236f2329-1c08-4966-a123-5d0e5d5dc374,Karen,Cousins,ckcousins88@yahoo.ca,,,536cb2c30d8c4bc089f306a157d3b958,,,,,,,,true,"","",89e0b4f6-0dca-41e1-a652-9e86f7421d8a,Tue May 19 2026 06:35:50 GMT+0000 (Coordinated Universal Time),Mon May 25 2026 03:36:24 GMT+0000 (Coordinated Universal Time),,,,,Ukiah,US,,,,cus_LFnrHcdBcZB8Jt,,,,,stripe-pre-2026,2023-05-04 17:57:34,,,,,,
d425cd2a-b384-4beb-bb77-f3669efba4ba,Alan,Willbrant,awillbrant@nycap.rr.com,,,e0c0bb2925a544e0a44dbbd50babaf56,,,,,,,,true,"","",89e0b4f6-0dca-41e1-a652-9e86f7421d8a,Tue May 19 2026 06:35:50 GMT+0000 (Coordinated Universal Time),Mon May 25 2026 03:36:24 GMT+0000 (Coordinated Universal Time),,,,,Amsterdam,US,,,,cus_OoQ0kbhW3Y9MwQ,,,,,stripe-pre-2026,,,,,,,
b2b9f65b-5f06-4b07-ba7f-9e83daa6dd77,JOAnn,DiBussolo,dbcs1161@verizon.net,,,05135b54b459419a89527368c05dfcb3,,,,,,,,true,"","",89e0b4f6-0dca-41e1-a652-9e86f7421d8a,Tue May 19 2026 06:35:50 GMT+0000 (Coordinated Universal Time),Mon May 25 2026 03:36:24 GMT+0000 (Coordinated Universal Time),,,,,Collegeville,US,,,,cus_QtIbrEbU51od98,,,,,stripe-pre-2026,,,,,,,
0bdfc0d9-9710-433e-94ee-0ec0102a4db0,Susan,Clark,genknit@icloud.com,,,b4a386bd1a594e39a7d1bd2450d03bc7,,,,,,,,true,"","",89e0b4f6-0dca-41e1-a652-9e86f7421d8a,Tue May 19 2026 06:35:50 GMT+0000 (Coordinated Universal Time),Mon May 25 2026 03:36:24 GMT+0000 (Coordinated Universal Time),,,,,Webster,US,,,,,,,,,stripe-pre-2026,,,,,,,
c6252add-2563-4692-97da-be68aed39fd0,,,barbjbayliss@gmail.com,,,002defda4c28420d83b2bced4ffdce87,,,,,,,,true,"","",89e0b4f6-0dca-41e1-a652-9e86f7421d8a,Tue May 19 2026 06:35:50 GMT+0000 (Coordinated Universal Time),Mon May 25 2026 03:36:24 GMT+0000 (Coordinated Universal Time),,,,,,,,,,,,,,,mailchimp_pre_2026,2023-05-04 17:57:28,,,,,,
e530abe8-424f-4364-8660-9e83a5787bae,Howard,Friedman,hfriedman@outlook.com,,,4a6baaac6d194290b369a473ca6d345b,,,,,,,,true,"","",89e0b4f6-0dca-41e1-a652-9e86f7421d8a,Tue May 19 2026 06:35:50 GMT+0000 (Coordinated Universal Time),Mon May 25 2026 03:36:25 GMT+0000 (Coordinated Universal Time),,,,,Timonium,US,,,,cus_TlwmKVD5CW2BfK,2026-01-11T13:40:35.612Z,2026-01-11T13:40:35.612Z,SNIP-1002,1,stripe-pre-2026,,,,,,,
338fb30b-fe3b-49b7-8051-0650c22ce7a1,Molly,Abrahams,mollyabrahams23@gmail.com,,,8b483b6478b14a28b16ec68d5c5edf1b,,,,,,,,true,"","",89e0b4f6-0dca-41e1-a652-9e86f7421d8a,Tue May 19 2026 06:35:50 GMT+0000 (Coordinated Universal Time),Mon May 25 2026 03:36:25 GMT+0000 (Coordinated Universal Time),,,,,Boynton beach,US,,,,cus_Nsp3odlyVxJ8SS,,,,,stripe-pre-2026,,,,,,,
1b7137ba-bbac-4649-81f0-7c71b8ce4244,,,lois.gillmore@outlook.com,,,3ace848497e940958f6f8d4f846c179c,,,,,,,,true,"","",89e0b4f6-0dca-41e1-a652-9e86f7421d8a,Tue May 19 2026 06:35:50 GMT+0000 (Coordinated Universal Time),Mon May 25 2026 03:36:25 GMT+0000 (Coordinated Universal Time),,,,,Springfield,US,,,,,,,,,mailchimp_pre_2026,2023-05-04 17:57:49,,,,,,
b6e8d48d-d747-451f-954c-e7c68650e84d,Terra,Plank,terraplank@yahoo.com,,,1bf1a04c8f39490aa01e2131e6b9360f,,,,,,,,true,"","",89e0b4f6-0dca-41e1-a652-9e86f7421d8a,Tue May 19 2026 06:35:50 GMT+0000 (Coordinated Universal Time),Mon May 25 2026 03:36:25 GMT+0000 (Coordinated Universal Time),,,,,Fort Wayne,US,,,,cus_Q2SlcQ7ZjfYjIm,,,,,stripe-pre-2026,,,,,,,
65db080b-5e37-4334-9a22-f273f812f2f5,Anthony,Lucostic,tony@redstoneexcavating.com,,,97ea1633ba9740ca9d0ddfcad59f70cb,,,,,,,,true,"","",89e0b4f6-0dca-41e1-a652-9e86f7421d8a,Tue May 19 2026 06:35:50 GMT+0000 (Coordinated Universal Time),Mon May 25 2026 03:36:25 GMT+0000 (Coordinated Universal Time),,,,,Grindstone,US,,,,cus_HmgqpR5O4ULbkf,,,,,stripe-pre-2026,,,,,,,
d76d18e2-774f-45bb-aa89-c0064d181b4e,Richard,Robin Rice,richardrobinrice@gmail.com,,,e7105821f9f240659dede03307fb3206,,,,,,,,true,"","",89e0b4f6-0dca-41e1-a652-9e86f7421d8a,Tue May 19 2026 06:35:50 GMT+0000 (Coordinated Universal Time),Mon May 25 2026 03:36:25 GMT+0000 (Coordinated Universal Time),,,,,Falmouth,US,,,,cus_QyYgCUZnflntBV,,,,,stripe-pre-2026,,,,,,,
d2df6aa7-e267-4710-989b-c919f3d628cc,,,julie_kim67@hotmail.com,,,1ba32fdeca0245f8ac8bb9f36c31571b,,,,,,,,true,"","",89e0b4f6-0dca-41e1-a652-9e86f7421d8a,Tue May 19 2026 06:35:50 GMT+0000 (Coordinated Universal Time),Mon May 25 2026 03:36:25 GMT+0000 (Coordinated Universal Time),,,,,CA,,,,,,,,,,mailchimp_pre_2026,2020-11-11 10:18:27,,,,,,
826f3f1b-aedd-4f7f-9f0b-571d9dce5b40,,,m_bisson87@hotmail.com,,,0465d0826259412fbcc4fdbe8ffaf622,,,,,,,,true,"","",89e0b4f6-0dca-41e1-a652-9e86f7421d8a,Tue May 19 2026 06:35:50 GMT+0000 (Coordinated Universal Time),Mon May 25 2026 03:36:25 GMT+0000 (Coordinated Universal Time),,,,,Goderich,CA,,,,,,,,,mailchimp_pre_2026,2023-05-04 17:57:45,,,,,,
cb0b72c2-824e-4330-947c-6fcdbd16f802,David,Bragg,randelagri@gmail.com,,,d3cb069e77624d12b6fdd64147bfa0f0,,,,,,,,true,"","",89e0b4f6-0dca-41e1-a652-9e86f7421d8a,Tue May 19 2026 06:35:50 GMT+0000 (Coordinated Universal Time),Mon May 25 2026 03:36:25 GMT+0000 (Coordinated Universal Time),,,,,Parker City,US,,,,cus_Ntf9Hr6iV427rv,,,,,stripe-pre-2026,,,,,,,
758e3df3-7a54-4324-aedc-2a6f7a729f11,Mark,Machin,markmachin@yahoo.com,,,c7e5b624bb5c40bbbf4333333df6e48c,,,,,,,,true,"","",89e0b4f6-0dca-41e1-a652-9e86f7421d8a,Tue May 19 2026 06:35:50 GMT+0000 (Coordinated Universal Time),Mon May 25 2026 03:36:25 GMT+0000 (Coordinated Universal Time),,,,,Valparasio,US,,,,cus_NSuhs2wnS1uJR6,,,,,stripe-pre-2026,2023-05-04 17:57:26,,,,,,
df2a4b61-5512-410a-a995-c029caa544e0,Scott,Sheffield,scottsheffield453@msn.com,,,6c5881f05ae847e4980f7a067ca376e1,,,,,,,,true,"","",89e0b4f6-0dca-41e1-a652-9e86f7421d8a,Tue May 19 2026 06:35:50 GMT+0000 (Coordinated Universal Time),Mon May 25 2026 03:36:25 GMT+0000 (Coordinated Universal Time),,,,,Medford,US,,,,cus_LCpWQlXPgxBo5d,,,,,stripe-pre-2026,2023-05-04 17:57:35,,,,,,
5a84be9a-e46a-45c2-8d12-1f56861f007c,Andrew,Hayward,andscotthayward@gmail.com,,,c7b483a3b87540ab96056b36f2ff202d,,,,,,,,true,"","",89e0b4f6-0dca-41e1-a652-9e86f7421d8a,Tue May 19 2026 06:35:50 GMT+0000 (Coordinated Universal Time),Mon May 25 2026 03:36:25 GMT+0000 (Coordinated Universal Time),,,,,Auburn,US,,,,cus_Kvm8hb3p1cZnkE,,,,,stripe-pre-2026,2023-05-04 17:57:44,,,,,,
9df36191-b0bf-4e29-908d-364db94bc576,Victoria, Briley,vlynnbriley@gmail.com,,,2b908dd4552d412ab186bfd989603ce9,,,,,,,,true,"","",89e0b4f6-0dca-41e1-a652-9e86f7421d8a,Tue May 19 2026 06:35:50 GMT+0000 (Coordinated Universal Time),Mon May 25 2026 03:36:26 GMT+0000 (Coordinated Universal Time),,,,,Carnesville,US,,,,,,,,,stripe-pre-2026,,,,,,,
574c76cc-73ee-4059-b908-54d2803e3834,,,sam@campaignbuzz.io,,,e85687f1ce5f41908e390709e1dd38a8,,,,,,,,true,"","",89e0b4f6-0dca-41e1-a652-9e86f7421d8a,Tue May 19 2026 06:35:50 GMT+0000 (Coordinated Universal Time),Mon May 25 2026 03:36:26 GMT+0000 (Coordinated Universal Time),,,,,,,,,,,,,,,mailchimp_pre_2026,2025-07-26 02:36:40,,,,,,
4f10ed7b-32ee-4bfd-b696-881a2ea757d9,Jim,Bultman,megajoule@comcast.net,,,b384e4f82273401d89242aa87b139588,,,,,,,,true,"","",89e0b4f6-0dca-41e1-a652-9e86f7421d8a,Tue May 19 2026 06:35:50 GMT+0000 (Coordinated Universal Time),Mon May 25 2026 03:36:26 GMT+0000 (Coordinated Universal Time),,,,,Royal Oak,US,,,,cus_G8HA2RLYVlHZV0,,,,,stripe-pre-2026,,,,,,,
3361f9c2-99c0-4f66-9b97-bc9d5facf942,,,boylejm2@gmail.com,,,0a8520a66f4a413fa5482995933a264d,,,,,,,,true,"","",89e0b4f6-0dca-41e1-a652-9e86f7421d8a,Tue May 19 2026 06:35:50 GMT+0000 (Coordinated Universal Time),Mon May 25 2026 03:36:26 GMT+0000 (Coordinated Universal Time),,,,,Ashland,US,,,,,,,,,mailchimp_pre_2026,2023-05-04 17:57:32,,,,,,
b7756f3e-f726-4ab3-915e-c47e7f79045c,,,abilgore@gmail.com,,,127f708214e24c83ac5cd033ea316cf9,,,,,,,,true,"","",89e0b4f6-0dca-41e1-a652-9e86f7421d8a,Tue May 19 2026 06:35:50 GMT+0000 (Coordinated Universal Time),Mon May 25 2026 03:36:26 GMT+0000 (Coordinated Universal Time),,,,,Studio,US,,,,,,,,,mailchimp_pre_2026,2023-05-04 17:57:50,,,,,,
fe35afe3-5318-4ca0-8b9b-b61e749b3159,,,billdeloach@gmail.com,,,0f3fdb02200947b3a4ffd1a981488428,,,,,,,,true,"","",89e0b4f6-0dca-41e1-a652-9e86f7421d8a,Tue May 19 2026 06:35:50 GMT+0000 (Coordinated Universal Time),Mon May 25 2026 03:36:26 GMT+0000 (Coordinated Universal Time),,,,,,,,,,,,,,,mailchimp_pre_2026,2023-05-04 17:57:32,,,,,,
c588d934-53e1-4e7a-8c82-cb5bcce5051a,Tracy,Webb,webbtracy@hotmail.com,,,e60be84bf89e4fadb6a4a947ff99e5de,,,,,,,,true,"","",89e0b4f6-0dca-41e1-a652-9e86f7421d8a,Tue May 19 2026 06:35:50 GMT+0000 (Coordinated Universal Time),Mon May 25 2026 03:36:26 GMT+0000 (Coordinated Universal Time),,,,,Colchester,US,,,,cus_J6TiihRYAUTcX3,,,,,stripe-pre-2026,,,,,,,
7c7d50a1-4988-48fa-a7fd-a7973338219f,,,96tharrison@gmail.com,,,381d5674f40244a6bf0b963bc4422ff7,,,,,,,,true,"","",89e0b4f6-0dca-41e1-a652-9e86f7421d8a,Tue May 19 2026 06:35:50 GMT+0000 (Coordinated Universal Time),Mon May 25 2026 03:36:26 GMT+0000 (Coordinated Universal Time),,,,,Arlington,US,,,,,,,,,mailchimp_pre_2026,2023-05-04 17:57:39,,,,,,
6075f896-a40c-4d3a-a7c2-1a5395716b8b,,,kmangels@semo.edu,,,d8cc0616a0d44d0f8027382c45a07cf6,,,,,,,,true,"","",89e0b4f6-0dca-41e1-a652-9e86f7421d8a,Tue May 19 2026 06:35:50 GMT+0000 (Coordinated Universal Time),Mon May 25 2026 03:36:26 GMT+0000 (Coordinated Universal Time),,,,,St,US,,,,,,,,,mailchimp_pre_2026,2023-05-04 17:57:52,,,,,,
45874dd5-23f8-4eb6-b2b2-76abad9916fb,Karen,Browning,browning.k@sbcglobal.net,,,29b6868bd061419bafa0782bd5fdae84,,,,,,,,true,"","",89e0b4f6-0dca-41e1-a652-9e86f7421d8a,Tue May 19 2026 06:35:50 GMT+0000 (Coordinated Universal Time),Mon May 25 2026 03:36:26 GMT+0000 (Coordinated Universal Time),,,,,Austin,US,,,,,,,,,stripe-pre-2026,,,,,,,
68fc68e7-3a7b-4b35-89dd-e3719376b165,,,miles@farmingtonheating.com,,,26007b03961c4ea79ec3bc96154d7d1c,,,,,,,,true,"","",89e0b4f6-0dca-41e1-a652-9e86f7421d8a,Tue May 19 2026 06:35:50 GMT+0000 (Coordinated Universal Time),Mon May 25 2026 03:36:26 GMT+0000 (Coordinated Universal Time),,,,,Berlin,US,,,,,,,,,mailchimp_pre_2026,2023-05-04 17:57:46,,,,,,
ad97dd8d-7101-4ca2-9432-4a842018ae4d,Patrick,Arlea,arleafrancois@gmail.com,,,c040e1650b4e465c9c687afd380faae1,,,,,,,,true,"","",89e0b4f6-0dca-41e1-a652-9e86f7421d8a,Tue May 19 2026 06:35:50 GMT+0000 (Coordinated Universal Time),Mon May 25 2026 03:36:27 GMT+0000 (Coordinated Universal Time),,,,,Port Charlotte,US,,,,cus_NLQqn51uXjY2NQ,,,,,stripe-pre-2026,2023-05-04 17:57:27,,,,,,
2606bac3-d0cb-4794-aaf1-fce81b696592,George,Blaisdell,glblaisdell@gmail.com,,,ee193610ea5e4cba8f85db10363de7b5,,,,,,,,true,"","",89e0b4f6-0dca-41e1-a652-9e86f7421d8a,Tue May 19 2026 06:35:50 GMT+0000 (Coordinated Universal Time),Mon May 25 2026 03:36:27 GMT+0000 (Coordinated Universal Time),,,,,Vienna,US,,,,cus_NwyQSuTgtA9bKV,,,,,stripe-pre-2026,,,,,,,
f1014a8a-0825-4a31-b5a2-dc636f19e6dc,Kirsten,Davis,kirdavis29@gmail.com,,,ab37b85405b74c06bae8ac8316798869,,,,,,,,true,"","",89e0b4f6-0dca-41e1-a652-9e86f7421d8a,Tue May 19 2026 06:35:50 GMT+0000 (Coordinated Universal Time),Mon May 25 2026 03:36:27 GMT+0000 (Coordinated Universal Time),,,,,Ottawa,CA,,,,cus_Rox6b52CrXhzgs,,,,,stripe-pre-2026,,,,,,,
38900dc0-763a-4842-84af-4847b77a8736,Aaron,Virshup,avirshup@gmail.com,,,9ec31460da614435bcaa427fbbffbaa3,,,,,,,,true,"","",89e0b4f6-0dca-41e1-a652-9e86f7421d8a,Tue May 19 2026 06:35:50 GMT+0000 (Coordinated Universal Time),Mon May 25 2026 03:36:27 GMT+0000 (Coordinated Universal Time),,,,,Seattle,US,,,,cus_H6BqclPbxWsEax,,,,,stripe-pre-2026,,,,,,,
6abdc4f1-ab7f-445b-a12a-eafbe13cc760,,,cdophillips@hotmail.com,,,6e4038fafbc74541955de4d44d272b01,,,,,,,,true,"","",89e0b4f6-0dca-41e1-a652-9e86f7421d8a,Tue May 19 2026 06:35:50 GMT+0000 (Coordinated Universal Time),Mon May 25 2026 03:36:27 GMT+0000 (Coordinated Universal Time),,,,,,,,,,,,,,,mailchimp_pre_2026,2023-05-04 17:57:31,,,,,,
da5205a4-da96-4674-90b2-2a90f2c9acc7,Nicholas,Tuosto,calbusiness@yahoo.com,,,94700607ba4f4c46ab46fed43a45612b,,,,,,,,true,"","",89e0b4f6-0dca-41e1-a652-9e86f7421d8a,Tue May 19 2026 06:35:50 GMT+0000 (Coordinated Universal Time),Mon May 25 2026 03:36:27 GMT+0000 (Coordinated Universal Time),,,,,San Rafael,US,,,,cus_NciWwBTZoE7eou,,,,,stripe-pre-2026,2023-05-04 17:57:26,,,,,,
5b010d50-6b86-4ca3-8bbe-23c2c0b05f1f,Karen,Scopelite,kscopelite@yahoo.com,,,55302cd90b054f7bba45bbbf9c497f4e,,,,,,,,true,"","",89e0b4f6-0dca-41e1-a652-9e86f7421d8a,Tue May 19 2026 06:35:50 GMT+0000 (Coordinated Universal Time),Mon May 25 2026 03:36:27 GMT+0000 (Coordinated Universal Time),,,,,Canton,US,,,,cus_KIDCgWxWzrfJLy,,,,,stripe-pre-2026,,,,,,,
101b1a09-ee9d-4891-be3d-f5cf31901a17,Jon,Kakaley,jon.kakaley.sp@gmail.com,,,7cf83a6063f34802b1441db91241ab13,,,,,,,,true,"","",89e0b4f6-0dca-41e1-a652-9e86f7421d8a,Tue May 19 2026 06:35:50 GMT+0000 (Coordinated Universal Time),Mon May 25 2026 03:36:27 GMT+0000 (Coordinated Universal Time),,,,,LONG ISLAND CITY,US,,,,cus_Ttv3EtPZ8AzSxT,2026-02-01T20:27:30.675Z,2026-02-01T20:27:30.675Z,SNIP-1022,1,stripe-pre-2026,,,,,,,
8235d507-b88c-4130-b009-46c738c9d3e5,William,Record,fixnrun3@comcast.net,,,19605cbbadb6409080088f48aa147647,,,,,,,,true,"","",89e0b4f6-0dca-41e1-a652-9e86f7421d8a,Tue May 19 2026 06:35:50 GMT+0000 (Coordinated Universal Time),Mon May 25 2026 03:36:27 GMT+0000 (Coordinated Universal Time),,,,,Orland park,US,,,,cus_LDvcYp8bKluImq,,,,,stripe-pre-2026,2023-05-04 17:57:48,,,,,,
bf3aab52-bcb6-480a-bf2d-05d0890110f6,,,rbgdds@gmail.com,,,60206aeab4e84668b6a9790ea76441f8,,,,,,,,true,"","",89e0b4f6-0dca-41e1-a652-9e86f7421d8a,Tue May 19 2026 06:35:50 GMT+0000 (Coordinated Universal Time),Mon May 25 2026 03:36:27 GMT+0000 (Coordinated Universal Time),,,,,NY,,,,,,,,,,mailchimp_pre_2026,2021-02-23 23:15:25,,,,,,
2ebd3c31-f23a-4d1e-90c5-fb5b454ce147,,,onthenutfarm@gmail.com,,,65d4ad08ff1749b28f5513ea4fb0e80a,,,,,,,,true,"","",89e0b4f6-0dca-41e1-a652-9e86f7421d8a,Tue May 19 2026 06:35:50 GMT+0000 (Coordinated Universal Time),Mon May 25 2026 03:36:27 GMT+0000 (Coordinated Universal Time),,,,,Hillsboro,US,,,,,,,,,mailchimp_pre_2026,2023-05-04 17:57:47,,,,,,
8da32cf6-72be-46d3-a5d4-6ffe3dd34a4c,,,lrepoli@hotmail.com,,,96b382626ce3427c899556a78f201b72,,,,,,,,true,"","",89e0b4f6-0dca-41e1-a652-9e86f7421d8a,Tue May 19 2026 06:35:50 GMT+0000 (Coordinated Universal Time),Mon May 25 2026 03:36:28 GMT+0000 (Coordinated Universal Time),,,,,,,,,,,,,,,mailchimp_pre_2026,2023-05-04 17:57:27,,,,,,
7e05debc-cb9d-422c-b6ca-8b3452e33c12,Collin,Brady,cb1399@gmail.com,,,00b502ec7fb4403e8f8b123fb6543b4f,,,,,,,,true,"","",89e0b4f6-0dca-41e1-a652-9e86f7421d8a,Tue May 19 2026 06:35:50 GMT+0000 (Coordinated Universal Time),Mon May 25 2026 03:36:28 GMT+0000 (Coordinated Universal Time),,,,,Lennon,US,,,,cus_O3gAC04DLSCLCE,,,,,stripe-pre-2026,,,,,,,
db870314-5666-43c4-b486-ecb4c8963d4d,,,femuscle40@hotmail.com,,,75d1a68f615741eb96256640a31bdcef,,,,,,,,true,"","",89e0b4f6-0dca-41e1-a652-9e86f7421d8a,Tue May 19 2026 06:35:50 GMT+0000 (Coordinated Universal Time),Mon May 25 2026 03:36:28 GMT+0000 (Coordinated Universal Time),,,,,MA,,,,,,,,,,mailchimp_pre_2026,2021-04-22 00:00:13,,,,,,
78fb7e98-0e05-4147-b919-5386eb07cca4,Brad,Messersmith,blmessersmith@gmail.com,,,c9241fa00ab04ba9962cad69c32b9d87,,,,,,,,true,"","",89e0b4f6-0dca-41e1-a652-9e86f7421d8a,Tue May 19 2026 06:35:50 GMT+0000 (Coordinated Universal Time),Mon May 25 2026 03:36:28 GMT+0000 (Coordinated Universal Time),,,,,Austin,US,,,,cus_Kr9iQKp4AzgJif,,,,,stripe-pre-2026,2023-05-04 17:57:46,,,,,,
cc693b1d-d30c-48c8-905a-517f4c064d68,,,ahauber2001@yahoo.com,,,3bf0354a2b134132879a8396a23f44ba,,,,,,,,true,"","",89e0b4f6-0dca-41e1-a652-9e86f7421d8a,Tue May 19 2026 06:35:50 GMT+0000 (Coordinated Universal Time),Mon May 25 2026 03:36:28 GMT+0000 (Coordinated Universal Time),,,,,,,,,,,,,,,mailchimp_pre_2026,2023-05-04 17:57:38,,,,,,
804c193d-4c0b-4c61-acca-9a86223e6d86,,,26murray@gmail.com,,,d6b7434f06b54a08b4cbf68f5c52201f,,,,,,,,true,"","",89e0b4f6-0dca-41e1-a652-9e86f7421d8a,Tue May 19 2026 06:35:50 GMT+0000 (Coordinated Universal Time),Mon May 25 2026 03:36:28 GMT+0000 (Coordinated Universal Time),,,,,,,,,,,,,,,mailchimp_pre_2026,2025-07-26 03:04:02,,,,,,
0eafa0b6-1f3f-4995-b328-f99618bca265,,,johnkantner@me.com,,,7c1b0c72502348ab8df4a76b94455ebf,,,,,,,,true,"","",89e0b4f6-0dca-41e1-a652-9e86f7421d8a,Tue May 19 2026 06:35:50 GMT+0000 (Coordinated Universal Time),Mon May 25 2026 03:36:28 GMT+0000 (Coordinated Universal Time),,,,,Jacksonville,US,,,,,,,,,mailchimp_pre_2026,2023-05-04 17:57:46,,,,,,
ba9155c5-c762-498c-8b63-27374bdc37ee,,,lawrencepan@live.com,,,3ff1940efd0d4c67995445e289a0f08d,,,,,,,,true,"","",89e0b4f6-0dca-41e1-a652-9e86f7421d8a,Tue May 19 2026 06:35:50 GMT+0000 (Coordinated Universal Time),Mon May 25 2026 03:36:28 GMT+0000 (Coordinated Universal Time),,,,,,,,,,,,,,,mailchimp_pre_2026,2019-05-17 11:32:32,,,,,,
0b4231c7-52f7-4eb5-b5ba-f36f5ce683cc,,,amieoppenheim@gmail.com,,,d1ba4fca991b48eba86607313e9be695,,,,,,,,true,"","",89e0b4f6-0dca-41e1-a652-9e86f7421d8a,Tue May 19 2026 06:35:50 GMT+0000 (Coordinated Universal Time),Mon May 25 2026 03:36:28 GMT+0000 (Coordinated Universal Time),,,,,IL,,,,,,,,,,mailchimp_pre_2026,2020-02-23 12:24:05,,,,,,
8d72bde3-544c-437a-abcc-71f4c3c6a37b,Chris,McLean,mclean.chris4@gmail.com,,,06075d31b4944bccb7a8276fa54042e7,,,,,,,,true,"","",89e0b4f6-0dca-41e1-a652-9e86f7421d8a,Tue May 19 2026 06:35:50 GMT+0000 (Coordinated Universal Time),Mon May 25 2026 03:36:28 GMT+0000 (Coordinated Universal Time),,,,,SUN PRAIRIE,US,,,,cus_LHGPp7lWDSNgSG,,,,,stripe-pre-2026,2023-05-04 17:57:34,,,,,,
ad0f9525-6fc1-4299-bd3c-fa4ed15f4f5f,Angelina,Ramsay,acrpublic@lasi.org,,,b3b982b982914fc68ef5e3ba335f223e,,,,,,,,true,"","",89e0b4f6-0dca-41e1-a652-9e86f7421d8a,Tue May 19 2026 06:35:50 GMT+0000 (Coordinated Universal Time),Mon May 25 2026 03:36:28 GMT+0000 (Coordinated Universal Time),,,,,San Francisco,US,,,,,,,,,stripe-pre-2026,,,,,,,
2fc49d3d-fa1f-406c-90c5-53ba00e33bd6,Ryan,Crist,ryanecrist@duck.com,,,1ce3d2c42e4843cdb735a6ea8dbe6cdb,,,,,,,,true,"","",89e0b4f6-0dca-41e1-a652-9e86f7421d8a,Tue May 19 2026 06:35:50 GMT+0000 (Coordinated Universal Time),Mon May 25 2026 03:36:28 GMT+0000 (Coordinated Universal Time),,,,,Jamesville,US,,,,,,,,,stripe-pre-2026,,,,,,,
7e04928e-c76f-458d-90be-de96c0b7cf28,,,dawsonld4@gmail.com,,,6d4dce8e713845e3ba206b05d9e991d5,,,,,,,,true,"","",89e0b4f6-0dca-41e1-a652-9e86f7421d8a,Tue May 19 2026 06:35:50 GMT+0000 (Coordinated Universal Time),Mon May 25 2026 03:36:28 GMT+0000 (Coordinated Universal Time),,,,,Springfield,US,,,,,,,,,mailchimp_pre_2026,2023-05-04 17:57:50,,,,,,
6dadae81-b360-4db3-89e5-202a31248847,John,E Moody,john@qualityjohns.com,,,63deae5cf8c041bfbc47c17f93bbf222,,,,,,,,true,"","",89e0b4f6-0dca-41e1-a652-9e86f7421d8a,Tue May 19 2026 06:35:50 GMT+0000 (Coordinated Universal Time),Mon May 25 2026 03:36:29 GMT+0000 (Coordinated Universal Time),,,,,Cambridge,US,,,,cus_MSP8ZUlxWqRnu5,,,,,stripe-pre-2026,2023-05-04 17:57:29,,,,,,
2b48bb29-7cea-40bf-8252-083279905d3b,Robert,McDonald,mcdonald.robert@mayo.edu,,,2afa0dc2669f4849a6211aebacda6eac,,,,,,,,true,"","",89e0b4f6-0dca-41e1-a652-9e86f7421d8a,Tue May 19 2026 06:35:50 GMT+0000 (Coordinated Universal Time),Mon May 25 2026 03:36:29 GMT+0000 (Coordinated Universal Time),,,,,Rochester,US,,,,,,,,,stripe-pre-2026,,,,,,,
cc36896d-328d-479e-a3e2-03fb04e8af88,Jacki,walno,ctsjacki@gmail.com,,,8f17082c959346169252e4740e5a82ba,,,,,,,,true,"","",89e0b4f6-0dca-41e1-a652-9e86f7421d8a,Tue May 19 2026 06:35:50 GMT+0000 (Coordinated Universal Time),Mon May 25 2026 03:36:29 GMT+0000 (Coordinated Universal Time),,,,,Cheyenne,US,,,,cus_IkfnMTSawIjJJY,,,,,stripe-pre-2026,,,,,,,
be278207-d472-4990-9724-f3bf5b001e1b,,,janco830@gmail.com,,,16f3a43127bd4c14b8b3b9d60c2fce7d,,,,,,,,true,"","",89e0b4f6-0dca-41e1-a652-9e86f7421d8a,Tue May 19 2026 06:35:50 GMT+0000 (Coordinated Universal Time),Mon May 25 2026 03:36:29 GMT+0000 (Coordinated Universal Time),,,,,Madison,US,,,,,,,,,mailchimp_pre_2026,2023-05-04 17:57:52,,,,,,
9a1fcd58-4f27-4cf3-8d4f-e1acf137e26c,,,michael@ebunky.com,,,2285f0b32e134eb3835553dd2773b91d,,,,,,,,true,"","",89e0b4f6-0dca-41e1-a652-9e86f7421d8a,Tue May 19 2026 06:35:50 GMT+0000 (Coordinated Universal Time),Mon May 25 2026 03:36:29 GMT+0000 (Coordinated Universal Time),,,,,Harwinton,US,,,,,,,,,mailchimp_pre_2026,2023-05-04 17:57:33,,,,,,
a69e1d12-bd22-4176-aa13-a4403bff6818,Rex,Crawfor,rcrawf01@uoguelph.ca,,,170262bea1ca4549abe708b470ef1b7a,,,,,,,,true,"","",89e0b4f6-0dca-41e1-a652-9e86f7421d8a,Tue May 19 2026 06:35:50 GMT+0000 (Coordinated Universal Time),Mon May 25 2026 03:36:29 GMT+0000 (Coordinated Universal Time),,,,,Amaranth,CA,,,,cus_O8vxKYg7SoXLym,,,,,stripe-pre-2026,,,,,,,
5dec970e-3987-4fbe-984c-188f292cc17b,Brooks,Clergy,bclergy@nventure.com,,,2a82b6118ef6448b826f11adde2a3c0c,,,,,,,,true,"","",89e0b4f6-0dca-41e1-a652-9e86f7421d8a,Tue May 19 2026 06:35:50 GMT+0000 (Coordinated Universal Time),Mon May 25 2026 03:36:29 GMT+0000 (Coordinated Universal Time),,,,,Cedar Point,US,,,,cus_HYu3jZ8iF7p7OB,,,,,stripe-pre-2026,,,,,,,
ac3840fe-ac76-4e95-a0bf-0a9fd3a81c6d,Elaine,Hennessy,elainehennessy22@gmail.com,,,4ad970e970184490977ada1f1d6d0044,,,,,,,,true,"","",89e0b4f6-0dca-41e1-a652-9e86f7421d8a,Tue May 19 2026 06:35:50 GMT+0000 (Coordinated Universal Time),Mon May 25 2026 03:36:29 GMT+0000 (Coordinated Universal Time),,,,,Walnut Creek,US,,,,cus_LCDD8HWKVuTvZ8,,,,,stripe-pre-2026,2023-05-04 17:57:48,,,,,,
84dfa691-4cf6-4a70-ac9e-d5fb24c7145f,Jonathan,Homan,dietzlives@yahoo.com,,,52aa89cfeb5c439f8f59fd924d582449,,,,,,,,true,"","",89e0b4f6-0dca-41e1-a652-9e86f7421d8a,Tue May 19 2026 06:35:50 GMT+0000 (Coordinated Universal Time),Mon May 25 2026 03:36:29 GMT+0000 (Coordinated Universal Time),,,,,Peabody,US,,,,cus_L3t44Sg9VQlfpG,,,,,stripe-pre-2026,2023-05-04 17:57:38,,,,,,
47ad0a12-4097-4cf3-bf9e-a6a3bf555ed1,Tracy,Roche,tracyroche@comcast.net,,,801bcc59414c4584ad95bdb9863b8357,,,,,,,,true,"","",89e0b4f6-0dca-41e1-a652-9e86f7421d8a,Tue May 19 2026 06:35:50 GMT+0000 (Coordinated Universal Time),Mon May 25 2026 03:36:29 GMT+0000 (Coordinated Universal Time),,,,,Oakland Twp,US,,,,cus_R91muICVIx5pfV,,,,,stripe-pre-2026,,,,,,,
fa237ab7-c841-4112-981f-60f55e69aa00,Betty,Ryberg,principal@horseshoetrailhabitats.com,,,c4e0d4afbc784a55b21695dc6e7c20b0,,,,,,,,true,"","",89e0b4f6-0dca-41e1-a652-9e86f7421d8a,Tue May 19 2026 06:35:50 GMT+0000 (Coordinated Universal Time),Mon May 25 2026 03:36:29 GMT+0000 (Coordinated Universal Time),,,,,"CHESTER SPRINGS, PA",US,,,,,,,,,stripe-pre-2026,,,,,,,
c7f4ba3a-07be-4814-84af-4a39a79e3e71,Scott,Friedman,smfbaywynd@gmail.com,,,86b33d7a53594599a83ee747c6b61483,,,,,,,,true,"","",89e0b4f6-0dca-41e1-a652-9e86f7421d8a,Tue May 19 2026 06:35:50 GMT+0000 (Coordinated Universal Time),Mon May 25 2026 03:36:29 GMT+0000 (Coordinated Universal Time),,,,,Emerald Isle,US,,,,,,,,,stripe-pre-2026,,,,,,,
3e54ea7b-e3a0-46f7-9a1c-c9ac1915f8eb,JoAnn,Janecke,jjanecke@icloud.com,,,17102c605b4a43738956c3cf1f89b859,,,,,,,,true,"","",89e0b4f6-0dca-41e1-a652-9e86f7421d8a,Tue May 19 2026 06:35:50 GMT+0000 (Coordinated Universal Time),Mon May 25 2026 03:36:30 GMT+0000 (Coordinated Universal Time),,,,,NEW WESTMINSTER,CA,,,,,,,,,stripe-pre-2026,,,,,,,
5e409c07-9dc5-4b10-9ab8-f65f83ae643e,Linda,Sullivan,lingsebuzz29@gmail.com,,,71becca1b11646e4a4d52c1427c1f222,,,,,,,,true,"","",89e0b4f6-0dca-41e1-a652-9e86f7421d8a,Tue May 19 2026 06:35:50 GMT+0000 (Coordinated Universal Time),Mon May 25 2026 03:36:30 GMT+0000 (Coordinated Universal Time),,,,,Whittier,US,,,,cus_NlMZmhxX7mFg4C,,,,,stripe-pre-2026,,,,,,,
cf99f3b5-724e-4c34-8295-e01655c9d853,Joe,Deshazer,joedeshazer@msn.com,,,06a24c263f2c4fcdb98b0441cb20dd98,,,,,,,,true,"","",89e0b4f6-0dca-41e1-a652-9e86f7421d8a,Tue May 19 2026 06:35:50 GMT+0000 (Coordinated Universal Time),Mon May 25 2026 03:36:30 GMT+0000 (Coordinated Universal Time),,,,,Olympia,US,,,,cus_NfOSCKOiAbNOru,,,,,stripe-pre-2026,2023-05-04 17:57:26,,,,,,
33a4f4ff-41a3-4b8a-9e6c-c6fba40a0d5c,Melanie,Bagwell,melanie@bagwell.org.uk,,,62426369f03744738871b61cff618bc9,,,,,,,,true,"","",89e0b4f6-0dca-41e1-a652-9e86f7421d8a,Tue May 19 2026 06:35:50 GMT+0000 (Coordinated Universal Time),Mon May 25 2026 03:36:30 GMT+0000 (Coordinated Universal Time),,,,,Guildford,GB,,,,cus_NzSe7iNgPxsk2f,,,,,stripe-pre-2026,,,,,,,
525e088a-4a5c-43c3-9561-c9342100e404,,,robertwgreen1@gmail.com,,,8146bb0c6488426486a893ee155ae0de,,,,,,,,true,"","",89e0b4f6-0dca-41e1-a652-9e86f7421d8a,Tue May 19 2026 06:35:50 GMT+0000 (Coordinated Universal Time),Mon May 25 2026 03:36:30 GMT+0000 (Coordinated Universal Time),,,,,,,,,,,,,,,mailchimp_pre_2026,2019-05-17 11:32:46,,,,,,
64db945e-a1c5-47e3-b376-c1deadb7d538,,,samfasciano@aol.com,,,6a45a68193354bea8ff941f92cf53d33,,,,,,,,true,"","",89e0b4f6-0dca-41e1-a652-9e86f7421d8a,Tue May 19 2026 06:35:50 GMT+0000 (Coordinated Universal Time),Mon May 25 2026 03:36:30 GMT+0000 (Coordinated Universal Time),,,,,Middletown,US,,,,,,,,,mailchimp_pre_2026,2023-05-04 17:57:53,,,,,,
17ad2332-2727-4be9-9032-7966b8c3eabf,,,mariarojas1791@gmail.com,,,8c8a386d486546e998387eebdf2b5474,,,,,,,,true,"","",89e0b4f6-0dca-41e1-a652-9e86f7421d8a,Tue May 19 2026 06:35:50 GMT+0000 (Coordinated Universal Time),Mon May 25 2026 03:36:30 GMT+0000 (Coordinated Universal Time),,,,,FL,,,,,,,,,,mailchimp_pre_2026,2020-11-21 17:45:46,,,,,,
cb085536-e014-4c2f-a96c-30ba9c9bd0b9,,,agileak@gmail.com,,,447d386c08324b108118deeb149e732c,,,,,,,,true,"","",89e0b4f6-0dca-41e1-a652-9e86f7421d8a,Tue May 19 2026 06:35:50 GMT+0000 (Coordinated Universal Time),Mon May 25 2026 03:36:30 GMT+0000 (Coordinated Universal Time),,,,,NJ,,,,,,,,,,mailchimp_pre_2026,2019-11-01 12:02:29,,,,,,
7ab68d83-2014-4fc8-8c18-9fae3c162df2,,,drew.zmolek22@gmail.com,,,0e78832f715f49f6b883515e5c0514db,,,,,,,,true,"","",89e0b4f6-0dca-41e1-a652-9e86f7421d8a,Tue May 19 2026 06:35:50 GMT+0000 (Coordinated Universal Time),Mon May 25 2026 03:36:30 GMT+0000 (Coordinated Universal Time),,,,,South,US,,,,,,,,,mailchimp_pre_2026,2023-05-04 17:57:35,,,,,,
327ba2ff-d99c-49db-b9c3-9a79f8846d9f,,,trubydewald@gmail.com,,,25b8f1ca90b04eecbe8c80b04d1f9000,,,,,,,,true,"","",89e0b4f6-0dca-41e1-a652-9e86f7421d8a,Tue May 19 2026 06:35:50 GMT+0000 (Coordinated Universal Time),Mon May 25 2026 03:36:30 GMT+0000 (Coordinated Universal Time),,,,,Lenoir,US,,,,,,,,,mailchimp_pre_2026,2023-05-04 17:57:53,,,,,,
f274ebe4-6718-4f9e-bfa4-cb84a2a06869,,,kennethdale@yahoo.com,,,20229b1b302d443d84486d80be918a34,,,,,,,,true,"","",89e0b4f6-0dca-41e1-a652-9e86f7421d8a,Tue May 19 2026 06:35:50 GMT+0000 (Coordinated Universal Time),Mon May 25 2026 03:36:30 GMT+0000 (Coordinated Universal Time),,,,,,,,,,,,,,,mailchimp_pre_2026,2021-04-05 08:25:05,,,,,,
25d34878-4da2-4d77-806c-5650c71741a2,,,shivam@prchitects.net,,,1789157ca2634b86b6dbead99442bbc3,,,,,,,,true,"","",89e0b4f6-0dca-41e1-a652-9e86f7421d8a,Tue May 19 2026 06:35:50 GMT+0000 (Coordinated Universal Time),Mon May 25 2026 03:36:30 GMT+0000 (Coordinated Universal Time),,,,,Varanasi,IN,,,,,,,,,mailchimp_pre_2026,2023-05-04 17:57:46,,,,,,
cf026c13-acb4-47a5-bdec-eb0840a81f09,,,tina.little.cnm@gmail.com,,,ed5d61fb44584efcbae825d095fe7f28,,,,,,,,true,"","",89e0b4f6-0dca-41e1-a652-9e86f7421d8a,Tue May 19 2026 06:35:50 GMT+0000 (Coordinated Universal Time),Mon May 25 2026 03:36:31 GMT+0000 (Coordinated Universal Time),,,,,Austin,US,,,,,,,,,mailchimp_pre_2026,2023-05-04 17:57:39,,,,,,
90113842-d2dc-4f60-8d59-4f3a708919f3,,,fieldforestinc@centurytel.net,,,107963a03d5c412784a72773d55b2560,,,,,,,,true,"","",89e0b4f6-0dca-41e1-a652-9e86f7421d8a,Tue May 19 2026 06:35:50 GMT+0000 (Coordinated Universal Time),Mon May 25 2026 03:36:31 GMT+0000 (Coordinated Universal Time),,,,,,,,,,,,,,,mailchimp_pre_2026,2023-05-04 17:57:30,,,,,,
a73c3d39-6386-480a-8045-9b07fb82588e,,,jamie@coastalflooring.net,,,fe03e7c97df643d58ea429f7fa4acb5e,,,,,,,,true,"","",89e0b4f6-0dca-41e1-a652-9e86f7421d8a,Tue May 19 2026 06:35:50 GMT+0000 (Coordinated Universal Time),Mon May 25 2026 03:36:31 GMT+0000 (Coordinated Universal Time),,,,,FL,,,,,,,,,,mailchimp_pre_2026,2020-09-29 18:26:40,,,,,,
e9bd4777-ae36-4f8f-9b76-71b06ad965d5,,,mike.reverri@gmail.com,,,f6ce1b47b19b490e85e3a10d60166096,,,,,,,,true,"","",89e0b4f6-0dca-41e1-a652-9e86f7421d8a,Tue May 19 2026 06:35:50 GMT+0000 (Coordinated Universal Time),Mon May 25 2026 03:36:31 GMT+0000 (Coordinated Universal Time),,,,,Denville,US,,,,,,,,,mailchimp_pre_2026,2023-05-04 17:57:49,,,,,,
19d3d221-01c6-41bb-9c25-0ceac4365632,Jennifer,Foreman,jbobbyjo@aol.com,,,8756ef63cd4844de806be09ac1585640,,,,,,,,true,"","",89e0b4f6-0dca-41e1-a652-9e86f7421d8a,Tue May 19 2026 06:35:50 GMT+0000 (Coordinated Universal Time),Mon May 25 2026 03:36:31 GMT+0000 (Coordinated Universal Time),,,,,Brentwood,US,,,,,,,,,stripe-pre-2026,2019-06-04 19:12:48,,,,,,
dcf92e4b-3b0c-4101-a859-e11242ba325f,Nelson,Nelson,nelsonsantosgame@mail.com,,,a2bd688271ae40b081dc424d403d3a8a,,,,,,,,true,"","",89e0b4f6-0dca-41e1-a652-9e86f7421d8a,Tue May 19 2026 06:35:50 GMT+0000 (Coordinated Universal Time),Mon May 25 2026 03:36:31 GMT+0000 (Coordinated Universal Time),,,,,New York,US,,,,,,,,,stripe-pre-2026,,,,,,,
44e7eeb9-b90b-4c02-8e4e-31a920ac6ffc,Shelly,Lewis,shellew30@gmail.com,,,327458732a5e4534804b22e7fec45cb4,,,,,,,,true,"","",89e0b4f6-0dca-41e1-a652-9e86f7421d8a,Tue May 19 2026 06:35:50 GMT+0000 (Coordinated Universal Time),Mon May 25 2026 03:36:31 GMT+0000 (Coordinated Universal Time),,,,,,,,,,cus_OT2VgjGwIzQOMW,,,,,stripe-pre-2026,,,,,,,
e4b0a8f1-3952-4340-9538-cbec90e25adb,Kevin,Sweeney,kevin@advjk.com,,,4e2d5cb25c0b4eb794e4672877e4ea6c,,,,,,,,true,"","",89e0b4f6-0dca-41e1-a652-9e86f7421d8a,Tue May 19 2026 06:35:50 GMT+0000 (Coordinated Universal Time),Mon May 25 2026 03:36:31 GMT+0000 (Coordinated Universal Time),,,,,Santa Rosa,US,,,,cus_Gvb9bxy2A1Azut,,,,,stripe-pre-2026,,,,,,,
c6b50e94-c616-492d-a95c-05e54ffbe420,Veronica,Metzler,fitter9077@hotmail.com,,,262b9b31af2344639637e339126eb81b,,,,,,,,true,"","",89e0b4f6-0dca-41e1-a652-9e86f7421d8a,Tue May 19 2026 06:35:50 GMT+0000 (Coordinated Universal Time),Mon May 25 2026 03:36:31 GMT+0000 (Coordinated Universal Time),,,,,COON RAPIDS,US,,,,,,,,,stripe-pre-2026,,,,,,,
ea71c8ff-803e-4d55-8e2d-50658a42b8df,John,Mora,johnmarianomora@gmail.com,,,e2f7268dd6ef45339a57c185479642f8,,,,,,,,true,"","",89e0b4f6-0dca-41e1-a652-9e86f7421d8a,Tue May 19 2026 06:35:50 GMT+0000 (Coordinated Universal Time),Mon May 25 2026 03:36:31 GMT+0000 (Coordinated Universal Time),,,,,Bellmore,US,,,,cus_RAF0nw3MoxEjzA,,,,,stripe-pre-2026,,,,,,,
aab00d3f-2d0f-4188-8fde-8cbb7693857f,Estevan,Olivas,steven.paco71@gmail.com,,,652e55e911964d479267bae550a03261,,,,,,,,true,"","",89e0b4f6-0dca-41e1-a652-9e86f7421d8a,Tue May 19 2026 06:35:50 GMT+0000 (Coordinated Universal Time),Mon May 25 2026 03:36:31 GMT+0000 (Coordinated Universal Time),,,,,Abilene,US,,,,cus_QpJqYmeIWO1w3i,,,,,stripe-pre-2026,,,,,,,
d571154d-a9d9-46cf-ab64-64d0c2da8d64,,,pfoshee@streamlinefulfill.com,,,a8a2081fc6624ef8922258f834f0bda2,,,,,,,,true,"","",89e0b4f6-0dca-41e1-a652-9e86f7421d8a,Tue May 19 2026 06:35:50 GMT+0000 (Coordinated Universal Time),Mon May 25 2026 03:36:32 GMT+0000 (Coordinated Universal Time),,,,,,,,,,,,,,,mailchimp_pre_2026,2023-05-04 17:57:47,,,,,,
a47f126f-63a4-47a4-88d0-896bc67fac20,Lily,Guild,lilyguild@me.com,,,f5340019f1294ca79ff968853b1a0739,,,,,,,,true,"","",89e0b4f6-0dca-41e1-a652-9e86f7421d8a,Tue May 19 2026 06:35:50 GMT+0000 (Coordinated Universal Time),Mon May 25 2026 03:36:32 GMT+0000 (Coordinated Universal Time),,,,,SANTA BARBARA,US,,,,,,,,,stripe-pre-2026,,,,,,,
4f674c9f-d08f-4cd8-b099-b85a41075508,,,jill.sabulis@gmail.com,,,2345dd13ab9a4ddd9a1cef2eb2088f0a,,,,,,,,true,"","",89e0b4f6-0dca-41e1-a652-9e86f7421d8a,Tue May 19 2026 06:35:50 GMT+0000 (Coordinated Universal Time),Mon May 25 2026 03:36:32 GMT+0000 (Coordinated Universal Time),,,,,ga,,,,,,,,,,mailchimp_pre_2026,2019-05-05 08:41:57,,,,,,
a7d8fbc8-e2ec-4c44-ad7f-7c5fae47bc26,Ryan,Powers,ryan.powers10@gmail.com,,,6102aa8b56874494a6541d51935b404f,,,,,,,,true,"","",89e0b4f6-0dca-41e1-a652-9e86f7421d8a,Tue May 19 2026 06:35:50 GMT+0000 (Coordinated Universal Time),Mon May 25 2026 03:36:32 GMT+0000 (Coordinated Universal Time),,,,,Boston,US,,,,cus_Osrd2mcZK5NOsQ,,,,,stripe-pre-2026,2019-04-28 16:30:09,,,,,,
d65b41a9-cb20-44bf-81e5-056de26e59b6,,,71rp20@gmail.com,,,20c7ebffc8c94112bcc88367b3a69083,,,,,,,,true,"","",89e0b4f6-0dca-41e1-a652-9e86f7421d8a,Tue May 19 2026 06:35:50 GMT+0000 (Coordinated Universal Time),Mon May 25 2026 03:36:32 GMT+0000 (Coordinated Universal Time),,,,,,,,,,,,,,,mailchimp_pre_2026,2023-05-04 17:57:36,,,,,,
ba564657-ba83-4506-bcd0-71e64bd7aebe,Linda,Murdock,lempalc@gmail.com,,,e57dec883a5a4859b2091f1dddb04140,,,,,,,,true,"","",89e0b4f6-0dca-41e1-a652-9e86f7421d8a,Tue May 19 2026 06:35:50 GMT+0000 (Coordinated Universal Time),Mon May 25 2026 03:36:32 GMT+0000 (Coordinated Universal Time),,,,,Pembroke Pines,US,,,,cus_PGwGEjmOMBRraj,,,,,stripe-pre-2026,,,,,,,
74a9a348-0ac9-45a1-9865-3fde60613f01,William,Mackay,william@coastalconstructionremodeling.com,,,921b88321a18493ab7f83365efed2691,,,,,,,,true,"","",89e0b4f6-0dca-41e1-a652-9e86f7421d8a,Tue May 19 2026 06:35:50 GMT+0000 (Coordinated Universal Time),Mon May 25 2026 03:36:32 GMT+0000 (Coordinated Universal Time),,,,,Sarasota,US,,,,cus_P8oZEEP15xMDf1,,,,,stripe-pre-2026,,,,,,,
97495107-b10b-4f79-b1cf-b794e39b10a2,,,Superiorlivingllc@gmail.com,,,1e5e2a3e7449449bbed8dcadef4ee0fc,,,,,,,,true,"","",89e0b4f6-0dca-41e1-a652-9e86f7421d8a,Tue May 19 2026 06:35:50 GMT+0000 (Coordinated Universal Time),Mon May 25 2026 03:36:32 GMT+0000 (Coordinated Universal Time),,,,,,,,,,,,,,,mailchimp_pre_2026,2019-05-17 11:32:24,,,,,,
828d9f1f-7be9-40d0-9077-42f2adb8a31e,,,drsophiaclarke@gmail.com,,,e424e8b4944d456e8d033c2cea09166f,,,,,,,,true,"","",89e0b4f6-0dca-41e1-a652-9e86f7421d8a,Tue May 19 2026 06:35:50 GMT+0000 (Coordinated Universal Time),Mon May 25 2026 03:36:32 GMT+0000 (Coordinated Universal Time),,,,,BZ,,,,,,,,,,mailchimp_pre_2026,2020-02-29 14:02:39,,,,,,
e4dd0711-984a-4e02-996d-3b551b962e8a,Timothy,Pohlad,timpohlad@civitaz.com,,,6820bb80511a41dc8084e979c9140856,,,,,,,,true,"","",89e0b4f6-0dca-41e1-a652-9e86f7421d8a,Tue May 19 2026 06:35:50 GMT+0000 (Coordinated Universal Time),Mon May 25 2026 03:36:32 GMT+0000 (Coordinated Universal Time),,,,,Phoenix,US,,,,cus_Nwq9eMPnyV5pqb,,,,,stripe-pre-2026,,,,,,,
10ff5a29-ae28-438f-a018-8fb8bdc692dd,Salamh,Almeraikhy,salamh@gmail.com,,,a3dcb405647e4c2481d92ca3c408f758,,,,,,,,true,"","",89e0b4f6-0dca-41e1-a652-9e86f7421d8a,Tue May 19 2026 06:35:50 GMT+0000 (Coordinated Universal Time),Mon May 25 2026 03:36:32 GMT+0000 (Coordinated Universal Time),,,,,Dubai,AE,,,,cus_QfmhfeJtW1B9tL,,,,,stripe-pre-2026,,,,,,,
31904649-3cf6-4d1e-9df1-b81a17222fc2,Jeff,Fuller,fullerjmp@cox.net,,,7854cb6ef89b4b5ba0b88178ef0280d5,,,,,,,,true,"","",89e0b4f6-0dca-41e1-a652-9e86f7421d8a,Tue May 19 2026 06:35:50 GMT+0000 (Coordinated Universal Time),Mon May 25 2026 03:36:32 GMT+0000 (Coordinated Universal Time),,,,,Olmsted Falls,US,,,,cus_NbdThDHJP7zMTZ,,,,,stripe-pre-2026,2023-05-04 17:57:26,,,,,,
00b6af7b-9aa7-4f50-a972-4967d3c5d268,Christopher,Jensen,ccjensen310@gmail.com,,,7659e33bf46e4ca29a70d935d752ee6c,,,,,,,,true,"","",89e0b4f6-0dca-41e1-a652-9e86f7421d8a,Tue May 19 2026 06:35:50 GMT+0000 (Coordinated Universal Time),Mon May 25 2026 03:36:33 GMT+0000 (Coordinated Universal Time),,,,,HUNTINGTON STATION,US,,,,,,,,,stripe-pre-2026,,,,,,,
9ecf0acd-7fd0-4dc2-97cc-6df8a08f1823,,,fay.parr@gmail.com,,,f03563de9aa94c8395535b427256be05,,,,,,,,true,"","",89e0b4f6-0dca-41e1-a652-9e86f7421d8a,Tue May 19 2026 06:35:50 GMT+0000 (Coordinated Universal Time),Mon May 25 2026 03:36:33 GMT+0000 (Coordinated Universal Time),,,,,Dallas,US,,,,,,,,,mailchimp_pre_2026,2023-05-04 17:57:45,,,,,,
5d2e786a-b2d9-4acf-9225-276d90dc3f7c,Hayden,Rose,johng@zentrallc.com,,,f78e40ec895c45f19871ffe3bf7bc330,,,,,,,,true,"","",89e0b4f6-0dca-41e1-a652-9e86f7421d8a,Tue May 19 2026 06:35:50 GMT+0000 (Coordinated Universal Time),Mon May 25 2026 03:36:33 GMT+0000 (Coordinated Universal Time),,,,,Indian Trail,US,,,,cus_PaTc42ecORTcq7,,,,,stripe-pre-2026,,,,,,,
10248f20-6a52-4749-abc3-5360840cc35b,Connie,Brown,cpbrown970@gmail.com,,,264a4e04b19940afb787a3735f64df6b,,,,,,,,true,"","",89e0b4f6-0dca-41e1-a652-9e86f7421d8a,Tue May 19 2026 06:35:50 GMT+0000 (Coordinated Universal Time),Mon May 25 2026 03:36:33 GMT+0000 (Coordinated Universal Time),,,,,Pierce,US,,,,cus_KXjVzme5UtlprC,,,,,stripe-pre-2026,,,,,,,
8db51708-5cb7-4fb0-942f-8892618dca4e,,,blongnecker@stuttgartschools.org,,,e52635007f1b40ca8397764ad985c20c,,,,,,,,true,"","",89e0b4f6-0dca-41e1-a652-9e86f7421d8a,Tue May 19 2026 06:35:50 GMT+0000 (Coordinated Universal Time),Mon May 25 2026 03:36:33 GMT+0000 (Coordinated Universal Time),,,,,Arlington,US,,,,,,,,,mailchimp_pre_2026,2023-05-04 17:57:31,,,,,,
49a9b1c0-7140-4f14-9ab8-9fef9247d6dd,,,tgushev@hotmail.com,,,3ebdbfdf4b6e479ca371f0328bc28175,,,,,,,,true,"","",89e0b4f6-0dca-41e1-a652-9e86f7421d8a,Tue May 19 2026 06:35:50 GMT+0000 (Coordinated Universal Time),Mon May 25 2026 03:36:33 GMT+0000 (Coordinated Universal Time),,,,,Mississauga,CA,,,,,,,,,mailchimp_pre_2026,2023-05-04 17:57:47,,,,,,
b971a0e8-523c-4a91-9de6-550f5048f244,Jon,Christopherson,jon@gchristiansonconstruction.com,,,71c3fa3be44f4300adc2344c11430b15,,,,,,,,true,"","",89e0b4f6-0dca-41e1-a652-9e86f7421d8a,Tue May 19 2026 06:35:50 GMT+0000 (Coordinated Universal Time),Mon May 25 2026 03:36:33 GMT+0000 (Coordinated Universal Time),,,,,Corvallis,US,,,,cus_Nh8NMSdDMrTZDI,,,,,stripe-pre-2026,2023-05-04 17:57:25,,,,,,
b6b2f607-1a9a-4df3-b05d-28cb26378c9b,,,1979aprilwilliams@gmail.com,,,22d321b186944db8b28528ebd45c3bc6,,,,,,,,true,"","",89e0b4f6-0dca-41e1-a652-9e86f7421d8a,Tue May 19 2026 06:35:50 GMT+0000 (Coordinated Universal Time),Mon May 25 2026 03:36:33 GMT+0000 (Coordinated Universal Time),,,,,TX,,,,,,,,,,mailchimp_pre_2026,2021-02-18 08:47:52,,,,,,
7a770735-43a1-4dec-b743-4b8abcec3b80,,,Jscflorida@gmail.com,,,b63132f04a5f4d5f82e63d0026d2ad5b,,,,,,,,true,"","",89e0b4f6-0dca-41e1-a652-9e86f7421d8a,Tue May 19 2026 06:35:50 GMT+0000 (Coordinated Universal Time),Mon May 25 2026 03:36:33 GMT+0000 (Coordinated Universal Time),,,,,,,,,,,,,,,mailchimp_pre_2026,2025-07-26 03:04:02,,,,,,
768fffd2-adc2-4c75-ac68-76f589f349af,,,steve@reblockindustries.com,,,af51fc7470be412ba3bb0ed0c355ddd2,,,,,,,,true,"","",89e0b4f6-0dca-41e1-a652-9e86f7421d8a,Tue May 19 2026 06:35:50 GMT+0000 (Coordinated Universal Time),Mon May 25 2026 03:36:33 GMT+0000 (Coordinated Universal Time),,,,,Bellingham,US,,,,,,,,,mailchimp_pre_2026,2023-05-04 17:57:27,,,,,,
80be7b10-435b-44aa-a9a9-35d343471a20,,,svers1@gmail.com,,,e582b8795dda41d18ebffce94d275b53,,,,,,,,true,"","",89e0b4f6-0dca-41e1-a652-9e86f7421d8a,Tue May 19 2026 06:35:50 GMT+0000 (Coordinated Universal Time),Mon May 25 2026 03:36:33 GMT+0000 (Coordinated Universal Time),,,,,Gatchina,RU,,,,,,,,,mailchimp_pre_2026,2023-05-04 17:57:45,,,,,,
17a6d44f-a17b-4558-8cfa-d2963a6b9ae4,,,marshfamily28@gmail.com,,,da09b172244a427791b6d58b3a380611,,,,,,,,true,"","",89e0b4f6-0dca-41e1-a652-9e86f7421d8a,Tue May 19 2026 06:35:50 GMT+0000 (Coordinated Universal Time),Mon May 25 2026 03:36:33 GMT+0000 (Coordinated Universal Time),,,,,Brisbane,AU,,,,,,,,,mailchimp_pre_2026,2023-05-04 17:57:44,,,,,,
7bb8167a-18af-4345-a37f-d7a9a9b63b5b,,,sherylmek@gmail.com,,,b21b76b66aad4c5aba8ae9f6fc2bf1f3,,,,,,,,true,"","",89e0b4f6-0dca-41e1-a652-9e86f7421d8a,Tue May 19 2026 06:35:50 GMT+0000 (Coordinated Universal Time),Mon May 25 2026 03:36:33 GMT+0000 (Coordinated Universal Time),,,,,IL,,,,,,,,,,mailchimp_pre_2026,2020-09-11 18:49:12,,,,,,
83aaab9c-277b-4cb3-b29b-4e8d3f87b858,,,cmakarewicz@comcast.net,,,dca72a7855bc40f484a9450a067ad359,,,,,,,,true,"","",89e0b4f6-0dca-41e1-a652-9e86f7421d8a,Tue May 19 2026 06:35:50 GMT+0000 (Coordinated Universal Time),Mon May 25 2026 03:36:34 GMT+0000 (Coordinated Universal Time),,,,,ma,,,,,,,,,,mailchimp_pre_2026,2019-05-05 12:57:11,,,,,,
3b0ee6ae-5a43-41c3-b3e3-b716cb429b25,,,rsharma.cbs@gmail.com,,,4cc5545283f84b019fdd9fed0984e5ed,,,,,,,,true,"","",89e0b4f6-0dca-41e1-a652-9e86f7421d8a,Tue May 19 2026 06:35:50 GMT+0000 (Coordinated Universal Time),Mon May 25 2026 03:36:34 GMT+0000 (Coordinated Universal Time),,,,,Mississauga,CA,,,,,,,,,mailchimp_pre_2026,2023-05-04 17:57:37,,,,,,
21e2c3f5-cd95-4072-a8e2-bc516efc6a78,,,aoldude@aol.com,,,5b0d919955bd4c3683c577f0b3043dce,,,,,,,,true,"","",89e0b4f6-0dca-41e1-a652-9e86f7421d8a,Tue May 19 2026 06:35:50 GMT+0000 (Coordinated Universal Time),Mon May 25 2026 03:36:34 GMT+0000 (Coordinated Universal Time),,,,,,,,,,,,,,,mailchimp_pre_2026,2025-07-26 03:04:02,,,,,,
dd9000d7-e878-4925-9a2a-759c0c9e0785,,,crshockey41@yahoo.com,,,70e2e8440efc4315ad70c3fa2d23284f,,,,,,,,true,"","",89e0b4f6-0dca-41e1-a652-9e86f7421d8a,Tue May 19 2026 06:35:50 GMT+0000 (Coordinated Universal Time),Mon May 25 2026 03:36:34 GMT+0000 (Coordinated Universal Time),,,,,,,,,,,,,,,mailchimp_pre_2026,2023-05-04 17:57:29,,,,,,
249b9c8f-83c5-4e15-aac9-f6364e99da39,,,oreoacres@aol.com,,,f4618395a09b4f6db43aaffd10de839c,,,,,,,,true,"","",89e0b4f6-0dca-41e1-a652-9e86f7421d8a,Tue May 19 2026 06:35:50 GMT+0000 (Coordinated Universal Time),Mon May 25 2026 03:36:34 GMT+0000 (Coordinated Universal Time),,,,,St,US,,,,,,,,,mailchimp_pre_2026,2023-05-04 17:57:52,,,,,,
f40e1381-54ee-40a8-afb0-f77940b1fd89,,,jonathanferreira86@icloud.com,,,b16a473857c3461da880035705728ef6,,,,,,,,true,"","",89e0b4f6-0dca-41e1-a652-9e86f7421d8a,Tue May 19 2026 06:35:50 GMT+0000 (Coordinated Universal Time),Mon May 25 2026 03:36:34 GMT+0000 (Coordinated Universal Time),,,,,on,,,,,,,,,,mailchimp_pre_2026,2019-03-21 10:44:06,,,,,,
b7dc7629-3fa0-4764-90e0-fc9d472f0159,,,mxmxer@yahoo.com,,,5e7e7896863c4a47b53681abdb19c13e,,,,,,,,true,"","",89e0b4f6-0dca-41e1-a652-9e86f7421d8a,Tue May 19 2026 06:35:50 GMT+0000 (Coordinated Universal Time),Mon May 25 2026 03:36:34 GMT+0000 (Coordinated Universal Time),,,,,,,,,,,,,,,mailchimp_pre_2026,2023-05-04 17:57:30,,,,,,
9722659a-3660-4d93-aee0-010c87d3b5b0,,,javabeanstudio@gmail.com,,,87ba240b40f14326b5b08d75a3f2938f,,,,,,,,true,"","",89e0b4f6-0dca-41e1-a652-9e86f7421d8a,Tue May 19 2026 06:35:50 GMT+0000 (Coordinated Universal Time),Mon May 25 2026 03:36:34 GMT+0000 (Coordinated Universal Time),,,,,NJ,,,,,,,,,,mailchimp_pre_2026,2021-01-09 19:24:35,,,,,,
bef9e99f-36af-45b7-b5f4-45edddd77926,,,john.schreifels@softwarebuildersinc.com,,,e8bf9628f7c6434b8a757f987b7324d7,,,,,,,,true,"","",89e0b4f6-0dca-41e1-a652-9e86f7421d8a,Tue May 19 2026 06:35:50 GMT+0000 (Coordinated Universal Time),Mon May 25 2026 03:36:34 GMT+0000 (Coordinated Universal Time),,,,,,,,,,,,,,,mailchimp_pre_2026,2023-05-04 17:57:33,,,,,,
a9bb626f-e4ef-4eb0-81df-79276fd4c666,,,rohdeconstruction@gmail.com,,,74e6bf13adeb49ea957f3fec9cf2116b,,,,,,,,true,"","",89e0b4f6-0dca-41e1-a652-9e86f7421d8a,Tue May 19 2026 06:35:50 GMT+0000 (Coordinated Universal Time),Mon May 25 2026 03:36:34 GMT+0000 (Coordinated Universal Time),,,,,,,,,,,,,,,mailchimp_pre_2026,2025-07-26 02:36:42,,,,,,
397f8285-b035-4309-8ce7-0f97017e232e,,,writer.samanthablack92@gmail.com,,,e65a06bc9f764943b0fcdfa10ae38716,,,,,,,,true,"","",89e0b4f6-0dca-41e1-a652-9e86f7421d8a,Tue May 19 2026 06:35:50 GMT+0000 (Coordinated Universal Time),Mon May 25 2026 03:36:34 GMT+0000 (Coordinated Universal Time),,,,,Indore,IN,,,,,,,,,mailchimp_pre_2026,2023-05-04 17:57:31,,,,,,
d4b94b7d-009a-4d01-bc7d-b8389c6f1a19,,,julessultes@gmail.com,,,41d36bea772846b29ed5ab4e73c47b83,,,,,,,,true,"","",89e0b4f6-0dca-41e1-a652-9e86f7421d8a,Tue May 19 2026 06:35:50 GMT+0000 (Coordinated Universal Time),Mon May 25 2026 03:36:35 GMT+0000 (Coordinated Universal Time),,,,,Sterling,US,,,,,,,,,mailchimp_pre_2026,2023-05-04 17:57:50,,,,,,
3b9ba4e4-6c11-4d5e-821f-ebe0cf1f89f8,,,sky201@comcast.net,,,1b055554dab2484c89bc8ff4309dfb56,,,,,,,,true,"","",89e0b4f6-0dca-41e1-a652-9e86f7421d8a,Tue May 19 2026 06:35:50 GMT+0000 (Coordinated Universal Time),Mon May 25 2026 03:36:35 GMT+0000 (Coordinated Universal Time),,,,,Brunswick,US,,,,,,,,,mailchimp_pre_2026,2023-05-04 17:57:49,,,,,,
ae89945f-67b1-43b2-9578-47ed5a7cb4dc,,,j.hogan@flippasales.com,,,15b3ec5ac61743f8a621c0131edf8488,,,,,,,,true,"","",89e0b4f6-0dca-41e1-a652-9e86f7421d8a,Tue May 19 2026 06:35:50 GMT+0000 (Coordinated Universal Time),Mon May 25 2026 03:36:35 GMT+0000 (Coordinated Universal Time),,,,,San,PH,,,,,,,,,mailchimp_pre_2026,2023-05-04 17:57:32,,,,,,
c9283852-8b56-482f-a6bd-19a5dad8ebb9,,,k5family@shaw.ca,,,e9aae6f2ef92478dab6539ef7173cc14,,,,,,,,true,"","",89e0b4f6-0dca-41e1-a652-9e86f7421d8a,Tue May 19 2026 06:35:50 GMT+0000 (Coordinated Universal Time),Mon May 25 2026 03:36:35 GMT+0000 (Coordinated Universal Time),,,,,Richmond,CA,,,,,,,,,mailchimp_pre_2026,2023-05-04 17:57:44,,,,,,
30299fc1-85ff-4ac2-8306-15107aa7f843,,,mmccormack295@gmail.com,,,40d12ffad60d414b8df1c869bd61a0b7,,,,,,,,true,"","",89e0b4f6-0dca-41e1-a652-9e86f7421d8a,Tue May 19 2026 06:35:50 GMT+0000 (Coordinated Universal Time),Mon May 25 2026 03:36:35 GMT+0000 (Coordinated Universal Time),,,,,TX,,,,,,,,,,mailchimp_pre_2026,2021-04-16 16:07:39,,,,,,
db5b4bb2-88a8-42c3-8df1-84ef0c0171aa,,,jane.yanabu@gmail.com,,,69b95fd1bd744794b1c68d013a55a947,,,,,,,,true,"","",89e0b4f6-0dca-41e1-a652-9e86f7421d8a,Tue May 19 2026 06:35:50 GMT+0000 (Coordinated Universal Time),Mon May 25 2026 03:36:35 GMT+0000 (Coordinated Universal Time),,,,,HI,,,,,,,,,,mailchimp_pre_2026,2021-03-12 18:26:34,,,,,,
43900a43-bbaf-48f1-b17b-88e155d3de1a,,,kitchenfitter45@yahoo.co.uk,,,0bd4209937554d219f81638e44e21ed6,,,,,,,,true,"","",89e0b4f6-0dca-41e1-a652-9e86f7421d8a,Tue May 19 2026 06:35:50 GMT+0000 (Coordinated Universal Time),Mon May 25 2026 03:36:35 GMT+0000 (Coordinated Universal Time),,,,,SLG,,,,,,,,,,mailchimp_pre_2026,2020-07-06 02:58:43,,,,,,
32b140af-3663-4eb7-b373-6595a9d5ce22,,,organizingrelief@gmail.com,,,48f1d7cb3a2f441ebd9bdabd5e5879d5,,,,,,,,true,"","",89e0b4f6-0dca-41e1-a652-9e86f7421d8a,Tue May 19 2026 06:35:50 GMT+0000 (Coordinated Universal Time),Mon May 25 2026 03:36:35 GMT+0000 (Coordinated Universal Time),,,,,,,,,,,,,,,mailchimp_pre_2026,2025-07-26 03:04:02,,,,,,
5fb63050-5af4-4509-ad35-5408d2e8122d,,,sister1975@rambler.ru,,,08ed20d6172845ab8a13626a67fc3203,,,,,,,,true,"","",89e0b4f6-0dca-41e1-a652-9e86f7421d8a,Tue May 19 2026 06:35:50 GMT+0000 (Coordinated Universal Time),Mon May 25 2026 03:36:35 GMT+0000 (Coordinated Universal Time),,,,,Reading,GB,,,,,,,,,mailchimp_pre_2026,2023-05-04 17:57:48,,,,,,
1008f38b-af1b-44d1-a6ca-548e81250186,,,caparks7@bellsouth.net,,,d90b89c65a38496f8144ec90d728178e,,,,,,,,true,"","",89e0b4f6-0dca-41e1-a652-9e86f7421d8a,Tue May 19 2026 06:35:50 GMT+0000 (Coordinated Universal Time),Mon May 25 2026 03:36:35 GMT+0000 (Coordinated Universal Time),,,,,,,,,,,,,,,mailchimp_pre_2026,2018-05-09 19:13:33,,,,,,
ba51c6a3-8d28-4854-80da-7bd7366a519d,,,slfbuehning@gmail.com,,,268013d4eb24412981cf26e8dc9cf60b,,,,,,,,true,"","",89e0b4f6-0dca-41e1-a652-9e86f7421d8a,Tue May 19 2026 06:35:50 GMT+0000 (Coordinated Universal Time),Mon May 25 2026 03:36:35 GMT+0000 (Coordinated Universal Time),,,,,Madison,US,,,,,,,,,mailchimp_pre_2026,2023-05-04 17:57:50,,,,,,
d9a39a95-19a2-451b-8a84-5aa11dc121f3,,,janoub612@gmail.com,,,ae6a8bf535484573b3d0ee1d17ae5bcf,,,,,,,,true,"","",89e0b4f6-0dca-41e1-a652-9e86f7421d8a,Tue May 19 2026 06:35:50 GMT+0000 (Coordinated Universal Time),Mon May 25 2026 03:36:35 GMT+0000 (Coordinated Universal Time),,,,,GA,,,,,,,,,,mailchimp_pre_2026,2020-12-17 04:05:23,,,,,,
35d4b07e-7db6-427d-8afb-a5a13011b496,,,j22ands@gmail.com,,,659526a627cb4e3883741b767b4d3553,,,,,,,,true,"","",89e0b4f6-0dca-41e1-a652-9e86f7421d8a,Tue May 19 2026 06:35:50 GMT+0000 (Coordinated Universal Time),Mon May 25 2026 03:36:36 GMT+0000 (Coordinated Universal Time),,,,,Luverne,US,,,,,,,,,mailchimp_pre_2026,2023-05-04 17:57:50,,,,,,
ade343a9-98c2-48b2-9785-7e2159e27da6,,,l.baguilat@yahoo.ca,,,4f31948b54374a1a927a07c4a10f16f3,,,,,,,,true,"","",89e0b4f6-0dca-41e1-a652-9e86f7421d8a,Tue May 19 2026 06:35:50 GMT+0000 (Coordinated Universal Time),Mon May 25 2026 03:36:42 GMT+0000 (Coordinated Universal Time),,,,,,,,,,,,,,,mailchimp_pre_2026,2021-03-26 01:13:25,,,,,,
70e620b5-ae57-4733-ac1f-825f1b4b4f7a,,,lifeasasportsmom@gmail.com,,,ab1c6847f269415181ba5c376a5b4b58,,,,,,,,true,"","",89e0b4f6-0dca-41e1-a652-9e86f7421d8a,Tue May 19 2026 06:35:50 GMT+0000 (Coordinated Universal Time),Mon May 25 2026 03:36:37 GMT+0000 (Coordinated Universal Time),,,,,or,,,,,,,,,,mailchimp_pre_2026,2019-03-14 11:25:15,,,,,,
00801a29-429a-4e4f-9597-e4a13ce8a9e5,,,brianmbabin@gmail.com,,,e9e60ee4037547f3a647cbb09925abe3,,,,,,,,true,"","",89e0b4f6-0dca-41e1-a652-9e86f7421d8a,Tue May 19 2026 06:35:50 GMT+0000 (Coordinated Universal Time),Mon May 25 2026 03:36:37 GMT+0000 (Coordinated Universal Time),,,,,Birmingham,US,,,,,,,,,mailchimp_pre_2026,2023-05-04 17:57:37,,,,,,
43e93683-4b5a-4582-a8ef-6764f8da1ed9,,,xrumerspamer@gmail.com,,,7599e17e80a8426abe42df519613df20,,,,,,,,true,"","",89e0b4f6-0dca-41e1-a652-9e86f7421d8a,Tue May 19 2026 06:35:50 GMT+0000 (Coordinated Universal Time),Mon May 25 2026 03:36:37 GMT+0000 (Coordinated Universal Time),,,,,,,,,,,,,,,mailchimp_pre_2026,2023-05-04 17:57:46,,,,,,
55ab4fd7-a0ea-4df2-a141-e80bf87c7b23,,,Arkangel2059@gmail.com,,,37ff056249c24ff497692636bf33ba9c,,,,,,,,true,"","",89e0b4f6-0dca-41e1-a652-9e86f7421d8a,Tue May 19 2026 06:35:50 GMT+0000 (Coordinated Universal Time),Mon May 25 2026 03:36:37 GMT+0000 (Coordinated Universal Time),,,,,RI,,,,,,,,,,mailchimp_pre_2026,2021-01-29 10:06:14,,,,,,
1005be09-282e-4a25-a345-6ba75e74691b,,,cortiulak@gmail.com,,,953fe8bd01d64424887e98be444e723b,,,,,,,,true,"","",89e0b4f6-0dca-41e1-a652-9e86f7421d8a,Tue May 19 2026 06:35:50 GMT+0000 (Coordinated Universal Time),Mon May 25 2026 03:36:37 GMT+0000 (Coordinated Universal Time),,,,,,,,,,,,,,,mailchimp_pre_2026,2023-05-04 17:57:52,,,,,,
3c60a28e-31c2-47bf-bf2b-5320e24252ef,,,jemook54@gmail.com,,,32753535ac4443cd9315fd4c7dc47419,,,,,,,,true,"","",89e0b4f6-0dca-41e1-a652-9e86f7421d8a,Tue May 19 2026 06:35:50 GMT+0000 (Coordinated Universal Time),Mon May 25 2026 03:36:37 GMT+0000 (Coordinated Universal Time),,,,,,,,,,,,,,,mailchimp_pre_2026,2023-05-04 17:57:32,,,,,,
9da7653e-869d-4f72-a1e3-f36ffe060d93,,,4141912@gmail.com,,,a013f470c40e4f249cd8cfa9585fccd8,,,,,,,,true,"","",89e0b4f6-0dca-41e1-a652-9e86f7421d8a,Tue May 19 2026 06:35:50 GMT+0000 (Coordinated Universal Time),Mon May 25 2026 03:36:37 GMT+0000 (Coordinated Universal Time),,,,,,,,,,,,,,,mailchimp_pre_2026,2018-02-06 13:57:37,,,,,,
6366f04d-1fe5-48fc-a82c-17177ab1da8d,,,Ray@bilotta.com,,,88c145ed32214d3c9c51947f49b32511,,,,,,,,true,"","",89e0b4f6-0dca-41e1-a652-9e86f7421d8a,Tue May 19 2026 06:35:50 GMT+0000 (Coordinated Universal Time),Mon May 25 2026 03:36:37 GMT+0000 (Coordinated Universal Time),,,,,,,,,,,,,,,mailchimp_pre_2026,2018-02-06 13:57:38,,,,,,
01312dcc-2718-41bf-a4e6-4446be7f0057,,,mgdagrisaffi@gmail.com,,,4a5f3671b2ae4cfaaf56029263867a05,,,,,,,,true,"","",89e0b4f6-0dca-41e1-a652-9e86f7421d8a,Tue May 19 2026 06:35:50 GMT+0000 (Coordinated Universal Time),Mon May 25 2026 03:36:37 GMT+0000 (Coordinated Universal Time),,,,,Harvey,US,,,,,,,,,mailchimp_pre_2026,2023-05-04 17:57:35,,,,,,
8e0d4d2c-799b-463c-82fa-4b282c48db8f,,,stjfgpxppb@mail.com,,,66d749be76464b9c8074b30ef966fff3,,,,,,,,true,"","",89e0b4f6-0dca-41e1-a652-9e86f7421d8a,Tue May 19 2026 06:35:50 GMT+0000 (Coordinated Universal Time),Mon May 25 2026 03:36:37 GMT+0000 (Coordinated Universal Time),,,,,Düsseldorf,DE,,,,,,,,,mailchimp_pre_2026,2023-05-04 17:57:32,,,,,,
4fd8cc31-f315-4f54-95ad-0aaaeb71c815,,,ginosc17@gmail.com,,,39201196a64c4192a4a6da3e9747e972,,,,,,,,true,"","",89e0b4f6-0dca-41e1-a652-9e86f7421d8a,Tue May 19 2026 06:35:50 GMT+0000 (Coordinated Universal Time),Mon May 25 2026 03:36:37 GMT+0000 (Coordinated Universal Time),,,,,,,,,,,,,,,mailchimp_pre_2026,2019-05-17 11:32:38,,,,,,
5091bea4-62d5-4d0d-ad1b-a49533380254,,,vonitabazzell@gmail.com,,,24e808934b6c4be39f3c076414e2ac91,,,,,,,,true,"","",89e0b4f6-0dca-41e1-a652-9e86f7421d8a,Tue May 19 2026 06:35:50 GMT+0000 (Coordinated Universal Time),Mon May 25 2026 03:36:37 GMT+0000 (Coordinated Universal Time),,,,,Chicago,US,,,,,,,,,mailchimp_pre_2026,2023-05-04 17:57:52,,,,,,
cdd854b5-2b13-4186-97b0-a462589d11e9,,,edhamelco@gmail.com,,,457b1c023c924f38a439de81989d2ba9,,,,,,,,true,"","",89e0b4f6-0dca-41e1-a652-9e86f7421d8a,Tue May 19 2026 06:35:50 GMT+0000 (Coordinated Universal Time),Mon May 25 2026 03:36:37 GMT+0000 (Coordinated Universal Time),,,,,,,,,,,,,,,mailchimp_pre_2026,2023-05-04 17:57:52,,,,,,
8a1def83-5c2c-4570-ab3b-011ae379c566,,,gefurey@aim.com,,,c3e7b0e2b1f346bf976236e2264e5d2c,,,,,,,,true,"","",89e0b4f6-0dca-41e1-a652-9e86f7421d8a,Tue May 19 2026 06:35:50 GMT+0000 (Coordinated Universal Time),Mon May 25 2026 03:36:37 GMT+0000 (Coordinated Universal Time),,,,,Castroville,US,,,,,,,,,mailchimp_pre_2026,2023-05-04 17:57:47,,,,,,
26ed43a5-cdc1-4ce2-98b4-1f21fb15f032,,,lh@bld.partners,,,72896eaefef94d079d1d4ac3744885b4,https://bld.partners,,,,,,,true,"","",89e0b4f6-0dca-41e1-a652-9e86f7421d8a,Tue May 19 2026 06:35:50 GMT+0000 (Coordinated Universal Time),Mon May 25 2026 03:36:37 GMT+0000 (Coordinated Universal Time),,,,,Raymond,US,,,,,,,,,mailchimp_pre_2026,2023-05-04 17:57:39,,,,,,
59f80e79-0a04-40cd-b82b-d62e57b6e116,,,Rick@JayneHanlonRealty.com,,,5e27624451e64a9194dee109cb602fb2,,,,,,,,true,"","",89e0b4f6-0dca-41e1-a652-9e86f7421d8a,Tue May 19 2026 06:35:50 GMT+0000 (Coordinated Universal Time),Mon May 25 2026 03:36:37 GMT+0000 (Coordinated Universal Time),,,,,,,,,,,,,,,mailchimp_pre_2026,2019-05-17 11:32:27,,,,,,
f562d705-680b-4482-a2c4-713ebeee4336,,,plee16@hotmail.com,,,8f7024c473704169b03fa56d8b794f78,,,,,,,,true,"","",89e0b4f6-0dca-41e1-a652-9e86f7421d8a,Tue May 19 2026 06:35:50 GMT+0000 (Coordinated Universal Time),Mon May 25 2026 03:36:37 GMT+0000 (Coordinated Universal Time),,,,,CA,,,,,,,,,,mailchimp_pre_2026,2020-10-31 21:36:51,,,,,,
bc7313ca-280a-4562-ab95-db86d42365f1,,,wse32@aol.com,,,03b7401278fe42cea39cf67ea6c16d67,,,,,,,,true,"","",89e0b4f6-0dca-41e1-a652-9e86f7421d8a,Tue May 19 2026 06:35:50 GMT+0000 (Coordinated Universal Time),Mon May 25 2026 03:36:37 GMT+0000 (Coordinated Universal Time),,,,,,,,,,,,,,,mailchimp_pre_2026,2020-03-02 22:36:54,,,,,,
18ef07fa-cf13-4c9d-b40e-9c3ddecd9c53,,,shettelbus@gmail.com,,,1c9bf733c685437e8ef9bd8400646a71,,,,,,,,true,"","",89e0b4f6-0dca-41e1-a652-9e86f7421d8a,Tue May 19 2026 06:35:50 GMT+0000 (Coordinated Universal Time),Mon May 25 2026 03:36:38 GMT+0000 (Coordinated Universal Time),,,,,,,,,,,,,,,mailchimp_pre_2026,2023-05-04 17:57:28,,,,,,
782a06c4-85c4-4061-af1c-81c0a078915c,,,jr.iuri@gmail.com,,,b1df8df3767545a8af977fcc840c961b,,,,,,,,true,"","",89e0b4f6-0dca-41e1-a652-9e86f7421d8a,Tue May 19 2026 06:35:50 GMT+0000 (Coordinated Universal Time),Mon May 25 2026 03:36:38 GMT+0000 (Coordinated Universal Time),,,,,FL,,,,,,,,,,mailchimp_pre_2026,2021-04-14 19:37:44,,,,,,
41c40464-f0de-4e85-8168-c56a58f74da0,,,esharris2@yahoo.com,,,476dd337e4e845a7830040ab0a5cd2e9,,,,,,,,true,"","",89e0b4f6-0dca-41e1-a652-9e86f7421d8a,Tue May 19 2026 06:35:50 GMT+0000 (Coordinated Universal Time),Mon May 25 2026 03:36:38 GMT+0000 (Coordinated Universal Time),,,,,NV,,,,,,,,,,mailchimp_pre_2026,2021-02-21 22:05:43,,,,,,
cf0cc426-0334-4d58-8324-ca84f38247be,,,razmore@gmail.com,,,a6f8aa8b5ca74bf0b5415c700e168a15,,,,,,,,true,"","",89e0b4f6-0dca-41e1-a652-9e86f7421d8a,Tue May 19 2026 06:35:50 GMT+0000 (Coordinated Universal Time),Mon May 25 2026 03:36:38 GMT+0000 (Coordinated Universal Time),,,,,Loveland,US,,,,,,,,,mailchimp_pre_2026,2023-05-04 17:57:39,,,,,,
581f621e-be8b-4c67-9663-52b891e1794c,,,parkviewhill@rogers.com,,,e05c847751e94a64aa9ac0d72aa29064,,,,,,,,true,"","",89e0b4f6-0dca-41e1-a652-9e86f7421d8a,Tue May 19 2026 06:35:50 GMT+0000 (Coordinated Universal Time),Mon May 25 2026 03:36:38 GMT+0000 (Coordinated Universal Time),,,,,ON,,,,,,,,,,mailchimp_pre_2026,2020-04-02 23:23:53,,,,,,
0b7437ee-ed61-4661-9289-138de1629457,,,jduletzke@comcast.net,,,5864171e4d2d409faeafc3ecf56b6f54,,,,,,,,true,"","",89e0b4f6-0dca-41e1-a652-9e86f7421d8a,Tue May 19 2026 06:35:50 GMT+0000 (Coordinated Universal Time),Mon May 25 2026 03:36:38 GMT+0000 (Coordinated Universal Time),,,,,West,US,,,,,,,,,mailchimp_pre_2026,2023-05-04 17:57:50,,,,,,
1f4a8f97-35dd-49a5-b620-9ef2c267b2e1,,,Probate1@mindspring.com,,,337a8bd7fb66470e8eaded2aa581711d,,,,,,,,true,"","",89e0b4f6-0dca-41e1-a652-9e86f7421d8a,Tue May 19 2026 06:35:50 GMT+0000 (Coordinated Universal Time),Mon May 25 2026 03:36:38 GMT+0000 (Coordinated Universal Time),,,,,,,,,,,,,,,mailchimp_pre_2026,2025-07-26 03:04:02,,,,,,
9c36a875-11c8-4724-be4c-6c91f578f240,,,belles@live.com,,,769af4c9d08c446483d815aaba6b47b8,,,,,,,,true,"","",89e0b4f6-0dca-41e1-a652-9e86f7421d8a,Tue May 19 2026 06:35:50 GMT+0000 (Coordinated Universal Time),Mon May 25 2026 03:36:38 GMT+0000 (Coordinated Universal Time),,,,,Calgary,CA,,,,,,,,,mailchimp_pre_2026,2023-05-04 17:57:50,,,,,,
1bd1aee0-7d21-473b-a1ca-6ed32ad46880,,,mrdorea@gmail.com,,,9fc68d6fb4194f538b940f2d682eebe1,,,,,,,,true,"","",89e0b4f6-0dca-41e1-a652-9e86f7421d8a,Tue May 19 2026 06:35:50 GMT+0000 (Coordinated Universal Time),Mon May 25 2026 03:36:38 GMT+0000 (Coordinated Universal Time),,,,,,,,,,,,,,,mailchimp_pre_2026,2023-05-04 17:57:30,,,,,,
79f7b44a-47fc-4c00-bb4b-d1a16fe60d34,,,smhc@charter.net,,,3820e8e5b38a4af5a887a95aaca4dac9,,,,,,,,true,"","",89e0b4f6-0dca-41e1-a652-9e86f7421d8a,Tue May 19 2026 06:35:50 GMT+0000 (Coordinated Universal Time),Mon May 25 2026 03:36:38 GMT+0000 (Coordinated Universal Time),,,,,,,,,,,,,,,mailchimp_pre_2026,2023-05-04 17:57:53,,,,,,
5b3487c0-698c-46c3-87e1-4c664343707e,,,darren.binder@gmail.com,,,74964f0278074b39bd9df598af58afa1,,,,,,,,true,"","",89e0b4f6-0dca-41e1-a652-9e86f7421d8a,Tue May 19 2026 06:35:50 GMT+0000 (Coordinated Universal Time),Mon May 25 2026 03:36:38 GMT+0000 (Coordinated Universal Time),,,,,,,,,,,,,,,mailchimp_pre_2026,2019-05-17 11:32:36,,,,,,
a81b6493-1962-4ae8-aaf2-e24dd475e4ee,,,markboliaris@gmail.com,,,2fe7994908a0401c9c1d578e237e1899,,,,,,,,true,"","",89e0b4f6-0dca-41e1-a652-9e86f7421d8a,Tue May 19 2026 06:35:50 GMT+0000 (Coordinated Universal Time),Mon May 25 2026 03:36:36 GMT+0000 (Coordinated Universal Time),,,,,,,,,,,,,,,mailchimp_pre_2026,2019-05-17 11:32:20,,,,,,
7d8068bf-b8d5-4a8e-a64a-974c286f31d3,,,ldalestucker@gmail.com,,,724e4bd0a95840689e5b81987deaafe6,,,,,,,,true,"","",89e0b4f6-0dca-41e1-a652-9e86f7421d8a,Tue May 19 2026 06:35:50 GMT+0000 (Coordinated Universal Time),Mon May 25 2026 03:36:38 GMT+0000 (Coordinated Universal Time),,,,,,,,,,,,,,,mailchimp_pre_2026,2023-05-04 17:57:28,,,,,,
b81a2de5-b979-451e-9402-1fd3634b8e2b,,,saria.razaq@yahoo.co.uk,,,62695deeab614ecf82418a556f3ef72a,,,,,,,,true,"","",89e0b4f6-0dca-41e1-a652-9e86f7421d8a,Tue May 19 2026 06:35:50 GMT+0000 (Coordinated Universal Time),Mon May 25 2026 03:36:38 GMT+0000 (Coordinated Universal Time),,,,,,,,,,,,,,,mailchimp_pre_2026,2023-05-04 17:57:38,,,,,,
6c996836-86c2-40f2-8fe9-a89cabf5e8d2,,,meadedon315@gmail.com,,,722dfc8fe7e7407b8aa78082262ce08c,,,,,,,,true,"","",89e0b4f6-0dca-41e1-a652-9e86f7421d8a,Tue May 19 2026 06:35:50 GMT+0000 (Coordinated Universal Time),Mon May 25 2026 03:36:38 GMT+0000 (Coordinated Universal Time),,,,,,,,,,,,,,,mailchimp_pre_2026,2023-05-04 17:57:32,,,,,,
6ce02f77-eb96-4448-ad84-b57d631d3da1,,,lynn.knowles@gmail.com,,,751425443b3b483aa875e8a7f162aaba,,,,,,,,true,"","",89e0b4f6-0dca-41e1-a652-9e86f7421d8a,Tue May 19 2026 06:35:50 GMT+0000 (Coordinated Universal Time),Mon May 25 2026 03:36:38 GMT+0000 (Coordinated Universal Time),,,,,Blairsville,US,,,,,,,,,mailchimp_pre_2026,2023-05-04 17:57:39,,,,,,
1ece135a-5846-444b-8ea3-81e44293e6c1,,,griswold.sg.stan@gmail.com,,,d73446ae867843cebcb9edc0d5e73a47,,,,,,,,true,"","",89e0b4f6-0dca-41e1-a652-9e86f7421d8a,Tue May 19 2026 06:35:50 GMT+0000 (Coordinated Universal Time),Mon May 25 2026 03:36:38 GMT+0000 (Coordinated Universal Time),,,,,,,,,,,,,,,mailchimp_pre_2026,2023-05-04 17:57:31,,,,,,
d99cea0b-a072-4c91-8bd8-fbba73d0eb12,,,vananhtt@gmail.com,,,38b7620e9d3846bc805db5dbf3dbc286,,,,,,,,true,"","",89e0b4f6-0dca-41e1-a652-9e86f7421d8a,Tue May 19 2026 06:35:50 GMT+0000 (Coordinated Universal Time),Mon May 25 2026 03:36:38 GMT+0000 (Coordinated Universal Time),,,,,mi,,,,,,,,,,mailchimp_pre_2026,2019-04-24 20:27:05,,,,,,
fccfd343-317c-4a69-949d-a9b28b743ede,,,mookur66@icloud.com,,,5e913c1118dc4aac8a3bf188b7a83a9d,,,,,,,,true,"","",89e0b4f6-0dca-41e1-a652-9e86f7421d8a,Tue May 19 2026 06:35:50 GMT+0000 (Coordinated Universal Time),Mon May 25 2026 03:36:38 GMT+0000 (Coordinated Universal Time),,,,,,,,,,,,,,,mailchimp_pre_2026,2023-05-04 17:57:51,,,,,,
72ec37eb-d454-46e8-9698-f2a3cc4e7edd,,,jan.phelan@gmail.com,,,4233495980c949a9a7e69ca41e19411d,,,,,,,,true,"","",89e0b4f6-0dca-41e1-a652-9e86f7421d8a,Tue May 19 2026 06:35:50 GMT+0000 (Coordinated Universal Time),Mon May 25 2026 03:36:38 GMT+0000 (Coordinated Universal Time),,,,,Camdenton,US,,,,,,,,,mailchimp_pre_2026,2023-05-04 17:57:35,,,,,,
d9429ca7-7c6e-4522-a3e7-2e218ba4a610,,,markrachel@live.co.uk,,,9b9852a771a048c1bdb8559255c00ce4,,,,,,,,true,"","",89e0b4f6-0dca-41e1-a652-9e86f7421d8a,Tue May 19 2026 06:35:50 GMT+0000 (Coordinated Universal Time),Mon May 25 2026 03:36:38 GMT+0000 (Coordinated Universal Time),,,,,,,,,,,,,,,mailchimp_pre_2026,2023-05-04 17:57:30,,,,,,
6abcaec8-70e1-4ea7-9fe9-767da1edc0e2,,,wannes.vandermark@hotmail.com,,,f7cf6b0b9556421fb484b55de46fab5e,,,,,,,,true,"","",89e0b4f6-0dca-41e1-a652-9e86f7421d8a,Tue May 19 2026 06:35:50 GMT+0000 (Coordinated Universal Time),Mon May 25 2026 03:36:38 GMT+0000 (Coordinated Universal Time),,,,,auk,,,,,,,,,,mailchimp_pre_2026,2019-03-31 17:54:39,,,,,,
1d9c4121-a23e-431e-a948-f79269a171ea,,,roxlikestofish@gmail.com,,,a603f706bbea44ae8738b9a225c8f6e0,,,,,,,,true,"","",89e0b4f6-0dca-41e1-a652-9e86f7421d8a,Tue May 19 2026 06:35:50 GMT+0000 (Coordinated Universal Time),Mon May 25 2026 03:36:38 GMT+0000 (Coordinated Universal Time),,,,,,,,,,,,,,,mailchimp_pre_2026,2019-05-17 11:32:47,,,,,,
273601a7-9a16-4d6d-91f7-b118a70bf373,,,Bluebird435@comcast.net,,,ef06b48942af4ff6aad3be99d0fb270a,,,,,,,,true,"","",89e0b4f6-0dca-41e1-a652-9e86f7421d8a,Tue May 19 2026 06:35:50 GMT+0000 (Coordinated Universal Time),Mon May 25 2026 03:36:38 GMT+0000 (Coordinated Universal Time),,,,,,,,,,,,,,,mailchimp_pre_2026,2019-05-17 11:32:27,,,,,,
1d5941c2-e749-401f-a375-f7da918eb692,,,mkeim@hcsc.org,,,4ddbb5671e19498e8dd862ebf60829db,,,,,,,,true,"","",89e0b4f6-0dca-41e1-a652-9e86f7421d8a,Tue May 19 2026 06:35:50 GMT+0000 (Coordinated Universal Time),Mon May 25 2026 03:36:38 GMT+0000 (Coordinated Universal Time),,,,,,,,,,,,,,,mailchimp_pre_2026,2023-05-04 17:57:28,,,,,,
f5a1b5fd-9400-44f6-88e6-2c0b43f56dbf,,,davebenderson@gmail.com,,,34e55dc4530f4bd8a379089178005e18,,,,,,,,true,"","",89e0b4f6-0dca-41e1-a652-9e86f7421d8a,Tue May 19 2026 06:35:50 GMT+0000 (Coordinated Universal Time),Mon May 25 2026 03:36:38 GMT+0000 (Coordinated Universal Time),,,,,,,,,,,,,,,mailchimp_pre_2026,2023-05-04 17:57:27,,,,,,
83b39e96-8866-4c97-b64e-3ff13f617d45,,,dorothy_sloan@yahoo.com,,,19d39595f5df4a1e99dcd7303f6792a1,,,,,,,,true,"","",89e0b4f6-0dca-41e1-a652-9e86f7421d8a,Tue May 19 2026 06:35:50 GMT+0000 (Coordinated Universal Time),Mon May 25 2026 03:36:38 GMT+0000 (Coordinated Universal Time),,,,,,,,,,,,,,,mailchimp_pre_2026,2023-05-04 17:57:30,,,,,,
f1ffed9f-6fc9-4c2e-837f-d90a4fc5f3b1,,,saks453@hotmail.com,,,84f5dc884b0549e6958a7ffa0f29a11a,,,,,,,,true,"","",89e0b4f6-0dca-41e1-a652-9e86f7421d8a,Tue May 19 2026 06:35:50 GMT+0000 (Coordinated Universal Time),Mon May 25 2026 03:36:38 GMT+0000 (Coordinated Universal Time),,,,,Danbury,US,,,,,,,,,mailchimp_pre_2026,2023-05-04 17:57:33,,,,,,
8a6c0bfe-44a5-4b2d-b4cd-7738ec23e962,,,RUNuts007@msn.com,,,e8b309afd4b84466a78a65ee7d3837f1,,,,,,,,true,"","",89e0b4f6-0dca-41e1-a652-9e86f7421d8a,Tue May 19 2026 06:35:50 GMT+0000 (Coordinated Universal Time),Mon May 25 2026 03:36:38 GMT+0000 (Coordinated Universal Time),,,,,VA,,,,,,,,,,mailchimp_pre_2026,2021-03-21 21:53:26,,,,,,
f6e4c65d-51c3-4cb8-ab9f-8bcf38386cb3,,,Sylvialivingston@verizon.net,,,1bede3806bf84ccd992fa1def96f6a17,,,,,,,,true,"","",89e0b4f6-0dca-41e1-a652-9e86f7421d8a,Tue May 19 2026 06:35:50 GMT+0000 (Coordinated Universal Time),Mon May 25 2026 03:36:38 GMT+0000 (Coordinated Universal Time),,,,,,,,,,,,,,,mailchimp_pre_2026,2025-07-26 03:04:02,,,,,,
5d101fdb-d2d7-4d46-8091-127043f0ad6f,,,mecca2919@hotmail.com,,,19e1cee6c1ca4096b64a745c086e70dc,,,,,,,,true,"","",89e0b4f6-0dca-41e1-a652-9e86f7421d8a,Tue May 19 2026 06:35:50 GMT+0000 (Coordinated Universal Time),Mon May 25 2026 03:36:38 GMT+0000 (Coordinated Universal Time),,,,,,,,,,,,,,,mailchimp_pre_2026,2021-01-11 07:49:33,,,,,,
88b60232-3408-4dc9-a666-147e10200cf4,,,hbiersack@outlook.com,,,4c93ba1f95c242858239ade83a829420,,,,,,,,true,"","",89e0b4f6-0dca-41e1-a652-9e86f7421d8a,Tue May 19 2026 06:35:50 GMT+0000 (Coordinated Universal Time),Mon May 25 2026 03:36:38 GMT+0000 (Coordinated Universal Time),,,,,Seattle,US,,,,,,,,,mailchimp_pre_2026,2023-05-04 17:57:38,,,,,,
beceec73-8a71-4d4a-a998-908c62e57a4a,,,ivy.hernandez@gmail.com,,,223727241d6e43789d46976d8c3ce6d7,,,,,,,,true,"","",89e0b4f6-0dca-41e1-a652-9e86f7421d8a,Tue May 19 2026 06:35:50 GMT+0000 (Coordinated Universal Time),Mon May 25 2026 03:36:39 GMT+0000 (Coordinated Universal Time),,,,,NY,,,,,,,,,,mailchimp_pre_2026,2020-11-07 22:52:02,,,,,,
f9ce4719-6c21-4f3c-bf59-4dbf38ec928c,,,wwsmschell@comcast.net,,,4c6530b24d31432f8386a56c9b35a009,,,,,,,,true,"","",89e0b4f6-0dca-41e1-a652-9e86f7421d8a,Tue May 19 2026 06:35:50 GMT+0000 (Coordinated Universal Time),Mon May 25 2026 03:36:39 GMT+0000 (Coordinated Universal Time),,,,,Grove,US,,,,,,,,,mailchimp_pre_2026,2023-05-04 17:57:53,,,,,,
e15a593d-46d5-4a7e-b3b0-3dc39da245fb,,,marthabonanno@msn.com,,,eb3f38c199a94b85bae1985e411e1799,,,,,,,,true,"","",89e0b4f6-0dca-41e1-a652-9e86f7421d8a,Tue May 19 2026 06:35:50 GMT+0000 (Coordinated Universal Time),Mon May 25 2026 03:36:39 GMT+0000 (Coordinated Universal Time),,,,,,,,,,,,,,,mailchimp_pre_2026,2018-02-06 13:57:41,,,,,,
d4e76dcf-a0e9-4160-b77c-4d1a95e2a4ae,,,dbennett@360renos.ca,,,9cd2b17c77e54eff9e5a976eb7300453,,,,,,,,true,"","",89e0b4f6-0dca-41e1-a652-9e86f7421d8a,Tue May 19 2026 06:35:50 GMT+0000 (Coordinated Universal Time),Mon May 25 2026 03:36:39 GMT+0000 (Coordinated Universal Time),,,,,NB,,,,,,,,,,mailchimp_pre_2026,2020-10-31 09:15:02,,,,,,
29635108-55b3-46e4-87be-b1f8beefe47d,,,Legarrison1@comcast.net,,,b96fd791745b49fa925c12d9c0354817,,,,,,,,true,"","",89e0b4f6-0dca-41e1-a652-9e86f7421d8a,Tue May 19 2026 06:35:50 GMT+0000 (Coordinated Universal Time),Mon May 25 2026 03:36:39 GMT+0000 (Coordinated Universal Time),,,,,wa,,,,,,,,,,mailchimp_pre_2026,2018-12-28 02:49:29,,,,,,
47acf2e7-74ce-49f5-b274-10c5b9d29b27,,,khelms@eufaula.rr.com,,,df52ccd3c02c4c58b52f740ad91ed106,,,,,,,,true,"","",89e0b4f6-0dca-41e1-a652-9e86f7421d8a,Tue May 19 2026 06:35:50 GMT+0000 (Coordinated Universal Time),Mon May 25 2026 03:36:39 GMT+0000 (Coordinated Universal Time),,,,,Eufaula,US,,,,,,,,,mailchimp_pre_2026,2023-05-04 17:57:34,,,,,,
749563ad-305b-4b26-b6c4-afa1cd55945b,,,pepesmart.pjm@gmail.com,,,1997bbfb4f0c4a5c89ce557583934d58,,,,,,,,true,"","",89e0b4f6-0dca-41e1-a652-9e86f7421d8a,Tue May 19 2026 06:35:50 GMT+0000 (Coordinated Universal Time),Mon May 25 2026 03:36:39 GMT+0000 (Coordinated Universal Time),,,,,,,,,,,,,,,mailchimp_pre_2026,2025-07-26 02:36:41,,,,,,
8f4c43f3-a3af-463b-a8fb-a17d32b44ba7,,,nelsonkthy@gmail.com,,,ee8b9dd79d5b4bf394a3244c94e9146d,,,,,,,,true,"","",89e0b4f6-0dca-41e1-a652-9e86f7421d8a,Tue May 19 2026 06:35:50 GMT+0000 (Coordinated Universal Time),Mon May 25 2026 03:36:39 GMT+0000 (Coordinated Universal Time),,,,,Dallas,US,,,,,,,,,mailchimp_pre_2026,2023-05-04 17:57:45,,,,,,
7a979b97-69ce-4e39-b9dd-def73f3a4d09,,,saraseowebmarketing@gmail.com,,,13f390a106874741b7e76c5948fd2bea,,,,,,,,true,"","",89e0b4f6-0dca-41e1-a652-9e86f7421d8a,Tue May 19 2026 06:35:50 GMT+0000 (Coordinated Universal Time),Mon May 25 2026 03:36:39 GMT+0000 (Coordinated Universal Time),,,,,New,IN,,,,,,,,,mailchimp_pre_2026,2023-05-04 17:57:33,,,,,,
5f2221c2-1402-4bdc-93e5-c1fd1e5b7372,,,send2philip@gmail.com,,,5c3a4ca101d84d2a8c6a980974448dd1,,,,,,,,true,"","",89e0b4f6-0dca-41e1-a652-9e86f7421d8a,Tue May 19 2026 06:35:50 GMT+0000 (Coordinated Universal Time),Mon May 25 2026 03:36:39 GMT+0000 (Coordinated Universal Time),,,,,,,,,,,,,,,mailchimp_pre_2026,2023-05-04 17:57:36,,,,,,
2807ef38-cd41-44ba-9722-4ef1a4ff25a0,,,bathroomsbybobmack1@gmail.com,,,17afc468ac4b48f183925dd54f3c61ec,,,,,,,,true,"","",89e0b4f6-0dca-41e1-a652-9e86f7421d8a,Tue May 19 2026 06:35:50 GMT+0000 (Coordinated Universal Time),Mon May 25 2026 03:36:39 GMT+0000 (Coordinated Universal Time),,,,,,,,,,,,,,,mailchimp_pre_2026,2023-05-04 17:57:30,,,,,,
0a007701-99e6-4a8e-8783-ce48ddbc9103,,,beverlywhitson1@gmail.com,,,e933d9103bd4453bb58bc0ccef90c8b3,,,,,,,,true,"","",89e0b4f6-0dca-41e1-a652-9e86f7421d8a,Tue May 19 2026 06:35:50 GMT+0000 (Coordinated Universal Time),Mon May 25 2026 03:36:39 GMT+0000 (Coordinated Universal Time),,,,,ca,,,,,,,,,,mailchimp_pre_2026,2019-05-03 02:19:37,,,,,,
bfb49f14-ec48-4a69-b0f1-f7e506418062,,,jsgonsalves@gmail.com,,,2635830431644e79b9ae18cbe8098341,,,,,,,,true,"","",89e0b4f6-0dca-41e1-a652-9e86f7421d8a,Tue May 19 2026 06:35:50 GMT+0000 (Coordinated Universal Time),Mon May 25 2026 03:36:39 GMT+0000 (Coordinated Universal Time),,,,,,,,,,,,,,,mailchimp_pre_2026,2025-07-26 02:36:40,,,,,,
acbe516d-09c0-4f74-8a11-485fb95d7c7f,,,buckners1@yahoo.com,,,c69f5852bf6a476a92e18de924134b36,,,,,,,,true,"","",89e0b4f6-0dca-41e1-a652-9e86f7421d8a,Tue May 19 2026 06:35:50 GMT+0000 (Coordinated Universal Time),Mon May 25 2026 03:36:39 GMT+0000 (Coordinated Universal Time),,,,,FL,,,,,,,,,,mailchimp_pre_2026,2021-03-16 06:51:47,,,,,,
acd70bc5-0413-4701-9fd4-8e508a4a4920,,,rayles01@gmail.com,,,3610a5564ca448d0865a5f559aab3600,,,,,,,,true,"","",89e0b4f6-0dca-41e1-a652-9e86f7421d8a,Tue May 19 2026 06:35:50 GMT+0000 (Coordinated Universal Time),Mon May 25 2026 03:36:39 GMT+0000 (Coordinated Universal Time),,,,,ON,,,,,,,,,,mailchimp_pre_2026,2020-08-22 14:32:39,,,,,,
db194fdc-dfb4-4ae4-befd-b27a1afcf36b,,,lhopman2004@gmail.com,,,5835ac1896aa451daa90f7d56272cf97,,,,,,,,true,"","",89e0b4f6-0dca-41e1-a652-9e86f7421d8a,Tue May 19 2026 06:35:50 GMT+0000 (Coordinated Universal Time),Mon May 25 2026 03:36:39 GMT+0000 (Coordinated Universal Time),,,,,Portland,US,,,,,,,,,mailchimp_pre_2026,2023-05-04 17:57:53,,,,,,
00af21f4-0ea2-4893-8951-55f0ace8fe14,,,catherinebuck2013@gmail.com,,,db93f025acee4345ba3c4240994a00fd,,,,,,,,true,"","",89e0b4f6-0dca-41e1-a652-9e86f7421d8a,Tue May 19 2026 06:35:50 GMT+0000 (Coordinated Universal Time),Mon May 25 2026 03:36:39 GMT+0000 (Coordinated Universal Time),,,,,Portland,US,,,,,,,,,mailchimp_pre_2026,2023-05-04 17:57:46,,,,,,
ee6945ef-9a8e-4f18-8855-1244cdef2176,,,info@ecignvape.com,,,515fe6a2bda0457594fb1b1c481f61d7,,,,,,,,true,"","",89e0b4f6-0dca-41e1-a652-9e86f7421d8a,Tue May 19 2026 06:35:50 GMT+0000 (Coordinated Universal Time),Mon May 25 2026 03:36:39 GMT+0000 (Coordinated Universal Time),,,,,,,,,,,,,,,mailchimp_pre_2026,2023-05-04 17:57:45,,,,,,
33a4429e-12da-4917-b9b3-3bf080a994e3,,,glanders@snet.net,,,eb6a61b1352c4efebedf62c8cc10c921,,,,,,,,true,"","",89e0b4f6-0dca-41e1-a652-9e86f7421d8a,Tue May 19 2026 06:35:50 GMT+0000 (Coordinated Universal Time),Mon May 25 2026 03:36:39 GMT+0000 (Coordinated Universal Time),,,,,ct,,,,,,,,,,mailchimp_pre_2026,2019-01-12 23:48:49,,,,,,
68bde473-30ae-4eb6-956f-beecf003eb0d,,,fpi-services@outlook.com,,,2e7c72025f2442dc9c001759807ad7fc,,,,,,,,true,"","",89e0b4f6-0dca-41e1-a652-9e86f7421d8a,Tue May 19 2026 06:35:50 GMT+0000 (Coordinated Universal Time),Mon May 25 2026 03:36:39 GMT+0000 (Coordinated Universal Time),,,,,mi,,,,,,,,,,mailchimp_pre_2026,2019-04-24 20:37:05,,,,,,
8c1ac710-c1d6-4c0d-be1f-79e34d969bd5,,,theresa.dalton@gmail.com,,,2b795ca540004f6b81fafc9b03e25184,,,,,,,,true,"","",89e0b4f6-0dca-41e1-a652-9e86f7421d8a,Tue May 19 2026 06:35:50 GMT+0000 (Coordinated Universal Time),Mon May 25 2026 03:36:39 GMT+0000 (Coordinated Universal Time),,,,,,,,,,,,,,,mailchimp_pre_2026,2023-05-04 17:57:32,,,,,,
14935029-64b7-410e-a743-7120fe66f99c,,,dmurph1967@gmail.com,,,ab3863fc9abe401aacf1dc6ec54222b0,,,,,,,,true,"","",89e0b4f6-0dca-41e1-a652-9e86f7421d8a,Tue May 19 2026 06:35:50 GMT+0000 (Coordinated Universal Time),Mon May 25 2026 03:36:39 GMT+0000 (Coordinated Universal Time),,,,,,,,,,,,,,,mailchimp_pre_2026,2025-07-26 02:36:41,,,,,,
8ad935fe-276f-47e1-b5b4-1894669267bc,,,tinflyer22@gmail.com,,,c3557d112e834e9eb8617c6bb08592f8,,,,,,,,true,"","",89e0b4f6-0dca-41e1-a652-9e86f7421d8a,Tue May 19 2026 06:35:50 GMT+0000 (Coordinated Universal Time),Mon May 25 2026 03:36:39 GMT+0000 (Coordinated Universal Time),,,,,il,,,,,,,,,,mailchimp_pre_2026,2018-08-01 22:34:50,,,,,,
eff93a5b-3cff-43ed-a2b3-9fc04a7e0d22,,,cpinobigbear@gmail.com,,,68cbb1c41c11404f9038a41789af7e15,,,,,,,,true,"","",89e0b4f6-0dca-41e1-a652-9e86f7421d8a,Tue May 19 2026 06:35:50 GMT+0000 (Coordinated Universal Time),Mon May 25 2026 03:36:39 GMT+0000 (Coordinated Universal Time),,,,,Livingston,US,,,,,,,,,mailchimp_pre_2026,2023-05-04 17:57:52,,,,,,
0bd65f34-6eff-40d7-a5ce-cf8353e6e681,,,biggsa63@gmail.com,,,68bf34200eaa4c9d8dfbc029a6432011,,,,,,,,true,"","",89e0b4f6-0dca-41e1-a652-9e86f7421d8a,Tue May 19 2026 06:35:50 GMT+0000 (Coordinated Universal Time),Mon May 25 2026 03:36:39 GMT+0000 (Coordinated Universal Time),,,,,,,,,,,,,,,mailchimp_pre_2026,2021-04-12 14:17:38,,,,,,
a2c5e893-9c44-4d63-b9ef-38ed77e27dfb,,,davidjgriff@gmail.com,,,f8782b26c6a34009b434d8786b004344,,,,,,,,true,"","",89e0b4f6-0dca-41e1-a652-9e86f7421d8a,Tue May 19 2026 06:35:50 GMT+0000 (Coordinated Universal Time),Mon May 25 2026 03:36:39 GMT+0000 (Coordinated Universal Time),,,,,NY,,,,,,,,,,mailchimp_pre_2026,2020-10-20 11:57:12,,,,,,
6d96a600-6b79-4b7d-a532-e400f896c4ac,,,gregevans3@comcast.net,,,3bd28d9ba8bf45518cfb3613d69d8aa2,,,,,,,,true,"","",89e0b4f6-0dca-41e1-a652-9e86f7421d8a,Tue May 19 2026 06:35:50 GMT+0000 (Coordinated Universal Time),Mon May 25 2026 03:36:39 GMT+0000 (Coordinated Universal Time),,,,,,,,,,,,,,,mailchimp_pre_2026,2019-05-17 11:32:32,,,,,,
d5a72a69-8ab4-4e45-b52c-4fa90d68bea7,,,allpurchases@hotmail.com,,,1b0ca6a4320c49f2a28253f4e274909a,,,,,,,,true,"","",89e0b4f6-0dca-41e1-a652-9e86f7421d8a,Tue May 19 2026 06:35:50 GMT+0000 (Coordinated Universal Time),Mon May 25 2026 03:36:39 GMT+0000 (Coordinated Universal Time),,,,,Fredericksburg,US,,,,,,,,,mailchimp_pre_2026,2023-05-04 17:57:36,,,,,,
55c1b32d-e908-4925-8a96-86ca281a25b6,,,patywakg9@gmail.com,,,3202e017389445ccbaa35cf8d6c243f9,,,,,,,,true,"","",89e0b4f6-0dca-41e1-a652-9e86f7421d8a,Tue May 19 2026 06:35:50 GMT+0000 (Coordinated Universal Time),Mon May 25 2026 03:36:39 GMT+0000 (Coordinated Universal Time),,,,,,,,,,,,,,,mailchimp_pre_2026,2023-05-04 17:57:49,,,,,,
cf7c2166-230e-44b4-b24d-d06fe032d343,,,cmarcisz@sbcglobal.net,,,056a910a7c6e49739f4985c46f649663,,,,,,,,true,"","",89e0b4f6-0dca-41e1-a652-9e86f7421d8a,Tue May 19 2026 06:35:50 GMT+0000 (Coordinated Universal Time),Mon May 25 2026 03:36:39 GMT+0000 (Coordinated Universal Time),,,,,ca,,,,,,,,,,mailchimp_pre_2026,2019-04-02 03:01:32,,,,,,
c5a8e6c4-205e-47aa-83e5-011f278bdbd4,,,d.a.chartier@gmail.com,,,630b5617795540918e6bc59761705019,,,,,,,,true,"","",89e0b4f6-0dca-41e1-a652-9e86f7421d8a,Tue May 19 2026 06:35:50 GMT+0000 (Coordinated Universal Time),Mon May 25 2026 03:36:40 GMT+0000 (Coordinated Universal Time),,,,,WI,,,,,,,,,,mailchimp_pre_2026,2020-03-19 22:12:59,,,,,,
3b1efc29-9431-4d8d-931d-8470746baf4e,,,wnorske@ptd.net,,,93ddfebc07f94f7daff2bcbb9854a321,,,,,,,,true,"","",89e0b4f6-0dca-41e1-a652-9e86f7421d8a,Tue May 19 2026 06:35:50 GMT+0000 (Coordinated Universal Time),Mon May 25 2026 03:36:40 GMT+0000 (Coordinated Universal Time),,,,,,,,,,,,,,,mailchimp_pre_2026,2018-02-06 13:57:38,,,,,,
fd821375-495e-440d-b05f-90d9fe0bafed,,,lizleighton@comcast.net,,,196455fbf33045fa8652da8567a49fc8,,,,,,,,true,"","",89e0b4f6-0dca-41e1-a652-9e86f7421d8a,Tue May 19 2026 06:35:50 GMT+0000 (Coordinated Universal Time),Mon May 25 2026 03:36:40 GMT+0000 (Coordinated Universal Time),,,,,,,,,,,,,,,mailchimp_pre_2026,2021-04-05 21:57:25,,,,,,
044f0e18-2752-4cdb-b200-9b7b98dcf95e,,,mjseymour@whidbey.com,,,6e243c589dbf48fd89656b7dacac0d8e,,,,,,,,true,"","",89e0b4f6-0dca-41e1-a652-9e86f7421d8a,Tue May 19 2026 06:35:50 GMT+0000 (Coordinated Universal Time),Mon May 25 2026 03:36:40 GMT+0000 (Coordinated Universal Time),,,,,Clinton,US,,,,,,,,,mailchimp_pre_2026,2023-05-04 17:57:46,,,,,,
64d4bece-2144-421a-9d43-64d8b1e1b152,,,mchang3690@aol.com,,,eff8f43396db4818bba86a8e9a17521c,,,,,,,,true,"","",89e0b4f6-0dca-41e1-a652-9e86f7421d8a,Tue May 19 2026 06:35:50 GMT+0000 (Coordinated Universal Time),Mon May 25 2026 03:36:40 GMT+0000 (Coordinated Universal Time),,,,,,,,,,,,,,,mailchimp_pre_2026,2023-05-04 17:57:27,,,,,,
ae9cc936-cb2d-4698-a4ab-af4e8de388ec,,,sa_newport@yahoo.com,,,3cb5d20aa0de4ae49fc741f425df9d89,,,,,,,,true,"","",89e0b4f6-0dca-41e1-a652-9e86f7421d8a,Tue May 19 2026 06:35:50 GMT+0000 (Coordinated Universal Time),Mon May 25 2026 03:36:40 GMT+0000 (Coordinated Universal Time),,,,,mi,,,,,,,,,,mailchimp_pre_2026,2019-01-06 20:44:38,,,,,,
35772c1d-af95-48c7-9646-a043feac41d7,,,dwsxrs@gmail.com,,,62c726b8399f409e84f9611f7cd2fee6,,,,,,,,true,"","",89e0b4f6-0dca-41e1-a652-9e86f7421d8a,Tue May 19 2026 06:35:50 GMT+0000 (Coordinated Universal Time),Mon May 25 2026 03:36:40 GMT+0000 (Coordinated Universal Time),,,,,,,,,,,,,,,mailchimp_pre_2026,2021-02-08 02:04:42,,,,,,
bf5623ca-c9ea-437f-bcff-8a5417546a10,,,larrymyersl@gmail.com,,,0895c1b8912d448480e660540b4ba6e6,,,,,,,,true,"","",89e0b4f6-0dca-41e1-a652-9e86f7421d8a,Tue May 19 2026 06:35:50 GMT+0000 (Coordinated Universal Time),Mon May 25 2026 03:36:40 GMT+0000 (Coordinated Universal Time),,,,,Columbia,US,,,,,,,,,mailchimp_pre_2026,2023-05-04 17:57:50,,,,,,
d5931816-b096-4b85-8db8-379a0952fa12,,,jriordon@oxytech.ca,,,8601f3ff586d491d8d732c4477b6405d,,,,,,,,true,"","",89e0b4f6-0dca-41e1-a652-9e86f7421d8a,Tue May 19 2026 06:35:50 GMT+0000 (Coordinated Universal Time),Mon May 25 2026 03:36:40 GMT+0000 (Coordinated Universal Time),,,,,ON,,,,,,,,,,mailchimp_pre_2026,2020-03-08 10:16:35,,,,,,
d6c3d127-bdf5-4ce8-a829-f7b42b958416,,,BMELTON@SYMPATICO.CA,,,aab49dea90b64dbca92666752805722b,,,,,,,,true,"","",89e0b4f6-0dca-41e1-a652-9e86f7421d8a,Tue May 19 2026 06:35:50 GMT+0000 (Coordinated Universal Time),Mon May 25 2026 03:36:40 GMT+0000 (Coordinated Universal Time),,,,,ON,,,,,,,,,,mailchimp_pre_2026,2020-12-06 13:41:47,,,,,,
2d220b55-8d0e-4802-bf2e-407ef361b501,,,record451@hotmail.com,,,3f9848904eae4afa9fd1d264a5740ae1,,,,,,,,true,"","",89e0b4f6-0dca-41e1-a652-9e86f7421d8a,Tue May 19 2026 06:35:50 GMT+0000 (Coordinated Universal Time),Mon May 25 2026 03:36:40 GMT+0000 (Coordinated Universal Time),,,,,ca,,,,,,,,,,mailchimp_pre_2026,2019-02-13 12:45:35,,,,,,
ab15a72e-fe88-4037-b92b-86809bb8e67c,,,rv78@hotmail.com,,,bda732db3e434ffdb079751d5929761d,,,,,,,,true,"","",89e0b4f6-0dca-41e1-a652-9e86f7421d8a,Tue May 19 2026 06:35:50 GMT+0000 (Coordinated Universal Time),Mon May 25 2026 03:36:40 GMT+0000 (Coordinated Universal Time),,,,,Jackson,US,,,,,,,,,mailchimp_pre_2026,2023-05-04 17:57:49,,,,,,
c3a447a7-11a6-4f91-8a51-96a8e3428aca,,,peter_allen@trimble.com,,,ca58c4385c164e85a42a03dd7d511151,,,,,,,,true,"","",89e0b4f6-0dca-41e1-a652-9e86f7421d8a,Tue May 19 2026 06:35:50 GMT+0000 (Coordinated Universal Time),Mon May 25 2026 03:36:40 GMT+0000 (Coordinated Universal Time),,,,,CAN,,,,,,,,,,mailchimp_pre_2026,2020-02-15 17:50:51,,,,,,
4e197a9c-97b0-4484-ba44-bf022e4ca062,,,robertstanden@yahoo.co.uk,,,105a509fafdc4ff5a052b412ce998d42,,,,,,,,true,"","",89e0b4f6-0dca-41e1-a652-9e86f7421d8a,Tue May 19 2026 06:35:50 GMT+0000 (Coordinated Universal Time),Mon May 25 2026 03:36:40 GMT+0000 (Coordinated Universal Time),,,,,lew,,,,,,,,,,mailchimp_pre_2026,2019-03-17 11:44:05,,,,,,
9604b75e-df80-4469-abcd-7663cb2ea554,,,joek952@hotmail.com,,,f823fe2b39eb4c238e8bac59db578679,,,,,,,,true,"","",89e0b4f6-0dca-41e1-a652-9e86f7421d8a,Tue May 19 2026 06:35:50 GMT+0000 (Coordinated Universal Time),Mon May 25 2026 03:36:40 GMT+0000 (Coordinated Universal Time),,,,,FL,,,,,,,,,,mailchimp_pre_2026,2021-04-24 12:47:12,,,,,,
1059b66c-e5c6-4568-be84-25270be1f232,,,tricia@higginscc.com,,,c6917b9d55034b68a5129cfb6aa9460a,,,,,,,,true,"","",89e0b4f6-0dca-41e1-a652-9e86f7421d8a,Tue May 19 2026 06:35:50 GMT+0000 (Coordinated Universal Time),Mon May 25 2026 03:36:40 GMT+0000 (Coordinated Universal Time),,,,,IL,,,,,,,,,,mailchimp_pre_2026,2019-10-29 15:13:45,,,,,,
3aecaada-d4f1-4a80-af13-9435fa4bddca,,,s_wingard@yahoo.com,,,0774a08e82fa4e8b9e8019759fc2c0de,,,,,,,,true,"","",89e0b4f6-0dca-41e1-a652-9e86f7421d8a,Tue May 19 2026 06:35:50 GMT+0000 (Coordinated Universal Time),Mon May 25 2026 03:36:40 GMT+0000 (Coordinated Universal Time),,,,,,,,,,,,,,,mailchimp_pre_2026,2023-05-04 17:57:29,,,,,,
5d6bfcef-3753-4cee-8115-74e194d8c25a,,,schubbem60@gmail.com,,,9ea6c8e9c95a4c1a9e7a9968683a7973,,,,,,,,true,"","",89e0b4f6-0dca-41e1-a652-9e86f7421d8a,Tue May 19 2026 06:35:50 GMT+0000 (Coordinated Universal Time),Mon May 25 2026 03:36:40 GMT+0000 (Coordinated Universal Time),,,,,OR,,,,,,,,,,mailchimp_pre_2026,2020-08-08 23:38:18,,,,,,
838d389d-66a0-49a5-add0-fc4d75a6a15f,,,gstoklos66@gmail.com,,,702815e1d40a47ed8f343380cf43a86d,,,,,,,,true,"","",89e0b4f6-0dca-41e1-a652-9e86f7421d8a,Tue May 19 2026 06:35:50 GMT+0000 (Coordinated Universal Time),Mon May 25 2026 03:36:40 GMT+0000 (Coordinated Universal Time),,,,,,,,,,,,,,,mailchimp_pre_2026,2023-05-04 17:57:26,,,,,,
f9de3488-2434-47ff-b9b9-edda2d480365,,,christina.osborn@gmail.com,,,ee312dadc5de4d0e82afe3a32071ea4b,,,,,,,,true,"","",89e0b4f6-0dca-41e1-a652-9e86f7421d8a,Tue May 19 2026 06:35:50 GMT+0000 (Coordinated Universal Time),Mon May 25 2026 03:36:40 GMT+0000 (Coordinated Universal Time),,,,,,,,,,,,,,,mailchimp_pre_2026,2023-05-04 17:57:51,,,,,,
d66071b2-e53c-4557-a986-1328b1483f64,,,tch4@cornell.edu,,,2c0ba2ab6b5847108547a4dade19e1ed,,,,,,,,true,"","",89e0b4f6-0dca-41e1-a652-9e86f7421d8a,Tue May 19 2026 06:35:50 GMT+0000 (Coordinated Universal Time),Mon May 25 2026 03:36:40 GMT+0000 (Coordinated Universal Time),,,,,,,,,,,,,,,mailchimp_pre_2026,2019-01-24 22:39:35,,,,,,
3d610c4a-c0eb-4bf0-92f6-c36a06552f0a,,,julie@thehaywoodhouse.net,,,7c9cdde90a824ad89dec049ad6252189,,,,,,,,true,"","",89e0b4f6-0dca-41e1-a652-9e86f7421d8a,Tue May 19 2026 06:35:50 GMT+0000 (Coordinated Universal Time),Mon May 25 2026 03:36:40 GMT+0000 (Coordinated Universal Time),,,,,Versailles,US,,,,,,,,,mailchimp_pre_2026,2023-05-04 17:57:52,,,,,,
fb0be44d-c6b3-4ac5-9e5c-e29e73b658d8,,,artpokorny@gmail.com,,,e15642b1398b4a1a8f3ebf061b7af053,,,,,,,,true,"","",89e0b4f6-0dca-41e1-a652-9e86f7421d8a,Tue May 19 2026 06:35:50 GMT+0000 (Coordinated Universal Time),Mon May 25 2026 03:36:40 GMT+0000 (Coordinated Universal Time),,,,,,,,,,,,,,,mailchimp_pre_2026,2023-05-04 17:57:31,,,,,,
1b96e687-245a-4620-ad6b-3e92579766ed,,,m15paisley@yahoo.com,,,11d19c91a2c849be9b2783000235a7f3,,,,,,,,true,"","",89e0b4f6-0dca-41e1-a652-9e86f7421d8a,Tue May 19 2026 06:35:50 GMT+0000 (Coordinated Universal Time),Mon May 25 2026 03:36:40 GMT+0000 (Coordinated Universal Time),,,,,,,,,,,,,,,mailchimp_pre_2026,2019-05-17 11:32:21,,,,,,
5f02446f-ad26-4fb9-a300-e39d6ead866b,,,rubysky@holljes.com,,,0fd2bd44d6da4bae9316e42b15cef9b1,,,,,,,,true,"","",89e0b4f6-0dca-41e1-a652-9e86f7421d8a,Tue May 19 2026 06:35:50 GMT+0000 (Coordinated Universal Time),Mon May 25 2026 03:36:40 GMT+0000 (Coordinated Universal Time),,,,,MA,,,,,,,,,,mailchimp_pre_2026,2019-09-29 13:12:10,,,,,,
4ab54749-17bc-47ae-a5f4-dfde12b36cc1,,,maryanne.19@hotmail.com,,,800eace50e494bc8b9cb8425be2423cf,,,,,,,,true,"","",89e0b4f6-0dca-41e1-a652-9e86f7421d8a,Tue May 19 2026 06:35:50 GMT+0000 (Coordinated Universal Time),Mon May 25 2026 03:36:40 GMT+0000 (Coordinated Universal Time),,,,,NSW,,,,,,,,,,mailchimp_pre_2026,2020-08-24 22:33:46,,,,,,
ffa8cbbb-0222-4e83-8c17-f3ac6c95ef5d,,,mikef@innovatebuildingsolutions.com,,,cf86b6e3ece24128b7433a3c99f27381,,,,,,,,true,"","",89e0b4f6-0dca-41e1-a652-9e86f7421d8a,Tue May 19 2026 06:35:50 GMT+0000 (Coordinated Universal Time),Mon May 25 2026 03:36:40 GMT+0000 (Coordinated Universal Time),,,,,,,,,,,,,,,mailchimp_pre_2026,2023-05-04 17:57:30,,,,,,
75ddecb6-13c1-4f3a-85c0-bd92458f6773,,,ehosta2003@yahoo.com,,,d3186be62f5a4163a32cfaa8b557471e,,,,,,,,true,"","",89e0b4f6-0dca-41e1-a652-9e86f7421d8a,Tue May 19 2026 06:35:50 GMT+0000 (Coordinated Universal Time),Mon May 25 2026 03:36:40 GMT+0000 (Coordinated Universal Time),,,,,Morgantown,US,,,,,,,,,mailchimp_pre_2026,2023-05-04 17:57:52,,,,,,
d22c9206-4905-489c-9d17-199002f46bc2,,,pstaire@gmail.com,,,80e9c489abdb48da9760b6c551c89a4c,,,,,,,,true,"","",89e0b4f6-0dca-41e1-a652-9e86f7421d8a,Tue May 19 2026 06:35:50 GMT+0000 (Coordinated Universal Time),Mon May 25 2026 03:36:40 GMT+0000 (Coordinated Universal Time),,,,,,,,,,,,,,,mailchimp_pre_2026,2023-05-04 17:57:27,,,,,,
3eb1ecda-7162-4d78-a10f-8c35e182d464,,,lauradar.page@gmail.com,,,6c7b9450b83c4e8db0f5bdd619d8f5bf,,,,,,,,true,"","",89e0b4f6-0dca-41e1-a652-9e86f7421d8a,Tue May 19 2026 06:35:50 GMT+0000 (Coordinated Universal Time),Mon May 25 2026 03:36:40 GMT+0000 (Coordinated Universal Time),,,,,Collierville,US,,,,,,,,,mailchimp_pre_2026,2023-05-04 17:57:49,,,,,,
26bc0491-1988-42f4-8a8f-aaac6dbeb017,,,stdspuslkj@mail.com,,,f8f473857166490bb8fabb6b02f2f49c,,,,,,,,true,"","",89e0b4f6-0dca-41e1-a652-9e86f7421d8a,Tue May 19 2026 06:35:50 GMT+0000 (Coordinated Universal Time),Mon May 25 2026 03:36:40 GMT+0000 (Coordinated Universal Time),,,,,Brno,CZ,,,,,,,,,mailchimp_pre_2026,2023-05-04 17:57:32,,,,,,
ee94df26-cf54-4f93-af3c-1ecab2530a73,,,ejrowland@sbcglobal.net,,,8fdc9c1c6fe940a2a9242c5dd558ba1b,,,,,,,,true,"","",89e0b4f6-0dca-41e1-a652-9e86f7421d8a,Tue May 19 2026 06:35:50 GMT+0000 (Coordinated Universal Time),Mon May 25 2026 03:36:40 GMT+0000 (Coordinated Universal Time),,,,,ca,,,,,,,,,,mailchimp_pre_2026,2019-07-06 12:02:39,,,,,,
ad6c3771-b081-4dcb-a00e-4fa6a4c8c7fe,,,rsfaciliyservicesllc@gmail.com,,,744b64ea1759429db4613f64b3212bff,,,,,,,,true,"","",89e0b4f6-0dca-41e1-a652-9e86f7421d8a,Tue May 19 2026 06:35:50 GMT+0000 (Coordinated Universal Time),Mon May 25 2026 03:36:41 GMT+0000 (Coordinated Universal Time),,,,,,,,,,,,,,,mailchimp_pre_2026,2021-04-03 05:53:42,,,,,,
50d728fa-0bf4-4972-9df9-c16ebf88d692,,,susan.good@rmxtalk.com,,,69db4113377a412aa31a62b5b955aaac,,,,,,,,true,"","",89e0b4f6-0dca-41e1-a652-9e86f7421d8a,Tue May 19 2026 06:35:50 GMT+0000 (Coordinated Universal Time),Mon May 25 2026 03:36:41 GMT+0000 (Coordinated Universal Time),,,,,Falls,US,,,,,,,,,mailchimp_pre_2026,2023-05-04 17:57:36,,,,,,
897e7c90-6727-4802-ac08-874b5a13c0e9,,,lgb231@nyu.edu,,,50f9d91d9f3f42039dfa6462ce0db2ad,,,,,,,,true,"","",89e0b4f6-0dca-41e1-a652-9e86f7421d8a,Tue May 19 2026 06:35:50 GMT+0000 (Coordinated Universal Time),Mon May 25 2026 03:36:41 GMT+0000 (Coordinated Universal Time),,,,,oh,,,,,,,,,,mailchimp_pre_2026,2019-04-14 18:31:29,,,,,,
fee68c29-efab-4b29-acb2-66e6d92f6315,,,markdennisgreen@gmail.com,,,34700fa7798e463aac48a8ea095309c6,,,,,,,,true,"","",89e0b4f6-0dca-41e1-a652-9e86f7421d8a,Tue May 19 2026 06:35:50 GMT+0000 (Coordinated Universal Time),Mon May 25 2026 03:36:41 GMT+0000 (Coordinated Universal Time),,,,,,,,,,,,,,,mailchimp_pre_2026,2021-04-12 03:35:11,,,,,,
382fd7a9-b0d2-4c1d-88e5-c2243d755306,,,seo@rankongoogle.net,,,2bef4c653fd040e7a721c56e04c5bfca,,,,,,,,true,"","",89e0b4f6-0dca-41e1-a652-9e86f7421d8a,Tue May 19 2026 06:35:50 GMT+0000 (Coordinated Universal Time),Mon May 25 2026 03:36:41 GMT+0000 (Coordinated Universal Time),,,,,Noida,IN,,,,,,,,,mailchimp_pre_2026,2023-05-04 17:57:28,,,,,,
37389faa-8a10-4873-8fe8-74529cb0eb67,,,mikewoolabe@gmail.com,,,6f0dcf778394416e8638deadd6344444,,,,,,,,true,"","",89e0b4f6-0dca-41e1-a652-9e86f7421d8a,Tue May 19 2026 06:35:50 GMT+0000 (Coordinated Universal Time),Mon May 25 2026 03:36:41 GMT+0000 (Coordinated Universal Time),,,,,,,,,,,,,,,mailchimp_pre_2026,2023-05-04 17:57:37,,,,,,
5e3180d5-7cca-429f-b673-b73d8d1d1772,,,seabill42@yahoo.com,,,faddd0eea80d4ee882cdf95251ccc044,,,,,,,,true,"","",89e0b4f6-0dca-41e1-a652-9e86f7421d8a,Tue May 19 2026 06:35:50 GMT+0000 (Coordinated Universal Time),Mon May 25 2026 03:36:41 GMT+0000 (Coordinated Universal Time),,,,,,,,,,,,,,,mailchimp_pre_2026,2025-07-26 02:36:41,,,,,,
38d284f2-f381-4987-937a-6673cfd6c068,,,taheer@telus.net,,,965003d9613f411d943905d9410f55b4,,,,,,,,true,"","",89e0b4f6-0dca-41e1-a652-9e86f7421d8a,Tue May 19 2026 06:35:50 GMT+0000 (Coordinated Universal Time),Mon May 25 2026 03:36:41 GMT+0000 (Coordinated Universal Time),,,,,North,CA,,,,,,,,,mailchimp_pre_2026,2023-05-04 17:57:39,,,,,,
1714775e-6244-43a7-b404-56843a962db5,,,steve.rauner@glenwooddraperies.com,,,e905e940a70b4bdba3189b8ae7f77133,,,,,,,,true,"","",89e0b4f6-0dca-41e1-a652-9e86f7421d8a,Tue May 19 2026 06:35:50 GMT+0000 (Coordinated Universal Time),Mon May 25 2026 03:36:41 GMT+0000 (Coordinated Universal Time),,,,,,,,,,,,,,,mailchimp_pre_2026,2019-05-17 11:32:49,,,,,,
9b4123d9-8164-43eb-ab7b-f8a83321b03d,,,marvincrowder@ymail.com,,,a216c4c8673c4ec6aa78f70ca339def1,,,,,,,,true,"","",89e0b4f6-0dca-41e1-a652-9e86f7421d8a,Tue May 19 2026 06:35:50 GMT+0000 (Coordinated Universal Time),Mon May 25 2026 03:36:41 GMT+0000 (Coordinated Universal Time),,,,,OK,,,,,,,,,,mailchimp_pre_2026,2021-04-25 10:19:32,,,,,,
e63c8d64-1bba-4a30-affc-5754b321644d,,,davidrobinson2761@gmail.com,,,32ca237a56d4498b9b6ba3831a7b550f,,,,,,,,true,"","",89e0b4f6-0dca-41e1-a652-9e86f7421d8a,Tue May 19 2026 06:35:50 GMT+0000 (Coordinated Universal Time),Mon May 25 2026 03:36:41 GMT+0000 (Coordinated Universal Time),,,,,,,,,,,,,,,mailchimp_pre_2026,2025-07-26 02:36:40,,,,,,
d96e495a-ba8d-47ac-afbb-50e294b797ae,,,medina.osman@hotmail.com,,,48e7cf66dc5e47f8bc5cd8b00179059f,,,,,,,,true,"","",89e0b4f6-0dca-41e1-a652-9e86f7421d8a,Tue May 19 2026 06:35:50 GMT+0000 (Coordinated Universal Time),Mon May 25 2026 03:36:41 GMT+0000 (Coordinated Universal Time),,,,,NL,,,,,,,,,,mailchimp_pre_2026,2020-08-31 03:55:01,,,,,,
09dd0d1d-7c9d-450d-a3dc-bc0ef072f36e,,,mister_natural1@yahoo.com,,,7413d4965fc34c01a587001224ec7cc0,,,,,,,,true,"","",89e0b4f6-0dca-41e1-a652-9e86f7421d8a,Tue May 19 2026 06:35:50 GMT+0000 (Coordinated Universal Time),Mon May 25 2026 03:36:41 GMT+0000 (Coordinated Universal Time),,,,,,,,,,,,,,,mailchimp_pre_2026,2023-05-04 17:57:27,,,,,,
3dddc50f-39b6-4049-8032-deb171ce2672,,,youkon87@gmail.com,,,5b45b02ff5534c6f8bb1875442275823,,,,,,,,true,"","",89e0b4f6-0dca-41e1-a652-9e86f7421d8a,Tue May 19 2026 06:35:50 GMT+0000 (Coordinated Universal Time),Mon May 25 2026 03:36:41 GMT+0000 (Coordinated Universal Time),,,,,,,,,,,,,,,mailchimp_pre_2026,2023-05-04 17:57:39,,,,,,
86c88b83-a759-490f-8d33-661f69eced62,,,proe13@bellsouth.net,,,655a333b743b4c40b4f604df64fe452e,,,,,,,,true,"","",89e0b4f6-0dca-41e1-a652-9e86f7421d8a,Tue May 19 2026 06:35:50 GMT+0000 (Coordinated Universal Time),Mon May 25 2026 03:36:41 GMT+0000 (Coordinated Universal Time),,,,,,,,,,,,,,,mailchimp_pre_2026,2023-05-04 17:57:51,,,,,,
f4959088-c6a8-4c0b-bf66-f84e06493ddc,,,seagot@aol.com,,,e2e7203e7d9a486ab6e3f318f431113d,,,,,,,,true,"","",89e0b4f6-0dca-41e1-a652-9e86f7421d8a,Tue May 19 2026 06:35:50 GMT+0000 (Coordinated Universal Time),Mon May 25 2026 03:36:41 GMT+0000 (Coordinated Universal Time),,,,,,,,,,,,,,,mailchimp_pre_2026,2023-05-04 17:57:34,,,,,,
384287c9-a180-4641-9545-d7146580c2c6,,,cheryl.nelson1962@gmail.com,,,8e64b446c32f4582b5cfc22fcfcc537f,,,,,,,,true,"","",89e0b4f6-0dca-41e1-a652-9e86f7421d8a,Tue May 19 2026 06:35:50 GMT+0000 (Coordinated Universal Time),Mon May 25 2026 03:36:41 GMT+0000 (Coordinated Universal Time),,,,,,,,,,,,,,,mailchimp_pre_2026,2023-05-04 17:57:29,,,,,,
64717997-45ca-410c-b09a-6693a9a52af0,,,heyitsmecindy@icloud.com,,,aa2acd56c3e64e2a9b70fa825ead6a63,,,,,,,,true,"","",89e0b4f6-0dca-41e1-a652-9e86f7421d8a,Tue May 19 2026 06:35:50 GMT+0000 (Coordinated Universal Time),Mon May 25 2026 03:36:41 GMT+0000 (Coordinated Universal Time),,,,,Kingwood,US,,,,,,,,,mailchimp_pre_2026,2023-05-04 17:57:48,,,,,,
43fdf241-f257-4db0-8562-dc666bd24d9d,,,suehthornton@att.net,,,d89f20eb9ce048f5b9a1dcc7ef9fc227,,,,,,,,true,"","",89e0b4f6-0dca-41e1-a652-9e86f7421d8a,Tue May 19 2026 06:35:50 GMT+0000 (Coordinated Universal Time),Mon May 25 2026 03:36:41 GMT+0000 (Coordinated Universal Time),,,,,,,,,,,,,,,mailchimp_pre_2026,2018-05-19 17:30:33,,,,,,
8875a446-99ad-40e0-a5fa-5ba1993ebfc3,,,ms.carol.gray@gmail.com,,,2330d3345b0e4c6d9ee5591f13bab29b,,,,,,,,true,"","",89e0b4f6-0dca-41e1-a652-9e86f7421d8a,Tue May 19 2026 06:35:50 GMT+0000 (Coordinated Universal Time),Mon May 25 2026 03:36:41 GMT+0000 (Coordinated Universal Time),,,,,Kitchener,CA,,,,,,,,,mailchimp_pre_2026,2023-05-04 17:57:44,,,,,,
3279281a-9125-4320-85e5-85871a6a2fd5,,,janiceallred957@gmail.com,,,f0c8a822cb514c0fa7291ca5799d172d,,,,,,,,true,"","",89e0b4f6-0dca-41e1-a652-9e86f7421d8a,Tue May 19 2026 06:35:50 GMT+0000 (Coordinated Universal Time),Mon May 25 2026 03:36:41 GMT+0000 (Coordinated Universal Time),,,,,Everett,US,,,,,,,,,mailchimp_pre_2026,2023-05-04 17:57:38,,,,,,
9ca5d3bd-0946-42f7-8a9f-483b2bf7dbf3,,,dgoossen@cablespeed.com,,,485e1f55b8324ef3928e45ba83f9cd89,,,,,,,,true,"","",89e0b4f6-0dca-41e1-a652-9e86f7421d8a,Tue May 19 2026 06:35:50 GMT+0000 (Coordinated Universal Time),Mon May 25 2026 03:36:41 GMT+0000 (Coordinated Universal Time),,,,,MD,,,,,,,,,,mailchimp_pre_2026,2020-08-16 09:34:37,,,,,,
d9ebbd84-5e4c-4c12-9c3c-57b6d1f621d6,,,randy.manthey858@gmail.com,,,ae2123ba62f04593b89832ef3c8b366e,,,,,,,,true,"","",89e0b4f6-0dca-41e1-a652-9e86f7421d8a,Tue May 19 2026 06:35:50 GMT+0000 (Coordinated Universal Time),Mon May 25 2026 03:36:41 GMT+0000 (Coordinated Universal Time),,,,,,,,,,,,,,,mailchimp_pre_2026,2019-05-17 11:32:49,,,,,,
90b8cc6b-e3f9-4f87-98eb-4ab535e7f7cb,,,ultrasharon@bellsouth.net,,,fc137718e17940c79af9ad70d6b4e73d,,,,,,,,true,"","",89e0b4f6-0dca-41e1-a652-9e86f7421d8a,Tue May 19 2026 06:35:50 GMT+0000 (Coordinated Universal Time),Mon May 25 2026 03:36:41 GMT+0000 (Coordinated Universal Time),,,,,,,,,,,,,,,mailchimp_pre_2026,2023-05-04 17:57:28,,,,,,
70c25df5-9a92-4910-aba8-11b977a078a0,,,email-buyer@redblockindustries.com,,,682dce6ba3ad413f980115a1f19495a1,,,,,,,,true,"","",89e0b4f6-0dca-41e1-a652-9e86f7421d8a,Tue May 19 2026 06:35:50 GMT+0000 (Coordinated Universal Time),Mon May 25 2026 03:36:41 GMT+0000 (Coordinated Universal Time),,,,,,,,,,,,,,,mailchimp_pre_2026,2019-05-17 11:32:10,,,,,,
bf84061f-c79c-4e3a-81f2-fbb0cec5637d,,,kjerdon@ameritech.net,,,a9c6d659a8c0418d863c95da60ec4d59,,,,,,,,true,"","",89e0b4f6-0dca-41e1-a652-9e86f7421d8a,Tue May 19 2026 06:35:50 GMT+0000 (Coordinated Universal Time),Mon May 25 2026 03:36:41 GMT+0000 (Coordinated Universal Time),,,,,oh,,,,,,,,,,mailchimp_pre_2026,2019-04-28 10:53:32,,,,,,
e76a823b-6acf-4069-908f-0c917ce1ebad,,,sybilwayne30@yahoo.com,,,8459ec8ab36a4d089b2f809a2763144d,,,,,,,,true,"","",89e0b4f6-0dca-41e1-a652-9e86f7421d8a,Tue May 19 2026 06:35:50 GMT+0000 (Coordinated Universal Time),Mon May 25 2026 03:36:41 GMT+0000 (Coordinated Universal Time),,,,,,,,,,,,,,,mailchimp_pre_2026,2020-10-11 21:15:14,,,,,,
071c8000-8f27-4d82-9a56-e0bca47b4fa0,,,loristole@outlook.com,,,1cc2e16cfa834be48446854c7cef3ae9,,,,,,,,true,"","",89e0b4f6-0dca-41e1-a652-9e86f7421d8a,Tue May 19 2026 06:35:50 GMT+0000 (Coordinated Universal Time),Mon May 25 2026 03:36:41 GMT+0000 (Coordinated Universal Time),,,,,OR,,,,,,,,,,mailchimp_pre_2026,2020-12-12 00:08:38,,,,,,
d6aaa43b-1ef8-4788-96fd-da2488a108cc,,,wcoen@att.net,,,40ca435cf28b4660bbdc3afdfadb848c,,,,,,,,true,"","",89e0b4f6-0dca-41e1-a652-9e86f7421d8a,Tue May 19 2026 06:35:50 GMT+0000 (Coordinated Universal Time),Mon May 25 2026 03:36:41 GMT+0000 (Coordinated Universal Time),,,,,,,,,,,,,,,mailchimp_pre_2026,2025-07-26 02:36:40,,,,,,
1e2c5996-82fd-4dd0-8d23-584d8fc9c764,,,mwanderson1525@gmail.com,,,85007807a8334647a6d7d59c67945f12,,,,,,,,true,"","",89e0b4f6-0dca-41e1-a652-9e86f7421d8a,Tue May 19 2026 06:35:50 GMT+0000 (Coordinated Universal Time),Mon May 25 2026 03:36:41 GMT+0000 (Coordinated Universal Time),,,,,,,,,,,,,,,mailchimp_pre_2026,2023-05-04 17:57:34,,,,,,
797da58a-44aa-4c51-ba9d-0fad22842de1,,,farahmetzger@gmail.com,,,1cc6240d6a554efeb45fca3beb6eb26f,,,,,,,,true,"","",89e0b4f6-0dca-41e1-a652-9e86f7421d8a,Tue May 19 2026 06:35:50 GMT+0000 (Coordinated Universal Time),Mon May 25 2026 03:36:41 GMT+0000 (Coordinated Universal Time),,,,,,,,,,,,,,,mailchimp_pre_2026,2025-07-26 02:36:42,,,,,,
e05915cf-45a2-4212-97ef-77c16ccf732d,,,lslcummings@yahoo.com,,,858b6d6d32ac4d8bbff3cabdfa4ac1b5,,,,,,,,true,"","",89e0b4f6-0dca-41e1-a652-9e86f7421d8a,Tue May 19 2026 06:35:50 GMT+0000 (Coordinated Universal Time),Mon May 25 2026 03:36:41 GMT+0000 (Coordinated Universal Time),,,,,Newington,US,,,,,,,,,mailchimp_pre_2026,2023-05-04 17:57:32,,,,,,
fa87cf50-6d2e-4b45-afa0-ab358c7dd088,,,gazz.pitta@gmail.com,,,d6e9fdb332d44e11ba5c2e2e5d4009a5,,,,,,,,true,"","",89e0b4f6-0dca-41e1-a652-9e86f7421d8a,Tue May 19 2026 06:35:50 GMT+0000 (Coordinated Universal Time),Mon May 25 2026 03:36:41 GMT+0000 (Coordinated Universal Time),,,,,NSW,,,,,,,,,,mailchimp_pre_2026,2020-08-29 05:44:15,,,,,,
bd1651df-8226-4d15-98f5-89a8d4e17cab,,,dflores7@gmail.com,,,307ba18dc0f04c3d9b26ca020832b1e0,,,,,,,,true,"","",89e0b4f6-0dca-41e1-a652-9e86f7421d8a,Tue May 19 2026 06:35:50 GMT+0000 (Coordinated Universal Time),Mon May 25 2026 03:36:42 GMT+0000 (Coordinated Universal Time),,,,,,,,,,,,,,,mailchimp_pre_2026,2019-05-17 11:32:23,,,,,,
7d3b8d1a-f05e-46df-9ad6-15a559f15bc0,,,mi4296011@gmail.com,,,5e6f161193cd49e997daa14c8cb005b7,,,,,,,,true,"","",89e0b4f6-0dca-41e1-a652-9e86f7421d8a,Tue May 19 2026 06:35:50 GMT+0000 (Coordinated Universal Time),Mon May 25 2026 03:36:42 GMT+0000 (Coordinated Universal Time),,,,,,,,,,,,,,,mailchimp_pre_2026,2023-05-04 17:57:27,,,,,,
a94491eb-0394-4bcf-afae-0305d8429f0c,,,69.player.jy@gmail.com,,,5ae55643859448f1ad5661cb25d602bf,,,,,,,,true,"","",89e0b4f6-0dca-41e1-a652-9e86f7421d8a,Tue May 19 2026 06:35:50 GMT+0000 (Coordinated Universal Time),Mon May 25 2026 03:36:42 GMT+0000 (Coordinated Universal Time),,,,,,,,,,,,,,,mailchimp_pre_2026,2023-05-04 17:57:28,,,,,,
4a2b1d43-f8ab-490b-993c-d4dbcf41f118,,,carolinehallbiz@gmail.com,,,c067cb3af0494e6cae9b49c88dd6bede,,,,,,,,true,"","",89e0b4f6-0dca-41e1-a652-9e86f7421d8a,Tue May 19 2026 06:35:50 GMT+0000 (Coordinated Universal Time),Mon May 25 2026 03:36:42 GMT+0000 (Coordinated Universal Time),,,,,,,,,,,,,,,mailchimp_pre_2026,2019-05-17 11:32:23,,,,,,
5c968c43-3a4a-4ac7-b2db-27321e17a7ed,,,grennan@sbcglobal.net,,,c286432a223f4d9f8b3dfeda6813cb49,,,,,,,,true,"","",89e0b4f6-0dca-41e1-a652-9e86f7421d8a,Tue May 19 2026 06:35:50 GMT+0000 (Coordinated Universal Time),Mon May 25 2026 03:36:42 GMT+0000 (Coordinated Universal Time),,,,,,,,,,,,,,,mailchimp_pre_2026,2019-05-17 11:32:42,,,,,,
998ff931-dc8c-4f66-8f6e-d510946993a2,,,edntami84@yahoo.com,,,2668625ee7af46c9a369aa1949c01551,,,,,,,,true,"","",89e0b4f6-0dca-41e1-a652-9e86f7421d8a,Tue May 19 2026 06:35:50 GMT+0000 (Coordinated Universal Time),Mon May 25 2026 03:36:42 GMT+0000 (Coordinated Universal Time),,,,,il,,,,,,,,,,mailchimp_pre_2026,2018-12-30 16:48:04,,,,,,
e6502ae2-c72a-4fb2-a39c-59ac92ce213c,,,testtest@test.com,,,a35aab4d9834404782e34c0885ec9c4f,,,,,,,,true,"","",89e0b4f6-0dca-41e1-a652-9e86f7421d8a,Tue May 19 2026 06:35:50 GMT+0000 (Coordinated Universal Time),Mon May 25 2026 03:36:42 GMT+0000 (Coordinated Universal Time),,,,,,,,,,,,,,,mailchimp_pre_2026,2020-07-17 10:29:23,,,,,,
14ca6e7d-7400-4b43-a526-4ad672e51cf0,,,colinmcrichton@yahoo.co.uk,,,02cb83064939484d80e0c28cbb09e51b,,,,,,,,true,"","",89e0b4f6-0dca-41e1-a652-9e86f7421d8a,Tue May 19 2026 06:35:50 GMT+0000 (Coordinated Universal Time),Mon May 25 2026 03:36:42 GMT+0000 (Coordinated Universal Time),,,,,,,,,,,,,,,mailchimp_pre_2026,2023-05-04 17:57:36,,,,,,
f5688d67-4be3-4071-90ea-426a01fca257,,,jstotler@unitedwireless.com,,,17afa67695cb481dad877429aa5f9fe5,,,,,,,,true,"","",89e0b4f6-0dca-41e1-a652-9e86f7421d8a,Tue May 19 2026 06:35:50 GMT+0000 (Coordinated Universal Time),Mon May 25 2026 03:36:42 GMT+0000 (Coordinated Universal Time),,,,,,,,,,,,,,,mailchimp_pre_2026,2023-05-04 17:57:33,,,,,,
6d384798-6ee6-4aba-bd15-de5f45b51942,,,finman21@outlook.com,,,dcd5ff6daeba4a15b8ffffe6bf134ac2,,,,,,,,true,"","",89e0b4f6-0dca-41e1-a652-9e86f7421d8a,Tue May 19 2026 06:35:50 GMT+0000 (Coordinated Universal Time),Mon May 25 2026 03:36:42 GMT+0000 (Coordinated Universal Time),,,,,Pasadena,US,,,,,,,,,mailchimp_pre_2026,2023-05-04 17:57:50,,,,,,
0fceae6b-3c17-4dc1-abe1-135888a20e55,,,mbdach@sbcglobal.net,,,b0d24ced2e8847feb0b12ee13f67704d,,,,,,,,true,"","",89e0b4f6-0dca-41e1-a652-9e86f7421d8a,Tue May 19 2026 06:35:50 GMT+0000 (Coordinated Universal Time),Mon May 25 2026 03:36:42 GMT+0000 (Coordinated Universal Time),,,,,Overland,US,,,,,,,,,mailchimp_pre_2026,2023-05-04 17:57:51,,,,,,
3b1ba1fd-28f2-4154-aef3-0b7eedb27786,,,mvachon70@gmail.com,,,69413ae1cbe94e308113a058833bc484,,,,,,,,true,"","",89e0b4f6-0dca-41e1-a652-9e86f7421d8a,Tue May 19 2026 06:35:50 GMT+0000 (Coordinated Universal Time),Mon May 25 2026 03:36:42 GMT+0000 (Coordinated Universal Time),,,,,,,,,,,,,,,mailchimp_pre_2026,2025-07-26 02:36:42,,,,,,
dde5215b-a195-461e-a0b8-93def105a08e,,,jrjodobson@gmail.com,,,2a49508b529c425db1ccf0a90a5e1f7c,,,,,,,,true,"","",89e0b4f6-0dca-41e1-a652-9e86f7421d8a,Tue May 19 2026 06:35:50 GMT+0000 (Coordinated Universal Time),Mon May 25 2026 03:36:42 GMT+0000 (Coordinated Universal Time),,,,,Kansas,US,,,,,,,,,mailchimp_pre_2026,2023-05-04 17:57:44,,,,,,
f1c45f0e-98ec-42b1-91c7-1d376b9eb8b7,,,paypal@wjraps.com,,,4a4955f267c34b0cbfda113fed1a4df6,,,,,,,,true,"","",89e0b4f6-0dca-41e1-a652-9e86f7421d8a,Tue May 19 2026 06:35:50 GMT+0000 (Coordinated Universal Time),Mon May 25 2026 03:36:37 GMT+0000 (Coordinated Universal Time),,,,,,,,,,,,,,,mailchimp_pre_2026,2019-05-17 11:32:24,,,,,,
45539972-e5e9-434e-a217-6015ad95eb56,,,larrycochran9@gmail.com,,,b10efed5d0894414a9e1103b2857b28f,,,,,,,,true,"","",89e0b4f6-0dca-41e1-a652-9e86f7421d8a,Tue May 19 2026 06:35:50 GMT+0000 (Coordinated Universal Time),Mon May 25 2026 03:36:42 GMT+0000 (Coordinated Universal Time),,,,,,,,,,,,,,,mailchimp_pre_2026,2023-05-04 17:57:36,,,,,,
026d0f65-9142-4f02-84a8-165f83fb7728,,,ann.steadman@gmail.com,,,abea361ec3444174836196f6bf2c5b43,,,,,,,,true,"","",89e0b4f6-0dca-41e1-a652-9e86f7421d8a,Tue May 19 2026 06:35:50 GMT+0000 (Coordinated Universal Time),Mon May 25 2026 03:36:42 GMT+0000 (Coordinated Universal Time),,,,,,,,,,,,,,,mailchimp_pre_2026,2023-05-04 17:57:30,,,,,,
9bcbb1b5-af66-404e-9661-835b6061948c,,,ziegenhorn.david@gmail.com,,,efc3a55b98fd410d9d169c94a870a911,,,,,,,,true,"","",89e0b4f6-0dca-41e1-a652-9e86f7421d8a,Tue May 19 2026 06:35:50 GMT+0000 (Coordinated Universal Time),Mon May 25 2026 03:36:42 GMT+0000 (Coordinated Universal Time),,,,,Sheridan,US,,,,,,,,,mailchimp_pre_2026,2023-05-04 17:57:47,,,,,,
827c8672-443d-4ac0-b74f-3bef59f962b6,,,davidzellinger@gmail.com,,,8168c027347446c48b2480f61e75d097,,,,,,,,true,"","",89e0b4f6-0dca-41e1-a652-9e86f7421d8a,Tue May 19 2026 06:35:50 GMT+0000 (Coordinated Universal Time),Mon May 25 2026 03:36:42 GMT+0000 (Coordinated Universal Time),,,,,,,,,,,,,,,mailchimp_pre_2026,2021-02-07 21:22:22,,,,,,
826a3f78-049b-44a3-9a95-ee7856d5590b,,,gdhanchin@gmail.com,,,8d135b45fe5247df834d44ee6124e452,,,,,,,,true,"","",89e0b4f6-0dca-41e1-a652-9e86f7421d8a,Tue May 19 2026 06:35:50 GMT+0000 (Coordinated Universal Time),Mon May 25 2026 03:36:42 GMT+0000 (Coordinated Universal Time),,,,,OH,,,,,,,,,,mailchimp_pre_2026,2020-10-20 06:30:12,,,,,,
77842ba3-be06-474c-9ace-81b22e3695eb,,,jfortune@fortunelaw.ca,,,f3cda49b538046feb40788f3a00ae779,,,,,,,,true,"","",89e0b4f6-0dca-41e1-a652-9e86f7421d8a,Tue May 19 2026 06:35:50 GMT+0000 (Coordinated Universal Time),Mon May 25 2026 03:36:32 GMT+0000 (Coordinated Universal Time),,,,,,,,,,,,,,,mailchimp_pre_2026,2018-02-06 13:57:35,,,,,,
d8d95c47-ab2a-438e-a1a9-581e1ceff464,,,lrhoades@bradenandmcsweeny.com,,,51a8dc25ffe64d269ec26a398bd90f92,,,,,,,,true,"","",89e0b4f6-0dca-41e1-a652-9e86f7421d8a,Tue May 19 2026 06:35:50 GMT+0000 (Coordinated Universal Time),Mon May 25 2026 03:36:32 GMT+0000 (Coordinated Universal Time),,,,,,,,,,,,,,,mailchimp_pre_2026,2018-04-27 15:39:20,,,,,,
f65f8636-3827-45d3-868a-b1ff996d5d31,,,englandara@gmail.com,,,24d812fc05494e6b9ff47efa146f1107,,,,,,,,true,"","",89e0b4f6-0dca-41e1-a652-9e86f7421d8a,Tue May 19 2026 06:35:50 GMT+0000 (Coordinated Universal Time),Mon May 25 2026 03:36:32 GMT+0000 (Coordinated Universal Time),,,,,,,,,,,,,,,mailchimp_pre_2026,2019-05-17 11:32:17,,,,,,
6ce33c23-493a-4ae1-9ca6-55469eece019,John,Buatti,jbuatti123@gmail.com,,,75459ad60dc04762a8e4328fe944f863,,,,,,,,true,"","",89e0b4f6-0dca-41e1-a652-9e86f7421d8a,Tue May 19 2026 06:35:50 GMT+0000 (Coordinated Universal Time),Mon May 25 2026 03:36:32 GMT+0000 (Coordinated Universal Time),,,,,,,,,,cus_OT4xyHoepNa6K6,,,,,stripe-pre-2026,,,,,,,
047c640f-d178-498f-942d-3dcc17ffa779,,,bradens09@yahoo.com,,,517267429b3d453abe43f4e80514d10a,,,,,,,,true,"","",89e0b4f6-0dca-41e1-a652-9e86f7421d8a,Tue May 19 2026 06:35:50 GMT+0000 (Coordinated Universal Time),Mon May 25 2026 03:36:32 GMT+0000 (Coordinated Universal Time),,,,,Palmetto,US,,,,,,,,,mailchimp_pre_2026,2023-05-04 17:57:51,,,,,,
f552f337-7a6b-491a-adb5-cb52e867556c,Kevin,Stone,stonecosvs2@gmail.com,,,61bf65cbe25c49d6857bb8283dc22ad8,,,,,,,,true,"","",89e0b4f6-0dca-41e1-a652-9e86f7421d8a,Tue May 19 2026 06:35:50 GMT+0000 (Coordinated Universal Time),Mon May 25 2026 03:36:32 GMT+0000 (Coordinated Universal Time),,,,,,,,,,cus_QMkyecwdVaNiQo,,,,,stripe-pre-2026,,,,,,,
c235ccc4-ca45-4fa8-956d-d090e441df3b,Lela,Flumenbaum,flum48@yahoo.com,,,634b5a27cceb4fb79a1b301b42de0c5a,,,,,,,,true,"","",89e0b4f6-0dca-41e1-a652-9e86f7421d8a,Tue May 19 2026 06:35:50 GMT+0000 (Coordinated Universal Time),Mon May 25 2026 03:36:32 GMT+0000 (Coordinated Universal Time),,,,,Sahurita,US,,,,cus_JrEFF24Y9U2RQc,,,,,stripe-pre-2026,,,,,,,
6939641a-3c81-4e74-b096-ed7d744031e0,,,geneshillman@gmail.com,,,668f8d3939e142d2ac72496318bfdd96,,,,,,,,true,"","",89e0b4f6-0dca-41e1-a652-9e86f7421d8a,Tue May 19 2026 06:35:50 GMT+0000 (Coordinated Universal Time),Mon May 25 2026 03:36:32 GMT+0000 (Coordinated Universal Time),,,,,,,,,,,,,,,mailchimp_pre_2026,2023-05-04 17:57:30,,,,,,
83b6b538-3457-4541-833b-dc5d9e1aa97d,,,hallsfaith@gmail.com,,,821bbc10f43d4bc68f85d75cd1201ea4,,,,,,,,true,"","",89e0b4f6-0dca-41e1-a652-9e86f7421d8a,Tue May 19 2026 06:35:50 GMT+0000 (Coordinated Universal Time),Mon May 25 2026 03:36:32 GMT+0000 (Coordinated Universal Time),,,,,Red,US,,,,,,,,,mailchimp_pre_2026,2023-05-04 17:57:35,,,,,,
728a943c-a4ba-4460-a35f-1a117e7f8cd1,Kerri,Davis,kerrimichelle109@gmail.com,,,c5ac07b401534431900ccad59a1b71b5,,,,,,,,true,"","",89e0b4f6-0dca-41e1-a652-9e86f7421d8a,Tue May 19 2026 06:35:50 GMT+0000 (Coordinated Universal Time),Mon May 25 2026 03:36:32 GMT+0000 (Coordinated Universal Time),,,,,NOKOMIS41,US,,,,cus_KQS5LTpU0YQ0bf,,,,,stripe-pre-2026,,,,,,,
f7a95b10-6534-4555-916e-79b2bdce8cb9,,,nkwilliams5@hotmail.com,,,4b7e159c23ff4fa185fafcfba49c4078,,,,,,,,true,"","",89e0b4f6-0dca-41e1-a652-9e86f7421d8a,Tue May 19 2026 06:35:50 GMT+0000 (Coordinated Universal Time),Mon May 25 2026 03:36:32 GMT+0000 (Coordinated Universal Time),,,,,,,,,,,,,,,mailchimp_pre_2026,2023-05-04 17:57:30,,,,,,
20a03a4f-6319-4f50-93b4-91ca7405b192,,,tmtyra003@gmail.com,,,3fafdc80b4564902a98d055541bb1bb5,,,,,,,,true,"","",89e0b4f6-0dca-41e1-a652-9e86f7421d8a,Tue May 19 2026 06:35:50 GMT+0000 (Coordinated Universal Time),Mon May 25 2026 03:36:32 GMT+0000 (Coordinated Universal Time),,,,,KY,,,,,,,,,,mailchimp_pre_2026,2020-10-18 03:21:14,,,,,,
b3c279f3-11ee-4f68-9f95-c7f93a93ec1b,Bill/Christine,Windler,wnwindler@gmail.com,,,854c65053b55451eaa452bc0676f404b,,,,,,,,true,"","",89e0b4f6-0dca-41e1-a652-9e86f7421d8a,Tue May 19 2026 06:35:50 GMT+0000 (Coordinated Universal Time),Mon May 25 2026 03:36:32 GMT+0000 (Coordinated Universal Time),,,,,Manchester,US,,,,,,,,,stripe-pre-2026,,,,,,,
eee46a26-a1ab-4c14-9aa6-974acc0d7cad,,,jdlight@dlaplus.com,,,66ff2a649c2441188d87110bfe50a947,,,,,,,,true,"","",89e0b4f6-0dca-41e1-a652-9e86f7421d8a,Tue May 19 2026 06:35:50 GMT+0000 (Coordinated Universal Time),Mon May 25 2026 03:36:32 GMT+0000 (Coordinated Universal Time),,,,,PA,,,,,,,,,,mailchimp_pre_2026,2020-02-04 12:00:54,,,,,,
032ab683-fac1-4bde-8ac3-44de55a2baf9,Sarah,Blessing,s.blessing2883@gmail.com,,,83ef20993e1947bda415c65b2c0e61a6,,,,,,,,true,"","",89e0b4f6-0dca-41e1-a652-9e86f7421d8a,Tue May 19 2026 06:35:50 GMT+0000 (Coordinated Universal Time),Mon May 25 2026 03:36:32 GMT+0000 (Coordinated Universal Time),,,,,Sparta,US,,,,,,,,,stripe-pre-2026,,,,,,,
54689e44-6925-4e02-8373-938252326cf4,,,ddonaghy@gmail.com,,,c8f36f96739742d09199c78bc603a119,,,,,,,,true,"","",89e0b4f6-0dca-41e1-a652-9e86f7421d8a,Tue May 19 2026 06:35:50 GMT+0000 (Coordinated Universal Time),Mon May 25 2026 03:36:32 GMT+0000 (Coordinated Universal Time),,,,,Great,US,,,,,,,,,mailchimp_pre_2026,2023-05-04 17:57:51,,,,,,
ed5a550f-afc4-4fa2-a53f-fe2fe1771155,John,Anderson,johnnyquid@comcast.net,,,fa16827cb07b40389ddb73b5d1ae714c,,,,,,,,true,"","",89e0b4f6-0dca-41e1-a652-9e86f7421d8a,Tue May 19 2026 06:35:50 GMT+0000 (Coordinated Universal Time),Mon May 25 2026 03:36:32 GMT+0000 (Coordinated Universal Time),,,,,lakewood,US,,,,cus_RwyAD7fZeBl36E,,,,,stripe-pre-2026,,,,,,,
e43f9408-5044-4a98-a8a1-9a3b19286950,,,Ddifabio1@yahoo.com,,,2b292a43808741a6b537ec0499d69fa5,,,,,,,,true,"","",89e0b4f6-0dca-41e1-a652-9e86f7421d8a,Tue May 19 2026 06:35:50 GMT+0000 (Coordinated Universal Time),Mon May 25 2026 03:36:32 GMT+0000 (Coordinated Universal Time),,,,,,,,,,,,,,,mailchimp_pre_2026,2021-04-24 18:10:17,,,,,,
ada57a52-a8e5-4f41-a936-2d1c0ec90f99,,,jlandecker1@gmail.com,,,0d369e920ad74f0ba76cbfabb0b00ffb,,,,,,,,true,"","",89e0b4f6-0dca-41e1-a652-9e86f7421d8a,Tue May 19 2026 06:35:50 GMT+0000 (Coordinated Universal Time),Mon May 25 2026 03:36:32 GMT+0000 (Coordinated Universal Time),,,,,NY,,,,,,,,,,mailchimp_pre_2026,2021-01-28 10:34:56,,,,,,
3eb75c7f-d5d1-4586-a39f-6b7dcd6c8998,Kathryn,Becker,kate_becker@yahoo.com,,,e4badbdcef354bf9a19cc604895e093d,,,,,,,,true,"","",89e0b4f6-0dca-41e1-a652-9e86f7421d8a,Tue May 19 2026 06:35:50 GMT+0000 (Coordinated Universal Time),Mon May 25 2026 03:36:32 GMT+0000 (Coordinated Universal Time),,,,,Brookline,US,,,,cus_P9CPz3HJBTYXUv,,,,,stripe-pre-2026,,,,,,,
326d55b5-1f87-416b-8930-5c05f197d6e6,,,auntieyoda2005@yahoo.com,,,363c113301754e6e80943823adee0e1f,,,,,,,,true,"","",89e0b4f6-0dca-41e1-a652-9e86f7421d8a,Tue May 19 2026 06:35:50 GMT+0000 (Coordinated Universal Time),Mon May 25 2026 03:36:32 GMT+0000 (Coordinated Universal Time),,,,,CO,,,,,,,,,,mailchimp_pre_2026,2020-11-03 10:12:12,,,,,,
0344ca49-b62d-49cd-80c0-b614d292d61c,,,shust@comcast.net,,,5a5319e2e23d432e815425f93331c58c,,,,,,,,true,"","",89e0b4f6-0dca-41e1-a652-9e86f7421d8a,Tue May 19 2026 06:35:50 GMT+0000 (Coordinated Universal Time),Mon May 25 2026 03:36:32 GMT+0000 (Coordinated Universal Time),,,,,,,,,,,,,,,mailchimp_pre_2026,2025-07-26 02:36:42,,,,,,
f4109213-c928-42b5-a610-897cc06d0310,Mark,Berant,mdberant@gmail.com,,,0e765a60c11c4438b98b76c0f58440a7,,,,,,,,true,"","",89e0b4f6-0dca-41e1-a652-9e86f7421d8a,Tue May 19 2026 06:35:50 GMT+0000 (Coordinated Universal Time),Mon May 25 2026 03:36:32 GMT+0000 (Coordinated Universal Time),,,,,Sterling Heights,US,,,,cus_RwvjIkK6lwyZed,,,,,stripe-pre-2026,,,,,,,
cadc4f2b-21d3-44e1-a529-ee7f0a520d15,,,ajaffe@optonline.net,,,769309ded5f5465d9d0b47ec3b0f27f0,,,,,,,,true,"","",89e0b4f6-0dca-41e1-a652-9e86f7421d8a,Tue May 19 2026 06:35:50 GMT+0000 (Coordinated Universal Time),Mon May 25 2026 03:36:32 GMT+0000 (Coordinated Universal Time),,,,,,,,,,,,,,,mailchimp_pre_2026,2018-03-18 18:15:40,,,,,,
c45fc27f-9e40-4551-9469-c782d9540827,,,schkuppy@gmail.com,,,c40412d9615f4c84a7b86208c939e485,,,,,,,,true,"","",89e0b4f6-0dca-41e1-a652-9e86f7421d8a,Tue May 19 2026 06:35:50 GMT+0000 (Coordinated Universal Time),Mon May 25 2026 03:36:32 GMT+0000 (Coordinated Universal Time),,,,,,,,,,,,,,,mailchimp_pre_2026,2023-05-04 17:57:28,,,,,,
6b1c9068-909e-4fbb-b518-e64382aa85db,Nicholas, Wright,wright2580@hotmail.com,,,92772eeeda0c466fbbe53b1059ed0805,,,,,,,,true,"","",89e0b4f6-0dca-41e1-a652-9e86f7421d8a,Tue May 19 2026 06:35:50 GMT+0000 (Coordinated Universal Time),Mon May 25 2026 03:36:32 GMT+0000 (Coordinated Universal Time),,,,,Gig Harbor,US,,,,cus_PJGZ4yLu0kan7z,,,,,stripe-pre-2026,,,,,,,
a414ccc6-ded7-4c8e-9782-60fbf7876ab4,,,alisontamayo@gmail.com,,,7806ab11b8d24d52b68d782f1c161974,,,,,,,,true,"","",89e0b4f6-0dca-41e1-a652-9e86f7421d8a,Tue May 19 2026 06:35:50 GMT+0000 (Coordinated Universal Time),Mon May 25 2026 03:36:33 GMT+0000 (Coordinated Universal Time),,,,,CA,,,,,,,,,,mailchimp_pre_2026,2021-02-22 13:44:14,,,,,,
5ce962ae-6c17-4e02-a685-ac305efccbb3,,,llwise2017@gmail.com,,,57175ee784e94f76813ebc8726f1cc01,,,,,,,,true,"","",89e0b4f6-0dca-41e1-a652-9e86f7421d8a,Tue May 19 2026 06:35:50 GMT+0000 (Coordinated Universal Time),Mon May 25 2026 03:36:33 GMT+0000 (Coordinated Universal Time),,,,,Bonita,US,,,,,,,,,mailchimp_pre_2026,2023-05-04 17:57:44,,,,,,
b0f7a778-0d3c-4055-89b7-12ce3cec4c15,Karl,Peterson,petersok@gmail.com,,,e9a4b51ba4a44122819f03f98295f367,,,,,,,,true,"","",89e0b4f6-0dca-41e1-a652-9e86f7421d8a,Tue May 19 2026 06:35:50 GMT+0000 (Coordinated Universal Time),Mon May 25 2026 03:36:33 GMT+0000 (Coordinated Universal Time),,,,,Atlanta,US,,,,cus_Nm5NneF7lJ3ExX,,,,,stripe-pre-2026,,,,,,,
85bd53e1-12e2-4c45-95a6-96aeb037bfb3,,,lc@stratusmarble.com,,,e1d2c2d5a4454a868163023193f34412,,,,,,,,true,"","",89e0b4f6-0dca-41e1-a652-9e86f7421d8a,Tue May 19 2026 06:35:50 GMT+0000 (Coordinated Universal Time),Mon May 25 2026 03:36:33 GMT+0000 (Coordinated Universal Time),,,,,MI,,,,,,,,,,mailchimp_pre_2026,2021-01-18 21:23:55,,,,,,
6f4cb34f-a630-4215-969c-4ab516e48a56,,,longeway761@gmail.com,,,29794af36e9b41b88b9b7bc7b984e90f,,,,,,,,true,"","",89e0b4f6-0dca-41e1-a652-9e86f7421d8a,Tue May 19 2026 06:35:50 GMT+0000 (Coordinated Universal Time),Mon May 25 2026 03:36:33 GMT+0000 (Coordinated Universal Time),,,,,Westland,US,,,,,,,,,mailchimp_pre_2026,2023-05-04 17:57:45,,,,,,
9a4ae3b2-bb9a-4d16-a95c-c2721e0b1158,Andrea,Gerber,awilsongerber@gmail.com,,,d61b8869650d4655a5850eeadfff2ce9,,,,,,,,true,"","",89e0b4f6-0dca-41e1-a652-9e86f7421d8a,Tue May 19 2026 06:35:50 GMT+0000 (Coordinated Universal Time),Mon May 25 2026 03:36:33 GMT+0000 (Coordinated Universal Time),,,,,Los Alamos,US,,,,cus_NwcacEkuwgHFLi,,,,,stripe-pre-2026,,,,,,,
64bed2e9-964b-4ceb-b45e-fcfb90319c84,Eoin,McGinty,ndjets40@yahoo.com,,,8aeb07ffa8e048e7b015db29cbc07de8,,,,,,,,true,"","",89e0b4f6-0dca-41e1-a652-9e86f7421d8a,Tue May 19 2026 06:35:50 GMT+0000 (Coordinated Universal Time),Mon May 25 2026 03:36:33 GMT+0000 (Coordinated Universal Time),,,,,San Antonio,US,,,,cus_L1bu2riXbuv2UC,,,,,stripe-pre-2026,2023-05-04 17:57:38,,,,,,
0943cce2-ccb6-44c5-9070-1915adf03c9f,,,vtsalentine@yahoo.com,,,5a981c2bd8c1464fabd8b45f49db8b09,,,,,,,,true,"","",89e0b4f6-0dca-41e1-a652-9e86f7421d8a,Tue May 19 2026 06:35:50 GMT+0000 (Coordinated Universal Time),Mon May 25 2026 03:36:33 GMT+0000 (Coordinated Universal Time),,,,,VA,,,,,,,,,,mailchimp_pre_2026,2021-03-17 07:24:38,,,,,,
86f1f5fd-974c-4e71-b2ef-4541c5b70c0a,,,kimberlypaints@gmail.com,,,1197308638a34203a8e3a3b495aed0b5,,,,,,,,true,"","",89e0b4f6-0dca-41e1-a652-9e86f7421d8a,Tue May 19 2026 06:35:50 GMT+0000 (Coordinated Universal Time),Mon May 25 2026 03:36:33 GMT+0000 (Coordinated Universal Time),,,,,,,,,,,,,,,mailchimp_pre_2026,2025-07-26 02:36:41,,,,,,
4dcdf633-e8a4-4d29-814c-8d5ad69eaf0b,THOMAS,HOEDEMAN,thoedeman@comcast.net,,,0daaee80da56470e98cc938eb2145df9,,,,,,,,true,"","",89e0b4f6-0dca-41e1-a652-9e86f7421d8a,Tue May 19 2026 06:35:50 GMT+0000 (Coordinated Universal Time),Mon May 25 2026 03:36:33 GMT+0000 (Coordinated Universal Time),,,,,EDINA,US,,,,cus_IMpuChNhUpnq2s,,,,,stripe-pre-2026,,,,,,,
465cf02b-8da6-48d4-bf2f-93568aa20366,,,mabrams758@gmail.com,,,c7b40a52b11249058c75e710e224910b,,,,,,,,true,"","",89e0b4f6-0dca-41e1-a652-9e86f7421d8a,Tue May 19 2026 06:35:50 GMT+0000 (Coordinated Universal Time),Mon May 25 2026 03:36:33 GMT+0000 (Coordinated Universal Time),,,,,,,,,,,,,,,mailchimp_pre_2026,2023-05-04 17:57:36,,,,,,
630c8a57-a87b-4ecd-bd15-74198c653690,,,dasbaur@verizon.net,,,ebfdfa416ca04ba596c0a79ac3cfdf45,,,,,,,,true,"","",89e0b4f6-0dca-41e1-a652-9e86f7421d8a,Tue May 19 2026 06:35:50 GMT+0000 (Coordinated Universal Time),Mon May 25 2026 03:36:33 GMT+0000 (Coordinated Universal Time),,,,,ny,,,,,,,,,,mailchimp_pre_2026,2019-04-02 13:49:54,,,,,,
71ae4be4-3c8a-4024-abd7-e4c159deea31,,,verarbid@hotmail.com,,,ea8ed4262d3145f4b07fe2fc02ad323e,,,,,,,,true,"","",89e0b4f6-0dca-41e1-a652-9e86f7421d8a,Tue May 19 2026 06:35:50 GMT+0000 (Coordinated Universal Time),Mon May 25 2026 03:36:33 GMT+0000 (Coordinated Universal Time),,,,,,,,,,,,,,,mailchimp_pre_2026,2023-05-04 17:57:45,,,,,,
357e69a6-b2b5-490b-b632-6323c9a465c6,,,bruce.dalton@myfairpoint.net,,,1b73264cb73c4b07b8210b50fa6970ed,,,,,,,,true,"","",89e0b4f6-0dca-41e1-a652-9e86f7421d8a,Tue May 19 2026 06:35:50 GMT+0000 (Coordinated Universal Time),Mon May 25 2026 03:36:33 GMT+0000 (Coordinated Universal Time),,,,,Cornish,US,,,,,,,,,mailchimp_pre_2026,2023-05-04 17:57:39,,,,,,
8142991c-e473-497b-819a-aeada00fe1dc,,,ckkeyt0@gmail.com,,,93a9a42fea864297b1eb1372c3dbbb20,,,,,,,,true,"","",89e0b4f6-0dca-41e1-a652-9e86f7421d8a,Tue May 19 2026 06:35:50 GMT+0000 (Coordinated Universal Time),Mon May 25 2026 03:36:33 GMT+0000 (Coordinated Universal Time),,,,,,,,,,,,,,,mailchimp_pre_2026,2025-07-26 02:36:41,,,,,,
82a45e8f-3e93-458e-be7b-82a7ccf0752c,,,michaelpetrie62@gmail.com,,,bad463bf14684e5096c55ba02b29a7f9,,,,,,,,true,"","",89e0b4f6-0dca-41e1-a652-9e86f7421d8a,Tue May 19 2026 06:35:50 GMT+0000 (Coordinated Universal Time),Mon May 25 2026 03:36:33 GMT+0000 (Coordinated Universal Time),,,,,WA,,,,,,,,,,mailchimp_pre_2026,2020-11-17 14:31:35,,,,,,
9c2e31fb-ab3c-4cd8-8bd1-dcc14c65306d,,,dsgray10@gmail.com,,,14534784239246d4b67c71c243e990a3,,,,,,,,true,"","",89e0b4f6-0dca-41e1-a652-9e86f7421d8a,Tue May 19 2026 06:35:50 GMT+0000 (Coordinated Universal Time),Mon May 25 2026 03:36:33 GMT+0000 (Coordinated Universal Time),,,,,Dallas,US,,,,,,,,,mailchimp_pre_2026,2023-05-04 17:57:52,,,,,,
f91c1abe-1649-433f-b7ba-944bbfaca73b,,,Beth@bethunderwood.com,,,5c4dae3bebac4a94a12d643d235341b5,,,,,,,,true,"","",89e0b4f6-0dca-41e1-a652-9e86f7421d8a,Tue May 19 2026 06:35:50 GMT+0000 (Coordinated Universal Time),Mon May 25 2026 03:36:33 GMT+0000 (Coordinated Universal Time),,,,,,,,,,,,,,,mailchimp_pre_2026,2025-07-26 03:04:02,,,,,,
7dd61dd5-b6d4-46dd-830a-c761d1b4f75c,,,dnkram@gmail.com,,,9aacdad7e1e248cb9176997c5ab6868f,,,,,,,,true,"","",89e0b4f6-0dca-41e1-a652-9e86f7421d8a,Tue May 19 2026 06:35:50 GMT+0000 (Coordinated Universal Time),Mon May 25 2026 03:36:33 GMT+0000 (Coordinated Universal Time),,,,,Concord,US,,,,,,,,,mailchimp_pre_2026,2023-05-04 17:57:39,,,,,,
0dffa002-36fa-49ba-ac44-7f4486d76b9b,,,thebodyint@yahoo.co.uk,,,70e1637cafcd459bb1b9e230c07f1858,,,,,,,,true,"","",89e0b4f6-0dca-41e1-a652-9e86f7421d8a,Tue May 19 2026 06:35:50 GMT+0000 (Coordinated Universal Time),Mon May 25 2026 03:36:33 GMT+0000 (Coordinated Universal Time),,,,,BFS,,,,,,,,,,mailchimp_pre_2026,2020-12-30 14:22:17,,,,,,
6d802103-37ac-4409-9928-be22ebb3db73,,,davies.hilary@gmail.com,,,6bdd857c8d3b422daafa4b908e143ffe,,,,,,,,true,"","",89e0b4f6-0dca-41e1-a652-9e86f7421d8a,Tue May 19 2026 06:35:50 GMT+0000 (Coordinated Universal Time),Mon May 25 2026 03:36:33 GMT+0000 (Coordinated Universal Time),,,,,on,,,,,,,,,,mailchimp_pre_2026,2019-03-28 10:12:20,,,,,,
de62e3ca-12d5-4763-90e7-d71742949d57,,,eg@hawaii.rr.com,,,b2dccd2341ab4eda958586d5ecf50107,,,,,,,,true,"","",89e0b4f6-0dca-41e1-a652-9e86f7421d8a,Tue May 19 2026 06:35:50 GMT+0000 (Coordinated Universal Time),Mon May 25 2026 03:36:33 GMT+0000 (Coordinated Universal Time),,,,,HI,,,,,,,,,,mailchimp_pre_2026,2019-09-26 16:38:40,,,,,,
c1b03353-1fe4-43ef-82b0-b2f82029313a,,,lindamac11@aol.com,,,b93cbda56b134920bed5c463baa491c3,,,,,,,,true,"","",89e0b4f6-0dca-41e1-a652-9e86f7421d8a,Tue May 19 2026 06:35:50 GMT+0000 (Coordinated Universal Time),Mon May 25 2026 03:36:33 GMT+0000 (Coordinated Universal Time),,,,,,,,,,,,,,,mailchimp_pre_2026,2025-07-26 02:36:42,,,,,,
c2c33188-d2c2-4247-8465-57271f60006e,,,jodi.blumenfield@gmail.com,,,df53836b8640475cb330c24863ff609a,,,,,,,,true,"","",89e0b4f6-0dca-41e1-a652-9e86f7421d8a,Tue May 19 2026 06:35:50 GMT+0000 (Coordinated Universal Time),Mon May 25 2026 03:36:33 GMT+0000 (Coordinated Universal Time),,,,,,,,,,,,,,,mailchimp_pre_2026,2023-05-04 17:57:28,,,,,,
13cbaa42-a2a5-4190-9612-21af88f663e0,,,jessowen21@gmail.com,,,93d7ef72d39646798ce112117b804b22,,,,,,,,true,"","",89e0b4f6-0dca-41e1-a652-9e86f7421d8a,Tue May 19 2026 06:35:50 GMT+0000 (Coordinated Universal Time),Mon May 25 2026 03:36:33 GMT+0000 (Coordinated Universal Time),,,,,Los,US,,,,,,,,,mailchimp_pre_2026,2023-05-04 17:57:38,,,,,,
14642960-ad2c-4323-9b83-496d646cd223,,,kitchensinks@foxmail.com,,,5ff832b42fcf4e1fbc14982e6024f8d9,,,,,,,,true,"","",89e0b4f6-0dca-41e1-a652-9e86f7421d8a,Tue May 19 2026 06:35:50 GMT+0000 (Coordinated Universal Time),Mon May 25 2026 03:36:33 GMT+0000 (Coordinated Universal Time),,,,,Los,US,,,,,,,,,mailchimp_pre_2026,2023-05-04 17:57:33,,,,,,
f05ded3b-de45-499f-a84f-c0351423dfc6,,,soeminca@yahoo.ca,,,510545e9174e47bb9ff76a5ca29aa7ca,,,,,,,,true,"","",89e0b4f6-0dca-41e1-a652-9e86f7421d8a,Tue May 19 2026 06:35:50 GMT+0000 (Coordinated Universal Time),Mon May 25 2026 03:36:33 GMT+0000 (Coordinated Universal Time),,,,,,,,,,,,,,,mailchimp_pre_2026,2025-11-09 19:02:47,,,,,,
c94f28b6-4d3c-43cf-a4ed-b3caec49e9c2,,,philliprsmith1@charter.net,,,3b22633a15224b71a47f6f1456648d9a,,,,,,,,true,"","",89e0b4f6-0dca-41e1-a652-9e86f7421d8a,Tue May 19 2026 06:35:50 GMT+0000 (Coordinated Universal Time),Mon May 25 2026 03:36:33 GMT+0000 (Coordinated Universal Time),,,,,,,,,,,,,,,mailchimp_pre_2026,2023-05-04 17:57:29,,,,,,
57bc4492-5244-450d-94c0-753c54bf1002,,,susaevaangelina@ya.com,,,748296c39c4148b9b809df9930875b1a,,,,,,,,true,"","",89e0b4f6-0dca-41e1-a652-9e86f7421d8a,Tue May 19 2026 06:35:50 GMT+0000 (Coordinated Universal Time),Mon May 25 2026 03:36:33 GMT+0000 (Coordinated Universal Time),,,,,Perm,RU,,,,,,,,,mailchimp_pre_2026,2023-05-04 17:57:45,,,,,,
0fdb3c9c-c662-4da5-87b0-aa5c75fec93f,,,boujy5@gmail.com,,,3179cd48339e4aed8bfa5a59306929a4,,,,,,,,true,"","",89e0b4f6-0dca-41e1-a652-9e86f7421d8a,Tue May 19 2026 06:35:50 GMT+0000 (Coordinated Universal Time),Mon May 25 2026 03:36:34 GMT+0000 (Coordinated Universal Time),,,,,NJ,,,,,,,,,,mailchimp_pre_2026,2020-08-16 06:49:04,,,,,,
fc6efdfe-08fa-49dc-a328-a92bf0a3872c,,,lindapatbrown@hotmail.com,,,31770de3124a457f83aec705bf7a4d4e,,,,,,,,true,"","",89e0b4f6-0dca-41e1-a652-9e86f7421d8a,Tue May 19 2026 06:35:50 GMT+0000 (Coordinated Universal Time),Mon May 25 2026 03:36:34 GMT+0000 (Coordinated Universal Time),,,,,Bozeman,US,,,,,,,,,mailchimp_pre_2026,2023-05-04 17:57:52,,,,,,
38ab92a9-d490-4281-a5a6-dee5e8f25076,,,vinayak_ahuja@yahoo.com,,,61f1d45c51ff49f9a7f4542703bbc424,,,,,,,,true,"","",89e0b4f6-0dca-41e1-a652-9e86f7421d8a,Tue May 19 2026 06:35:50 GMT+0000 (Coordinated Universal Time),Mon May 25 2026 03:36:34 GMT+0000 (Coordinated Universal Time),,,,,New,US,,,,,,,,,mailchimp_pre_2026,2023-05-04 17:57:31,,,,,,
6bca0052-a4db-440c-9517-bb91c6163705,,,terry@hamdanco.com.au,,,78ffd259245f404394ea8a469f36d84a,,,,,,,,true,"","",89e0b4f6-0dca-41e1-a652-9e86f7421d8a,Tue May 19 2026 06:35:50 GMT+0000 (Coordinated Universal Time),Mon May 25 2026 03:36:34 GMT+0000 (Coordinated Universal Time),,,,,NSW,,,,,,,,,,mailchimp_pre_2026,2020-06-26 22:51:38,,,,,,
835104e6-9898-4fe0-b8a5-84ec1bc8912b,,,eric.busch@buschdist.com,,,c18639348ae94a08ad789c4369cc79d4,,,,,,,,true,"","",89e0b4f6-0dca-41e1-a652-9e86f7421d8a,Tue May 19 2026 06:35:50 GMT+0000 (Coordinated Universal Time),Mon May 25 2026 03:36:34 GMT+0000 (Coordinated Universal Time),,,,,id,,,,,,,,,,mailchimp_pre_2026,2019-05-06 12:35:56,,,,,,
938a3cd0-7fe8-4793-b822-1f86e617d1e6,,,bigrob960@hotmail.com,,,2fdafd80bf034a0da95a574303523c35,,,,,,,,true,"","",89e0b4f6-0dca-41e1-a652-9e86f7421d8a,Tue May 19 2026 06:35:50 GMT+0000 (Coordinated Universal Time),Mon May 25 2026 03:36:34 GMT+0000 (Coordinated Universal Time),,,,,Docklands,AU,,,,,,,,,mailchimp_pre_2026,2023-05-04 17:57:53,,,,,,
4af1fadf-2b85-41a2-a661-b2f2f50b4b0b,,,celgar54@gmail.com,,,915a09cd8fbf4538b4f57a69175798b5,,,,,,,,true,"","",89e0b4f6-0dca-41e1-a652-9e86f7421d8a,Tue May 19 2026 06:35:50 GMT+0000 (Coordinated Universal Time),Mon May 25 2026 03:36:34 GMT+0000 (Coordinated Universal Time),,,,,,,,,,,,,,,mailchimp_pre_2026,2021-03-27 23:54:05,,,,,,
24871d17-4d76-40c8-a69f-08fb4c015cf1,,,pwagenman@gmail.com,,,f05b95ce65fa410e8b241c391366764e,,,,,,,,true,"","",89e0b4f6-0dca-41e1-a652-9e86f7421d8a,Tue May 19 2026 06:35:50 GMT+0000 (Coordinated Universal Time),Mon May 25 2026 03:36:34 GMT+0000 (Coordinated Universal Time),,,,,CA,,,,,,,,,,mailchimp_pre_2026,2021-03-18 10:37:36,,,,,,
a7f47517-a265-4a19-98af-faba707a610b,,,ntofani@gmail.com,,,9e770102d60e43b6bf5c57a489adc6df,,,,,,,,true,"","",89e0b4f6-0dca-41e1-a652-9e86f7421d8a,Tue May 19 2026 06:35:50 GMT+0000 (Coordinated Universal Time),Mon May 25 2026 03:36:34 GMT+0000 (Coordinated Universal Time),,,,,,,,,,,,,,,mailchimp_pre_2026,2023-05-04 17:57:29,,,,,,
7654845c-260f-44f4-8afe-43dbc663e040,,,fishguy@goeaston.net,,,1c096660cd4f4cfd863326fee9c7969e,,,,,,,,true,"","",89e0b4f6-0dca-41e1-a652-9e86f7421d8a,Tue May 19 2026 06:35:50 GMT+0000 (Coordinated Universal Time),Mon May 25 2026 03:36:34 GMT+0000 (Coordinated Universal Time),,,,,,,,,,,,,,,mailchimp_pre_2026,2023-05-04 17:57:30,,,,,,
e1f8bc12-a995-4b70-8693-e7c473d68d11,,,ohmrg@msn.com,,,169913d03e2a446680271753bfa71cea,,,,,,,,true,"","",89e0b4f6-0dca-41e1-a652-9e86f7421d8a,Tue May 19 2026 06:35:50 GMT+0000 (Coordinated Universal Time),Mon May 25 2026 03:36:34 GMT+0000 (Coordinated Universal Time),,,,,PA,,,,,,,,,,mailchimp_pre_2026,2020-12-28 19:24:04,,,,,,
97ea8a7c-9e4c-48c0-a502-4fb6a1a5c3a5,,,hesrisen56@yahoo.com,,,864f049fa1a84ff6b1d1ff06211caa71,,,,,,,,true,"","",89e0b4f6-0dca-41e1-a652-9e86f7421d8a,Tue May 19 2026 06:35:50 GMT+0000 (Coordinated Universal Time),Mon May 25 2026 03:36:34 GMT+0000 (Coordinated Universal Time),,,,,TX,,,,,,,,,,mailchimp_pre_2026,2021-01-27 19:19:05,,,,,,
5b960845-c306-4719-b5a0-cbd39691622c,,,mwboswell1@gmail.com,,,c93ddb20f014493185404916c903b763,,,,,,,,true,"","",89e0b4f6-0dca-41e1-a652-9e86f7421d8a,Tue May 19 2026 06:35:50 GMT+0000 (Coordinated Universal Time),Mon May 25 2026 03:36:34 GMT+0000 (Coordinated Universal Time),,,,,Jasper,US,,,,,,,,,mailchimp_pre_2026,2023-05-04 17:57:51,,,,,,
d76ef7e6-2e95-415b-82af-3f7c22e74bf8,,,jennytkd69@hotmail.com,,,b8c6515a921641f9a6801003ab78fee7,,,,,,,,true,"","",89e0b4f6-0dca-41e1-a652-9e86f7421d8a,Tue May 19 2026 06:35:50 GMT+0000 (Coordinated Universal Time),Mon May 25 2026 03:36:34 GMT+0000 (Coordinated Universal Time),,,,,,,,,,,,,,,mailchimp_pre_2026,2023-05-04 17:57:36,,,,,,
ea1dc5e3-be8b-4f75-9297-6456de3a07ce,,,bsynk@bellsouth.net,,,a62da5446fed4659bdab7ffcd0ab22b2,,,,,,,,true,"","",89e0b4f6-0dca-41e1-a652-9e86f7421d8a,Tue May 19 2026 06:35:50 GMT+0000 (Coordinated Universal Time),Mon May 25 2026 03:36:34 GMT+0000 (Coordinated Universal Time),,,,,GA,,,,,,,,,,mailchimp_pre_2026,2021-01-22 09:34:21,,,,,,
c3f73278-5866-4eb5-a321-27a7c8df0c11,,,lizafayw@gmail.com,,,96357af8f9814beca10ef06b34bc7e61,,,,,,,,true,"","",89e0b4f6-0dca-41e1-a652-9e86f7421d8a,Tue May 19 2026 06:35:50 GMT+0000 (Coordinated Universal Time),Mon May 25 2026 03:36:34 GMT+0000 (Coordinated Universal Time),,,,,,,,,,,,,,,mailchimp_pre_2026,2023-05-04 17:57:33,,,,,,
dd6e9a0b-1f79-4767-9a69-33a784e8e126,,,rhondawright@comcast.net,,,6865c481a3514756abe950877374be9c,,,,,,,,true,"","",89e0b4f6-0dca-41e1-a652-9e86f7421d8a,Tue May 19 2026 06:35:50 GMT+0000 (Coordinated Universal Time),Mon May 25 2026 03:36:34 GMT+0000 (Coordinated Universal Time),,,,,Redmond,US,,,,,,,,,mailchimp_pre_2026,2023-05-04 17:57:53,,,,,,
9389e984-50bd-4668-b515-0f28a7a24480,,,cyclingsaints@gmail.com,,,38d3d7e4d0f34200af05e7a79027c53f,,,,,,,,true,"","",89e0b4f6-0dca-41e1-a652-9e86f7421d8a,Tue May 19 2026 06:35:50 GMT+0000 (Coordinated Universal Time),Mon May 25 2026 03:36:34 GMT+0000 (Coordinated Universal Time),,,,,Baldwinsville,US,,,,,,,,,mailchimp_pre_2026,2023-05-04 17:57:49,,,,,,
cb1c6320-a02a-4d3d-94d7-8d0d7d75749c,,,kara@ghergich.com,,,45a35d7f7f8e4054b2322e95a31c71cc,,,,,,,,true,"","",89e0b4f6-0dca-41e1-a652-9e86f7421d8a,Tue May 19 2026 06:35:50 GMT+0000 (Coordinated Universal Time),Mon May 25 2026 03:36:34 GMT+0000 (Coordinated Universal Time),,,,,Cagayan,PH,,,,,,,,,mailchimp_pre_2026,2023-05-04 17:57:38,,,,,,
16448087-5193-4874-aded-d03090fcc3e2,,,dan@murphygoddard.com,,,5562ba99595a48038ddc634c09648762,,,,,,,,true,"","",89e0b4f6-0dca-41e1-a652-9e86f7421d8a,Tue May 19 2026 06:35:50 GMT+0000 (Coordinated Universal Time),Mon May 25 2026 03:36:34 GMT+0000 (Coordinated Universal Time),,,,,Redford,US,,,,,,,,,mailchimp_pre_2026,2020-10-06 19:17:59,,,,,,
45cfca5c-b7a6-4c2a-9352-4a068eb12a2d,,,kcloonan1@cox.net,,,231a252721bf436fbcfdb35acf50a9b1,,,,,,,,true,"","",89e0b4f6-0dca-41e1-a652-9e86f7421d8a,Tue May 19 2026 06:35:50 GMT+0000 (Coordinated Universal Time),Mon May 25 2026 03:36:34 GMT+0000 (Coordinated Universal Time),,,,,,,,,,,,,,,mailchimp_pre_2026,2025-07-26 02:36:41,,,,,,
135997af-42d7-48d6-bee9-64dd59892678,,,scottsdalecounsel@gmail.com,,,cfe0a4a2b834410ca8bce37fa629c413,,,,,,,,true,"","",89e0b4f6-0dca-41e1-a652-9e86f7421d8a,Tue May 19 2026 06:35:50 GMT+0000 (Coordinated Universal Time),Mon May 25 2026 03:36:34 GMT+0000 (Coordinated Universal Time),,,,,,,,,,,,,,,mailchimp_pre_2026,2025-07-26 03:04:02,,,,,,
f92e067e-dce7-4e37-969e-d6a2c7427044,,,Quake11753@aol.com,,,af957ffbf72448f4bb961e7a6850cad9,,,,,,,,true,"","",89e0b4f6-0dca-41e1-a652-9e86f7421d8a,Tue May 19 2026 06:35:50 GMT+0000 (Coordinated Universal Time),Mon May 25 2026 03:36:34 GMT+0000 (Coordinated Universal Time),,,,,NY,,,,,,,,,,mailchimp_pre_2026,2020-12-13 09:15:54,,,,,,
3f8a9cf3-afc0-467c-9a1f-c09adf29d37d,,,glen.orsak@gmail.com,,,29b5b2744cf641dea069036917f003e1,,,,,,,,true,"","",89e0b4f6-0dca-41e1-a652-9e86f7421d8a,Tue May 19 2026 06:35:50 GMT+0000 (Coordinated Universal Time),Mon May 25 2026 03:36:34 GMT+0000 (Coordinated Universal Time),,,,,,,,,,,,,,,mailchimp_pre_2026,2023-05-04 17:57:28,,,,,,
5dba5324-df8b-422f-8e09-8da2cc57bd2f,,,dotsonchasity@gmail.com,,,0e07d43048474699b2790c61041f27b7,,,,,,,,true,"","",89e0b4f6-0dca-41e1-a652-9e86f7421d8a,Tue May 19 2026 06:35:50 GMT+0000 (Coordinated Universal Time),Mon May 25 2026 03:36:34 GMT+0000 (Coordinated Universal Time),,,,,Benton,US,,,,,,,,,mailchimp_pre_2026,2023-05-04 17:57:26,,,,,,
b37c63bd-89c7-421d-a7fc-b867775dbb70,,,tonybaby13@gmail.com,,,9fe310ca1a6d467cb60e96c4a79778df,,,,,,,,true,"","",89e0b4f6-0dca-41e1-a652-9e86f7421d8a,Tue May 19 2026 06:35:50 GMT+0000 (Coordinated Universal Time),Mon May 25 2026 03:36:34 GMT+0000 (Coordinated Universal Time),,,,,,,,,,,,,,,mailchimp_pre_2026,2023-05-04 17:57:39,,,,,,
05887797-2f78-40e5-985e-4a002e963eba,,,mikegracemarshall@yahoo.com,,,d8c19a1b439245a194ef8c978d92b3bc,,,,,,,,true,"","",89e0b4f6-0dca-41e1-a652-9e86f7421d8a,Tue May 19 2026 06:35:50 GMT+0000 (Coordinated Universal Time),Mon May 25 2026 03:36:34 GMT+0000 (Coordinated Universal Time),,,,,,,,,,,,,,,mailchimp_pre_2026,2023-05-04 17:57:34,,,,,,
b9fe2e11-a498-40bf-ae38-3a81fb9c5914,,,art.penner@gmail.com,,,97e05ac9f5644ac1ab5233a68168b49b,,,,,,,,true,"","",89e0b4f6-0dca-41e1-a652-9e86f7421d8a,Tue May 19 2026 06:35:50 GMT+0000 (Coordinated Universal Time),Mon May 25 2026 03:36:34 GMT+0000 (Coordinated Universal Time),,,,,Kitchener,CA,,,,,,,,,mailchimp_pre_2026,2023-05-04 17:57:37,,,,,,
15286ce0-f4f0-42a8-a384-ccb8721b3209,,,jon.cornerstonesales@gmail.com,,,61b36c908735411cb85258c178202ec0,,,,,,,,true,"","",89e0b4f6-0dca-41e1-a652-9e86f7421d8a,Tue May 19 2026 06:35:50 GMT+0000 (Coordinated Universal Time),Mon May 25 2026 03:36:34 GMT+0000 (Coordinated Universal Time),,,,,,,,,,,,,,,mailchimp_pre_2026,2023-05-04 17:57:38,,,,,,
0b8858a9-bf27-4bd2-9d8d-9ee9b476e8bf,,,shrop13@gmail.com,,,7be5aeef68e64a24be86a432cb3cd067,,,,,,,,true,"","",89e0b4f6-0dca-41e1-a652-9e86f7421d8a,Tue May 19 2026 06:35:50 GMT+0000 (Coordinated Universal Time),Mon May 25 2026 03:36:34 GMT+0000 (Coordinated Universal Time),,,,,GA,,,,,,,,,,mailchimp_pre_2026,2020-08-21 20:15:27,,,,,,
bc7d91f5-d48e-4ec4-89b4-1d5de3205b52,,,ebay4mak@comcast.net,,,7d10b26963194e5a9d109aa2cc39c2bb,,,,,,,,true,"","",89e0b4f6-0dca-41e1-a652-9e86f7421d8a,Tue May 19 2026 06:35:50 GMT+0000 (Coordinated Universal Time),Mon May 25 2026 03:36:34 GMT+0000 (Coordinated Universal Time),,,,,,,,,,,,,,,mailchimp_pre_2026,2019-05-24 14:33:52,,,,,,
24adec95-b992-46ec-a512-2cceee87447b,,,mana.fletcher@gmail.com,,,8dae81075cf44e98afaa2e2c9ae1ba73,,,,,,,,true,"","",89e0b4f6-0dca-41e1-a652-9e86f7421d8a,Tue May 19 2026 06:35:50 GMT+0000 (Coordinated Universal Time),Mon May 25 2026 03:36:34 GMT+0000 (Coordinated Universal Time),,,,,,,,,,,,,,,mailchimp_pre_2026,2025-07-26 02:36:41,,,,,,
3c3417cd-9622-489f-9b15-c87a8ae77519,,,dmp1946@gmail.com,,,de5269f997864a4798c39f92b7196b37,,,,,,,,true,"","",89e0b4f6-0dca-41e1-a652-9e86f7421d8a,Tue May 19 2026 06:35:50 GMT+0000 (Coordinated Universal Time),Mon May 25 2026 03:36:34 GMT+0000 (Coordinated Universal Time),,,,,,,,,,,,,,,mailchimp_pre_2026,2023-05-04 17:57:27,,,,,,
db28852d-52b0-415e-9f3a-a046d818fcbf,,,bcredoute@yahoo.com,,,00230034d7d14199acf8a7a993fdf64b,,,,,,,,true,"","",89e0b4f6-0dca-41e1-a652-9e86f7421d8a,Tue May 19 2026 06:35:50 GMT+0000 (Coordinated Universal Time),Mon May 25 2026 03:36:35 GMT+0000 (Coordinated Universal Time),,,,,,,,,,,,,,,mailchimp_pre_2026,2025-07-26 02:36:40,,,,,,
22d8c065-668a-4cbe-a1a6-1f22f6652b6a,,,kkapadia@yahoo.com,,,e47aa6fe8d934909b657e72a2ce0108a,,,,,,,,true,"","",89e0b4f6-0dca-41e1-a652-9e86f7421d8a,Tue May 19 2026 06:35:50 GMT+0000 (Coordinated Universal Time),Mon May 25 2026 03:36:35 GMT+0000 (Coordinated Universal Time),,,,,Fairfax,US,,,,,,,,,mailchimp_pre_2026,2023-05-04 17:57:29,,,,,,
b6e4b1c3-48bc-4f69-a38e-6a830a718414,,,davemcmullin@gmail.com,,,b78d03c062aa4c39bb9c2e136c896716,,,,,,,,true,"","",89e0b4f6-0dca-41e1-a652-9e86f7421d8a,Tue May 19 2026 06:35:50 GMT+0000 (Coordinated Universal Time),Mon May 25 2026 03:36:35 GMT+0000 (Coordinated Universal Time),,,,,,,,,,,,,,,mailchimp_pre_2026,2019-05-17 11:32:33,,,,,,
4b0137ac-3815-4389-bfb3-31aa0868fd32,,,dad0341@aol.com,,,5a991b42c65a4dcbb123e01f4f145752,,,,,,,,true,"","",89e0b4f6-0dca-41e1-a652-9e86f7421d8a,Tue May 19 2026 06:35:50 GMT+0000 (Coordinated Universal Time),Mon May 25 2026 03:36:35 GMT+0000 (Coordinated Universal Time),,,,,NJ,,,,,,,,,,mailchimp_pre_2026,2021-02-18 15:26:28,,,,,,
1d477c1a-8296-4381-a5d1-5dfb25cbb4d1,,,azsun33@aol.com,,,7c61074e20094f6a9e45e237846eddf1,,,,,,,,true,"","",89e0b4f6-0dca-41e1-a652-9e86f7421d8a,Tue May 19 2026 06:35:50 GMT+0000 (Coordinated Universal Time),Mon May 25 2026 03:36:35 GMT+0000 (Coordinated Universal Time),,,,,md,,,,,,,,,,mailchimp_pre_2026,2019-06-26 03:15:49,,,,,,
a866280a-dfb8-4b18-a273-fa37bdbe4336,,,dhgancarz@gmail.com,,,a0a46db053274c8c89c6ce6150c93657,,,,,,,,true,"","",89e0b4f6-0dca-41e1-a652-9e86f7421d8a,Tue May 19 2026 06:35:50 GMT+0000 (Coordinated Universal Time),Mon May 25 2026 03:36:35 GMT+0000 (Coordinated Universal Time),,,,,FL,,,,,,,,,,mailchimp_pre_2026,2019-10-08 12:28:28,,,,,,
55c3f6fa-0486-433e-a32a-3f327f6fe1df,,,KEVANSROBEY@SGANWDESIGN.COM,,,bd9061c672a94179ac930ddb861450c5,,,,,,,,true,"","",89e0b4f6-0dca-41e1-a652-9e86f7421d8a,Tue May 19 2026 06:35:50 GMT+0000 (Coordinated Universal Time),Mon May 25 2026 03:36:35 GMT+0000 (Coordinated Universal Time),,,,,SC,,,,,,,,,,mailchimp_pre_2026,2019-08-12 11:19:56,,,,,,
520f7703-1b51-4a90-a4d8-a3204143b3c1,,,jdshopping@hotmail.com,,,94ba75d3ef2e48f3acfa29c24e94cdd2,,,,,,,,true,"","",89e0b4f6-0dca-41e1-a652-9e86f7421d8a,Tue May 19 2026 06:35:50 GMT+0000 (Coordinated Universal Time),Mon May 25 2026 03:36:35 GMT+0000 (Coordinated Universal Time),,,,,,,,,,,,,,,mailchimp_pre_2026,2019-05-17 11:32:33,,,,,,
5f1de687-5d25-4745-a09d-b02c5d71cd1d,,,marcrgibbs@gmail.com,,,a1dbbe2f66314daaae5a288a7942afb3,,,,,,,,true,"","",89e0b4f6-0dca-41e1-a652-9e86f7421d8a,Tue May 19 2026 06:35:50 GMT+0000 (Coordinated Universal Time),Mon May 25 2026 03:36:35 GMT+0000 (Coordinated Universal Time),,,,,tx,,,,,,,,,,mailchimp_pre_2026,2019-06-17 14:44:45,,,,,,
313e6ac8-2c2d-48fc-8053-024af154065d,,,johngiles621951@gmail.com,,,29dcfa549bd044fb81c61b0ccd968ce7,,,,,,,,true,"","",89e0b4f6-0dca-41e1-a652-9e86f7421d8a,Tue May 19 2026 06:35:50 GMT+0000 (Coordinated Universal Time),Mon May 25 2026 03:36:35 GMT+0000 (Coordinated Universal Time),,,,,,,,,,,,,,,mailchimp_pre_2026,2023-05-04 17:57:27,,,,,,
a69c806c-7fb7-4041-b355-0b5042f6eaf4,,,ekersheather@gmail.com,,,b19bb348d8a143219cc1d2d36961ec13,,,,,,,,true,"","",89e0b4f6-0dca-41e1-a652-9e86f7421d8a,Tue May 19 2026 06:35:50 GMT+0000 (Coordinated Universal Time),Mon May 25 2026 03:36:35 GMT+0000 (Coordinated Universal Time),,,,,OH,,,,,,,,,,mailchimp_pre_2026,2020-10-31 17:21:56,,,,,,
a0ae036b-6683-4867-8bce-60fcba85009b,,,kendille@mac.com,,,813bf70a866f4ee78552b2a0bfec0f43,,,,,,,,true,"","",89e0b4f6-0dca-41e1-a652-9e86f7421d8a,Tue May 19 2026 06:35:50 GMT+0000 (Coordinated Universal Time),Mon May 25 2026 03:36:35 GMT+0000 (Coordinated Universal Time),,,,,,,,,,,,,,,mailchimp_pre_2026,2019-05-17 11:32:20,,,,,,
48c31054-3dbd-4cd8-ac52-7e4067b5e43a,,,cackerson.aero@gmail.com,,,c100d494260a4ea49adb27118d1925cb,,,,,,,,true,"","",89e0b4f6-0dca-41e1-a652-9e86f7421d8a,Tue May 19 2026 06:35:50 GMT+0000 (Coordinated Universal Time),Mon May 25 2026 03:36:35 GMT+0000 (Coordinated Universal Time),,,,,,,,,,,,,,,mailchimp_pre_2026,2023-05-04 17:57:31,,,,,,
073b943b-3cf0-4c8d-931d-9e1f0ccebc32,,,ajscso@comcast.net,,,e99f7a1159644b6795ec36379e666a42,,,,,,,,true,"","",89e0b4f6-0dca-41e1-a652-9e86f7421d8a,Tue May 19 2026 06:35:50 GMT+0000 (Coordinated Universal Time),Mon May 25 2026 03:36:35 GMT+0000 (Coordinated Universal Time),,,,,,,,,,,,,,,mailchimp_pre_2026,2019-05-17 11:32:39,,,,,,
5fca8fa1-e86f-4536-813f-7442dd2149e8,,,shirlbrit@shaw.ca,,,3ac0a8af24994baeaa7c45da6f642ad0,,,,,,,,true,"","",89e0b4f6-0dca-41e1-a652-9e86f7421d8a,Tue May 19 2026 06:35:50 GMT+0000 (Coordinated Universal Time),Mon May 25 2026 03:36:35 GMT+0000 (Coordinated Universal Time),,,,,Vancouver,CA,,,,,,,,,mailchimp_pre_2026,2023-05-04 17:57:32,,,,,,
b5dbdd7f-53d6-4246-97bd-aaf816849ef9,,,tomrgon@gmail.com,,,ec3ece11ba1441a98d4c16475cb09680,,,,,,,,true,"","",89e0b4f6-0dca-41e1-a652-9e86f7421d8a,Tue May 19 2026 06:35:50 GMT+0000 (Coordinated Universal Time),Mon May 25 2026 03:36:35 GMT+0000 (Coordinated Universal Time),,,,,WI,,,,,,,,,,mailchimp_pre_2026,2021-03-22 12:28:31,,,,,,
d08b904f-5c66-4c5b-8370-2fea6c164440,,,delpiceci@gmail.com,,,0b5b4e105438469bb2fefe782d91b3da,,,,,,,,true,"","",89e0b4f6-0dca-41e1-a652-9e86f7421d8a,Tue May 19 2026 06:35:50 GMT+0000 (Coordinated Universal Time),Mon May 25 2026 03:36:35 GMT+0000 (Coordinated Universal Time),,,,,,,,,,,,,,,mailchimp_pre_2026,2025-07-26 02:36:40,,,,,,
2c9978da-2248-4496-96f0-cf16429dcbca,,,s_a_stassen@yahoo.ca,,,51f5997963534de49a3e939ee63f873e,,,,,,,,true,"","",89e0b4f6-0dca-41e1-a652-9e86f7421d8a,Tue May 19 2026 06:35:50 GMT+0000 (Coordinated Universal Time),Mon May 25 2026 03:36:35 GMT+0000 (Coordinated Universal Time),,,,,,,,,,,,,,,mailchimp_pre_2026,2023-05-04 17:57:32,,,,,,
98ee58bd-42f2-4d4d-b32c-e5ecb390bafa,,,lauran.murphy@gmail.com,,,9d7c30f1307c4e248abc21e8a74c11ee,,,,,,,,true,"","",89e0b4f6-0dca-41e1-a652-9e86f7421d8a,Tue May 19 2026 06:35:50 GMT+0000 (Coordinated Universal Time),Mon May 25 2026 03:36:35 GMT+0000 (Coordinated Universal Time),,,,,,,,,,,,,,,mailchimp_pre_2026,2023-05-04 17:57:34,,,,,,
e3267149-c3ca-4bbe-bed8-bb95fc1f0ff9,,,dlnhomeremodeling@gmail.com,,,7325ff6053c3490cb5766a3c54c19956,,,,,,,,true,"","",89e0b4f6-0dca-41e1-a652-9e86f7421d8a,Tue May 19 2026 06:35:50 GMT+0000 (Coordinated Universal Time),Mon May 25 2026 03:36:35 GMT+0000 (Coordinated Universal Time),,,,,,,,,,,,,,,mailchimp_pre_2026,2021-02-10 23:53:37,,,,,,
138de5b0-f897-40ed-923e-020a964537df,,,jlmowery@gmail.com,,,15795e26a13c44d6afd1dc451a69975b,,,,,,,,true,"","",89e0b4f6-0dca-41e1-a652-9e86f7421d8a,Tue May 19 2026 06:35:50 GMT+0000 (Coordinated Universal Time),Mon May 25 2026 03:36:35 GMT+0000 (Coordinated Universal Time),,,,,Spartanburg,US,,,,,,,,,mailchimp_pre_2026,2023-05-04 17:57:47,,,,,,
3129f10b-4fb5-47e6-96a8-bc642a9ee4b0,,,mikepratt5419@gmail.com,,,0b3cedbb6b644e3894006089a8c36237,,,,,,,,true,"","",89e0b4f6-0dca-41e1-a652-9e86f7421d8a,Tue May 19 2026 06:35:50 GMT+0000 (Coordinated Universal Time),Mon May 25 2026 03:36:35 GMT+0000 (Coordinated Universal Time),,,,,ID,,,,,,,,,,mailchimp_pre_2026,2019-12-28 13:57:16,,,,,,
65f47ba2-7820-42a8-8d39-3d3980dbd08a,,,kristenfuentebella@gmail.com,,,691a06d9762044d6a917d01b4e16e3f5,,,,,,,,true,"","",89e0b4f6-0dca-41e1-a652-9e86f7421d8a,Tue May 19 2026 06:35:50 GMT+0000 (Coordinated Universal Time),Mon May 25 2026 03:36:35 GMT+0000 (Coordinated Universal Time),,,,,Tacoma,US,,,,,,,,,mailchimp_pre_2026,2023-05-04 17:57:49,,,,,,
d90971f6-edc8-4549-a956-061e7bf94169,,,kendra@simplyctx.com,,,a20fb80305224c90bd39a9545ce6ffbd,,,,,,,,true,"","",89e0b4f6-0dca-41e1-a652-9e86f7421d8a,Tue May 19 2026 06:35:50 GMT+0000 (Coordinated Universal Time),Mon May 25 2026 03:36:35 GMT+0000 (Coordinated Universal Time),,,,,Houston,US,,,,,,,,,mailchimp_pre_2026,2023-05-04 17:57:47,,,,,,
8b76b91e-a835-4028-aeb4-13ce5135513d,,,bradrjoyce@gmail.com,,,9ea9a3213cc24c41a64f673404a0100a,,,,,,,,true,"","",89e0b4f6-0dca-41e1-a652-9e86f7421d8a,Tue May 19 2026 06:35:50 GMT+0000 (Coordinated Universal Time),Mon May 25 2026 03:36:35 GMT+0000 (Coordinated Universal Time),,,,,Perth,CA,,,,,,,,,mailchimp_pre_2026,2023-05-04 17:57:37,,,,,,
37eb63c1-0818-427d-a86e-804c56a36a8e,,,ernsthellrung@gmail.com,,,89782741b155465e9f0a8f79516ea85e,,,,,,,,true,"","",89e0b4f6-0dca-41e1-a652-9e86f7421d8a,Tue May 19 2026 06:35:50 GMT+0000 (Coordinated Universal Time),Mon May 25 2026 03:36:35 GMT+0000 (Coordinated Universal Time),,,,,Montreal,CA,,,,,,,,,mailchimp_pre_2026,2023-05-04 17:57:31,,,,,,
df63d562-0041-4ed9-8dac-070f28550be5,,,analytics@venveo.com,,,de883699cc4f48fa8561eaf9868bf47d,,,,,,,,true,"","",89e0b4f6-0dca-41e1-a652-9e86f7421d8a,Tue May 19 2026 06:35:50 GMT+0000 (Coordinated Universal Time),Mon May 25 2026 03:36:35 GMT+0000 (Coordinated Universal Time),,,,,14,,,,,,,,,,mailchimp_pre_2026,2020-07-17 05:31:01,,,,,,
a7758e8d-8c4a-4e80-bc6c-762c431e2619,,,robert.rrussell7@gmail.com,,,145b35c7ce4f4ae4bf127d903fd189e6,,,,,,,,true,"","",89e0b4f6-0dca-41e1-a652-9e86f7421d8a,Tue May 19 2026 06:35:50 GMT+0000 (Coordinated Universal Time),Mon May 25 2026 03:36:35 GMT+0000 (Coordinated Universal Time),,,,,,,,,,,,,,,mailchimp_pre_2026,2023-05-04 17:57:52,,,,,,
89eb8bb1-d25a-4a81-8401-55c668619567,,,rhenson2@gmail.com,,,d4f8e3b0ae994b30a4f50b03689899f4,,,,,,,,true,"","",89e0b4f6-0dca-41e1-a652-9e86f7421d8a,Tue May 19 2026 06:35:50 GMT+0000 (Coordinated Universal Time),Mon May 25 2026 03:36:35 GMT+0000 (Coordinated Universal Time),,,,,East,US,,,,,,,,,mailchimp_pre_2026,2023-05-04 17:57:36,,,,,,
a5c23ba7-7d05-41ff-bf83-d39d15b4da56,,,john619@rogers.com,,,f84d949e5dbd4f8e8d8ab432a4a2cb27,,,,,,,,true,"","",89e0b4f6-0dca-41e1-a652-9e86f7421d8a,Tue May 19 2026 06:35:50 GMT+0000 (Coordinated Universal Time),Mon May 25 2026 03:36:35 GMT+0000 (Coordinated Universal Time),,,,,NB,,,,,,,,,,mailchimp_pre_2026,2021-02-28 08:58:58,,,,,,
811c2211-815e-4dfe-a865-46a898bd1bce,,,jimmybonds007@gmx.com,,,33d1fba2d6444a7c9d20f986c6897df8,,,,,,,,true,"","",89e0b4f6-0dca-41e1-a652-9e86f7421d8a,Tue May 19 2026 06:35:50 GMT+0000 (Coordinated Universal Time),Mon May 25 2026 03:36:35 GMT+0000 (Coordinated Universal Time),,,,,,,,,,,,,,,mailchimp_pre_2026,2023-05-04 17:57:26,,,,,,
428a9f74-d44d-4546-b1ee-19fa8921e1de,,,mrlirr@gmail.com,,,afb64a173b464d9f905898f0bf487983,,,,,,,,true,"","",89e0b4f6-0dca-41e1-a652-9e86f7421d8a,Tue May 19 2026 06:35:50 GMT+0000 (Coordinated Universal Time),Mon May 25 2026 03:36:36 GMT+0000 (Coordinated Universal Time),,,,,West,US,,,,,,,,,mailchimp_pre_2026,2023-05-04 17:57:49,,,,,,
eafb3dff-a11a-40b5-948b-a3b167fbda25,,,egreilly@yahoo.com,,,6fa1ea0aadd34fdcbafeb1bdbe150640,,,,,,,,true,"","",89e0b4f6-0dca-41e1-a652-9e86f7421d8a,Tue May 19 2026 06:35:50 GMT+0000 (Coordinated Universal Time),Mon May 25 2026 03:36:36 GMT+0000 (Coordinated Universal Time),,,,,ca,,,,,,,,,,mailchimp_pre_2026,2019-01-22 13:00:01,,,,,,
64caba47-7130-42b5-b82b-c38c28db6ec4,,,lungar01@yahoo.com,,,148b30d4a3f1430b8a6af829b4356166,,,,,,,,true,"","",89e0b4f6-0dca-41e1-a652-9e86f7421d8a,Tue May 19 2026 06:35:50 GMT+0000 (Coordinated Universal Time),Mon May 25 2026 03:36:36 GMT+0000 (Coordinated Universal Time),,,,,Shrub,US,,,,,,,,,mailchimp_pre_2026,2023-05-04 17:57:47,,,,,,
1d74c921-ba46-418a-84df-c5f22880a8e3,,,samuelfiero+redblock@gmail.com,,,55badc4732b24c73a54561d5eb7d4a87,,,,,,,,true,"","",89e0b4f6-0dca-41e1-a652-9e86f7421d8a,Tue May 19 2026 06:35:50 GMT+0000 (Coordinated Universal Time),Mon May 25 2026 03:36:36 GMT+0000 (Coordinated Universal Time),,,,,Apex,US,,,,,,,,,mailchimp_pre_2026,2023-05-04 17:57:48,,,,,,
9bb4ef59-4986-4b43-b167-1024f9d9b12d,,,kaitlyn3727@msn.com,,,d252fdd69d0740c5806049c8089d148b,,,,,,,,true,"","",89e0b4f6-0dca-41e1-a652-9e86f7421d8a,Tue May 19 2026 06:35:50 GMT+0000 (Coordinated Universal Time),Mon May 25 2026 03:36:36 GMT+0000 (Coordinated Universal Time),,,,,Eugene,US,,,,,,,,,mailchimp_pre_2026,2023-05-04 17:57:50,,,,,,
a3d77911-3966-43c8-8cff-0e05372865bf,,,redowl.jeff@gmail.com,,,dca76af0310540a695c629d01086aab3,,,,,,,,true,"","",89e0b4f6-0dca-41e1-a652-9e86f7421d8a,Tue May 19 2026 06:35:50 GMT+0000 (Coordinated Universal Time),Mon May 25 2026 03:36:36 GMT+0000 (Coordinated Universal Time),,,,,CA,,,,,,,,,,mailchimp_pre_2026,2020-01-06 05:00:49,,,,,,
23e72711-8f13-4f4c-9da9-72b3cff1779f,,,dukdukdoxie@gmail.com,,,0b3fa99bd7484014b09f12ee84ec1dc5,,,,,,,,true,"","",89e0b4f6-0dca-41e1-a652-9e86f7421d8a,Tue May 19 2026 06:35:50 GMT+0000 (Coordinated Universal Time),Mon May 25 2026 03:36:36 GMT+0000 (Coordinated Universal Time),,,,,NC,,,,,,,,,,mailchimp_pre_2026,2019-09-23 22:23:04,,,,,,
09ded89d-875d-4611-83b8-11a0edbd2478,,,sweeetlu@live.com,,,db98a60cab4a44f883b535d62b158a3f,,,,,,,,true,"","",89e0b4f6-0dca-41e1-a652-9e86f7421d8a,Tue May 19 2026 06:35:50 GMT+0000 (Coordinated Universal Time),Mon May 25 2026 03:36:36 GMT+0000 (Coordinated Universal Time),,,,,wa,,,,,,,,,,mailchimp_pre_2026,2018-12-26 22:35:45,,,,,,
6c80c112-61d3-4257-89bc-ac426c8075f7,,,larrydolph21@gmail.com,,,9f62b443612b4b4b8d4fcd06ecb8bfa2,,,,,,,,true,"","",89e0b4f6-0dca-41e1-a652-9e86f7421d8a,Tue May 19 2026 06:35:50 GMT+0000 (Coordinated Universal Time),Mon May 25 2026 03:36:36 GMT+0000 (Coordinated Universal Time),,,,,South,US,,,,,,,,,mailchimp_pre_2026,2023-05-04 17:57:45,,,,,,
6fa73bd9-ada8-4ac8-971c-877c55f33691,,,markaamaintenance@gmail.com,,,b6a70bef9be04fa1bf6a4f8979d5acab,,,,,,,,true,"","",89e0b4f6-0dca-41e1-a652-9e86f7421d8a,Tue May 19 2026 06:35:50 GMT+0000 (Coordinated Universal Time),Mon May 25 2026 03:36:36 GMT+0000 (Coordinated Universal Time),,,,,IL,,,,,,,,,,mailchimp_pre_2026,2020-11-03 01:15:18,,,,,,
efce6e44-0e44-40b8-b14e-7c6df5339f98,,,neatonk@gmail.com,,,934c45176fca4279b0356657491a9c8e,,,,,,,,true,"","",89e0b4f6-0dca-41e1-a652-9e86f7421d8a,Tue May 19 2026 06:35:50 GMT+0000 (Coordinated Universal Time),Mon May 25 2026 03:36:36 GMT+0000 (Coordinated Universal Time),,,,,Ann,US,,,,,,,,,mailchimp_pre_2026,2023-05-04 17:57:39,,,,,,
18b75d65-0948-4351-bab6-deaab2480a52,,,janeschmidt360@gmail.com,,,f7fb94f48e4e475cb1e08a8ce30b096b,,,,,,,,true,"","",89e0b4f6-0dca-41e1-a652-9e86f7421d8a,Tue May 19 2026 06:35:50 GMT+0000 (Coordinated Universal Time),Mon May 25 2026 03:36:36 GMT+0000 (Coordinated Universal Time),,,,,Boone,US,,,,,,,,,mailchimp_pre_2026,2023-05-04 17:57:50,,,,,,
c8a02777-4cb5-4057-b324-4338a5bc7f91,,,b52k9@hotmail.com,,,b66a4ba0543a45a3a427a311d8eef24f,,,,,,,,true,"","",89e0b4f6-0dca-41e1-a652-9e86f7421d8a,Tue May 19 2026 06:35:50 GMT+0000 (Coordinated Universal Time),Mon May 25 2026 03:36:36 GMT+0000 (Coordinated Universal Time),,,,,FL,,,,,,,,,,mailchimp_pre_2026,2021-04-15 15:38:14,,,,,,
f7fd14ca-c4a3-472b-9c70-7bc8eec95fa8,,,missceegee@gmail.com,,,482f00e109244fd68852d0175a5f20b5,,,,,,,,true,"","",89e0b4f6-0dca-41e1-a652-9e86f7421d8a,Tue May 19 2026 06:35:50 GMT+0000 (Coordinated Universal Time),Mon May 25 2026 03:36:36 GMT+0000 (Coordinated Universal Time),,,,,,,,,,,,,,,mailchimp_pre_2026,2019-05-17 11:32:48,,,,,,
cea37ebf-da85-4847-a426-778c69be89cd,,,orders@crazycat.org,,,eb439fd8f6444c6caa1d8951ceeca22f,,,,,,,,true,"","",89e0b4f6-0dca-41e1-a652-9e86f7421d8a,Tue May 19 2026 06:35:50 GMT+0000 (Coordinated Universal Time),Mon May 25 2026 03:36:36 GMT+0000 (Coordinated Universal Time),,,,,Milwaukie,US,,,,,,,,,mailchimp_pre_2026,2023-05-04 17:57:47,,,,,,
6a0de1b7-bb4e-45e6-b2fd-474792a0b301,,,mgoldsmith00@gmail.com,,,bde07f088bc64929aecf99bbb4d133d7,,,,,,,,true,"","",89e0b4f6-0dca-41e1-a652-9e86f7421d8a,Tue May 19 2026 06:35:50 GMT+0000 (Coordinated Universal Time),Mon May 25 2026 03:36:36 GMT+0000 (Coordinated Universal Time),,,,,,,,,,,,,,,mailchimp_pre_2026,2019-05-17 11:32:48,,,,,,
0eea6314-e4b6-488b-94e1-ccca74e60572,,,thorntg1@gmail.com,,,29e78fdd59764cb38f0617c88b8fd0df,,,,,,,,true,"","",89e0b4f6-0dca-41e1-a652-9e86f7421d8a,Tue May 19 2026 06:35:50 GMT+0000 (Coordinated Universal Time),Mon May 25 2026 03:36:36 GMT+0000 (Coordinated Universal Time),,,,,,,,,,,,,,,mailchimp_pre_2026,2023-05-04 17:57:35,,,,,,
d12a801b-6911-4dfe-a206-e7244c6d56bc,,,michelleernst@hotmail.com,,,70aebcf4c5ff447ca98a9acb416d40ff,,,,,,,,true,"","",89e0b4f6-0dca-41e1-a652-9e86f7421d8a,Tue May 19 2026 06:35:50 GMT+0000 (Coordinated Universal Time),Mon May 25 2026 03:36:36 GMT+0000 (Coordinated Universal Time),,,,,,,,,,,,,,,mailchimp_pre_2026,2018-04-20 17:39:47,,,,,,
1ca17f8d-937a-4f89-947b-8ed050260cc3,,,mkvelardi@gmail.com,,,36977ee1646e4ead84e59fa5b7cbec54,,,,,,,,true,"","",89e0b4f6-0dca-41e1-a652-9e86f7421d8a,Tue May 19 2026 06:35:50 GMT+0000 (Coordinated Universal Time),Mon May 25 2026 03:36:36 GMT+0000 (Coordinated Universal Time),,,,,,,,,,,,,,,mailchimp_pre_2026,2023-05-04 17:57:28,,,,,,
9208219e-f415-480a-8da7-0e6b01697f8d,,,ottobon66@gmail.com,,,280f116bc417462284826f2db83e4a60,,,,,,,,true,"","",89e0b4f6-0dca-41e1-a652-9e86f7421d8a,Tue May 19 2026 06:35:50 GMT+0000 (Coordinated Universal Time),Mon May 25 2026 03:36:36 GMT+0000 (Coordinated Universal Time),,,,,,,,,,,,,,,mailchimp_pre_2026,2023-05-04 17:57:34,,,,,,
2ca84e46-c0c5-4cc8-a982-c48fe3489033,,,trishdevin@gmail.com,,,9e965a799f8741eab8151c76ccf274dd,,,,,,,,true,"","",89e0b4f6-0dca-41e1-a652-9e86f7421d8a,Tue May 19 2026 06:35:50 GMT+0000 (Coordinated Universal Time),Mon May 25 2026 03:36:36 GMT+0000 (Coordinated Universal Time),,,,,Alameda,US,,,,,,,,,mailchimp_pre_2026,2023-05-04 17:57:51,,,,,,
87513354-ee7a-4bd2-bac1-562dc9ec8093,,,sevanmeter@gmail.com,,,a5caaf37a80842c0b5b71d7d5df714e3,,,,,,,,true,"","",89e0b4f6-0dca-41e1-a652-9e86f7421d8a,Tue May 19 2026 06:35:50 GMT+0000 (Coordinated Universal Time),Mon May 25 2026 03:36:36 GMT+0000 (Coordinated Universal Time),,,,,,,,,,,,,,,mailchimp_pre_2026,2023-05-04 17:57:36,,,,,,
723306ab-d1dd-489f-9cd5-18645a48d534,,,nazira.jindani@gmail.com,,,2e4199258c9a474cae0de1c4dde15a3c,,,,,,,,true,"","",89e0b4f6-0dca-41e1-a652-9e86f7421d8a,Tue May 19 2026 06:35:50 GMT+0000 (Coordinated Universal Time),Mon May 25 2026 03:36:36 GMT+0000 (Coordinated Universal Time),,,,,,,,,,,,,,,mailchimp_pre_2026,2023-05-04 17:57:30,,,,,,
04c3e809-2cc1-49d4-9f46-f710c10329a9,,,dfhogan61@gmail.com,,,83b5ebd6777040bb9ff645bc28be3d7d,,,,,,,,true,"","",89e0b4f6-0dca-41e1-a652-9e86f7421d8a,Tue May 19 2026 06:35:50 GMT+0000 (Coordinated Universal Time),Mon May 25 2026 03:36:36 GMT+0000 (Coordinated Universal Time),,,,,OH,,,,,,,,,,mailchimp_pre_2026,2021-01-01 09:31:40,,,,,,
9ec554e0-95e5-4132-8a1b-432fa0972acf,,,kitty.owen50@gmail.com,,,c56e49c9b6e74253b397e359ea836455,,,,,,,,true,"","",89e0b4f6-0dca-41e1-a652-9e86f7421d8a,Tue May 19 2026 06:35:50 GMT+0000 (Coordinated Universal Time),Mon May 25 2026 03:36:36 GMT+0000 (Coordinated Universal Time),,,,,TX,,,,,,,,,,mailchimp_pre_2026,2020-11-09 21:06:36,,,,,,
38760b1f-a248-445e-98ec-f87cfc2d8ecd,,,wjqibede@icloud.com,,,bbd12fec47534591b46919a2e3483d11,,,,,,,,true,"","",89e0b4f6-0dca-41e1-a652-9e86f7421d8a,Tue May 19 2026 06:35:50 GMT+0000 (Coordinated Universal Time),Mon May 25 2026 03:36:36 GMT+0000 (Coordinated Universal Time),,,,,Naaldwijk,NL,,,,,,,,,mailchimp_pre_2026,2023-05-04 17:57:45,,,,,,
940625e2-ce8f-470a-968c-a11ea8fd3fbe,,,theainjaz@gmail.com,,,7ae676168a5d4a49b52045287ea41094,,,,,,,,true,"","",89e0b4f6-0dca-41e1-a652-9e86f7421d8a,Tue May 19 2026 06:35:50 GMT+0000 (Coordinated Universal Time),Mon May 25 2026 03:36:36 GMT+0000 (Coordinated Universal Time),,,,,,,,,,,,,,,mailchimp_pre_2026,2023-05-04 17:57:31,,,,,,
723a6566-9cae-4513-a85b-278953211e8e,,,gloderhose@icloud.com,,,ec823a68ca324312af611cec9e6d99bd,,,,,,,,true,"","",89e0b4f6-0dca-41e1-a652-9e86f7421d8a,Tue May 19 2026 06:35:50 GMT+0000 (Coordinated Universal Time),Mon May 25 2026 03:36:36 GMT+0000 (Coordinated Universal Time),,,,,Delafield,US,,,,,,,,,mailchimp_pre_2026,2023-05-04 17:57:50,,,,,,
515eef2d-583d-4481-bb05-406a94a9e852,,,bob-nobs@hotmail.com,,,7b4d1e8fd3494374b565407d9bd62e39,,,,,,,,true,"","",89e0b4f6-0dca-41e1-a652-9e86f7421d8a,Tue May 19 2026 06:35:50 GMT+0000 (Coordinated Universal Time),Mon May 25 2026 03:36:36 GMT+0000 (Coordinated Universal Time),,,,,MD,,,,,,,,,,mailchimp_pre_2026,2020-10-11 08:43:47,,,,,,
034d72de-a4c1-4849-b6e0-6f1a0439ad26,,,hquinn15851@yahoo.com,,,292af1d2ad7f4473b2be9754f8a2c372,,,,,,,,true,"","",89e0b4f6-0dca-41e1-a652-9e86f7421d8a,Tue May 19 2026 06:35:50 GMT+0000 (Coordinated Universal Time),Mon May 25 2026 03:36:36 GMT+0000 (Coordinated Universal Time),,,,,ca,,,,,,,,,,mailchimp_pre_2026,2019-06-04 19:17:18,,,,,,
d8753bea-9b57-4454-bfc6-40791aca104e,,,nickdavaz@hotmail.com,,,e10caf1c11be49228d5a360c329c27e2,,,,,,,,true,"","",89e0b4f6-0dca-41e1-a652-9e86f7421d8a,Tue May 19 2026 06:35:50 GMT+0000 (Coordinated Universal Time),Mon May 25 2026 03:36:36 GMT+0000 (Coordinated Universal Time),,,,,or,,,,,,,,,,mailchimp_pre_2026,2019-07-15 18:43:29,,,,,,
46084642-9c8a-4cac-92be-b8c461cee411,,,mabellenalavenhouse@gmail.com,,,bc9458d36d964634adff8f05e3f468a9,,,,,,,,true,"","",89e0b4f6-0dca-41e1-a652-9e86f7421d8a,Tue May 19 2026 06:35:50 GMT+0000 (Coordinated Universal Time),Mon May 25 2026 03:36:37 GMT+0000 (Coordinated Universal Time),,,,,PA,,,,,,,,,,mailchimp_pre_2026,2020-06-18 11:42:33,,,,,,
a1716f68-4db0-4232-9b91-709ee8f3d42b,,,robhutch55@gmail.com,,,96a6010d97964f36b67762ab71871040,,,,,,,,true,"","",89e0b4f6-0dca-41e1-a652-9e86f7421d8a,Tue May 19 2026 06:35:50 GMT+0000 (Coordinated Universal Time),Mon May 25 2026 03:36:37 GMT+0000 (Coordinated Universal Time),,,,,NJ,,,,,,,,,,mailchimp_pre_2026,2021-03-04 07:38:00,,,,,,
7e3aeffb-9723-431e-801d-c4b43fcc4528,,,glenn.thomas1000@gmail.com,,,b440058965cc423fbd06f8d561f6860c,,,,,,,,true,"","",89e0b4f6-0dca-41e1-a652-9e86f7421d8a,Tue May 19 2026 06:35:50 GMT+0000 (Coordinated Universal Time),Mon May 25 2026 03:36:37 GMT+0000 (Coordinated Universal Time),,,,,SC,,,,,,,,,,mailchimp_pre_2026,2021-01-18 13:41:57,,,,,,
5a8eba8c-a7fd-404d-bf45-e3c03001f107,,,npsagges@gmail.com,,,419e43a66e3a43fca551d8f61a57ffeb,,,,,,,,true,"","",89e0b4f6-0dca-41e1-a652-9e86f7421d8a,Tue May 19 2026 06:35:50 GMT+0000 (Coordinated Universal Time),Mon May 25 2026 03:36:37 GMT+0000 (Coordinated Universal Time),,,,,,,,,,,,,,,mailchimp_pre_2026,2023-05-04 17:57:32,,,,,,
2377613b-3ad6-4eb5-8083-2e77a0603abc,,,2001mrs.k@gmail.com,,,b43474e71d1a4d1a9866d83a9ab664c8,,,,,,,,true,"","",89e0b4f6-0dca-41e1-a652-9e86f7421d8a,Tue May 19 2026 06:35:50 GMT+0000 (Coordinated Universal Time),Mon May 25 2026 03:36:37 GMT+0000 (Coordinated Universal Time),,,,,,,,,,,,,,,mailchimp_pre_2026,2023-05-04 17:57:29,,,,,,
f195e926-e50f-49b7-8fde-2d0ce4805fa8,,,briand@hydroblok.com,,,b92434c2cdf14e829ee6071a557741c2,,,,,,,,true,"","",89e0b4f6-0dca-41e1-a652-9e86f7421d8a,Tue May 19 2026 06:35:50 GMT+0000 (Coordinated Universal Time),Mon May 25 2026 03:36:37 GMT+0000 (Coordinated Universal Time),,,,,Windsor,CA,,,,,,,,,mailchimp_pre_2026,2023-05-04 17:57:53,,,,,,
94e4ea0c-bdfe-4b26-8cda-4c1cde7e7c36,,,Andrew11753@aol.com,,,1ed42685b31a4458bfd13ad9d3d25a6e,,,,,,,,true,"","",89e0b4f6-0dca-41e1-a652-9e86f7421d8a,Tue May 19 2026 06:35:50 GMT+0000 (Coordinated Universal Time),Mon May 25 2026 03:36:37 GMT+0000 (Coordinated Universal Time),,,,,NY,,,,,,,,,,mailchimp_pre_2026,2020-12-08 06:53:50,,,,,,
e63d7a51-f4d2-4c24-97eb-616dc1255d2c,,,dcwhitt16@gmail.com,,,802679c40aef469b84016a6d0d92ef56,,,,,,,,true,"","",89e0b4f6-0dca-41e1-a652-9e86f7421d8a,Tue May 19 2026 06:35:50 GMT+0000 (Coordinated Universal Time),Mon May 25 2026 03:36:37 GMT+0000 (Coordinated Universal Time),,,,,,,,,,,,,,,mailchimp_pre_2026,2023-05-04 17:57:29,,,,,,
8ebd47e2-f52b-41fc-9622-22ace0522371,,,mlnpns@gmail.com,,,e8687e08cb1c4f1ab2ec657a1472eb1f,,,,,,,,true,"","",89e0b4f6-0dca-41e1-a652-9e86f7421d8a,Tue May 19 2026 06:35:50 GMT+0000 (Coordinated Universal Time),Mon May 25 2026 03:36:37 GMT+0000 (Coordinated Universal Time),,,,,,,,,,,,,,,mailchimp_pre_2026,2023-05-04 17:57:30,,,,,,
130acdde-3b71-4a9c-a391-4f74e1313cf0,,,themcmahongroup1@gmail.com,,,54dab8a706d24abe85ec1f85805186c6,,,,,,,,true,"","",89e0b4f6-0dca-41e1-a652-9e86f7421d8a,Tue May 19 2026 06:35:50 GMT+0000 (Coordinated Universal Time),Mon May 25 2026 03:36:37 GMT+0000 (Coordinated Universal Time),,,,,,,,,,,,,,,mailchimp_pre_2026,2019-05-17 11:32:26,,,,,,
264c95ab-8e3a-4883-b8ef-d87cf2135e16,,,rinasa99@yahoo.com,,,3047d03e45624232b3b3b9a6562726ad,,,,,,,,true,"","",89e0b4f6-0dca-41e1-a652-9e86f7421d8a,Tue May 19 2026 06:35:50 GMT+0000 (Coordinated Universal Time),Mon May 25 2026 03:36:37 GMT+0000 (Coordinated Universal Time),,,,,,,,,,,,,,,mailchimp_pre_2026,2023-05-04 17:57:31,,,,,,
fe58299d-08f4-4413-aedc-ba495d7dae05,Dustin,Page,dustin.page6@gmail.com,,,33a0cd664de7429a92207498bf4408a4,,,,,,,,true,"","",89e0b4f6-0dca-41e1-a652-9e86f7421d8a,Tue May 19 2026 06:35:50 GMT+0000 (Coordinated Universal Time),Mon May 25 2026 03:36:27 GMT+0000 (Coordinated Universal Time),,,,,Baltimore,US,,,,cus_Nv1kCnX5IPEkXj,,,,,stripe-pre-2026,,,,,,,
162aba52-89d0-47b0-b671-17a5ebe629c6,,,abliesner4@gmail.com,,,4a99d54a87464170aef8250c80725197,,,,,,,,true,"","",89e0b4f6-0dca-41e1-a652-9e86f7421d8a,Tue May 19 2026 06:35:50 GMT+0000 (Coordinated Universal Time),Mon May 25 2026 03:36:27 GMT+0000 (Coordinated Universal Time),,,,,Sarasota,US,,,,,,,,,mailchimp_pre_2026,2023-05-04 17:57:53,,,,,,
cdc461f7-07c4-41dd-919d-9aff3a01a9e9,,,redigerdeb@gmail.com,,,1f8b0cc3f5474bb59dd1905030f43494,,,,,,,,true,"","",89e0b4f6-0dca-41e1-a652-9e86f7421d8a,Tue May 19 2026 06:35:50 GMT+0000 (Coordinated Universal Time),Mon May 25 2026 03:36:27 GMT+0000 (Coordinated Universal Time),,,,,or,,,,,,,,,,mailchimp_pre_2026,2019-06-08 01:11:46,,,,,,
c6f03710-19f0-4dbf-89b4-a661e7538cd6,Davy,Scheffler,davy@rvachoice.com,,,037e01ecaf0544339db0c35ed76c0a62,,,,,,,,true,"","",89e0b4f6-0dca-41e1-a652-9e86f7421d8a,Tue May 19 2026 06:35:50 GMT+0000 (Coordinated Universal Time),Mon May 25 2026 03:36:27 GMT+0000 (Coordinated Universal Time),,,,,Henrico,US,,,,cus_RpnUNtr5Xwv75n,,,,,stripe-pre-2026,,,,,,,
f03fdbd3-0d35-4f11-9867-2c54dec236ff,,,gromovtibor@mail.ru,,,f0fd5b3faf364c17b4be5e67dfbf711b,,,,,,,,true,"","",89e0b4f6-0dca-41e1-a652-9e86f7421d8a,Tue May 19 2026 06:35:50 GMT+0000 (Coordinated Universal Time),Mon May 25 2026 03:36:27 GMT+0000 (Coordinated Universal Time),,,,,Moscow,RU,,,,,,,,,mailchimp_pre_2026,2023-05-04 17:57:46,,,,,,
5065e660-c2e2-4b22-b1ab-abe959480b15,,,rickertv@yahoo.com,,,40f12962099e42b3be1ff3c948acdb5f,,,,,,,,true,"","",89e0b4f6-0dca-41e1-a652-9e86f7421d8a,Tue May 19 2026 06:35:50 GMT+0000 (Coordinated Universal Time),Mon May 25 2026 03:36:27 GMT+0000 (Coordinated Universal Time),,,,,,,,,,,,,,,mailchimp_pre_2026,2023-05-04 17:57:32,,,,,,
dbbb3c9f-5413-4862-8e6b-be182e1c6db4,Catherine,Berry,rivers0001@sonic.net,,,88ce867a458a48a3a9d6d44d9854ca3a,,,,,,,,true,"","",89e0b4f6-0dca-41e1-a652-9e86f7421d8a,Tue May 19 2026 06:35:50 GMT+0000 (Coordinated Universal Time),Mon May 25 2026 03:36:27 GMT+0000 (Coordinated Universal Time),,,,,San Jose,US,,,,cus_PR9NJfVsFcKBcs,,,,,stripe-pre-2026,,,,,,,
56ee3aed-b349-49aa-ae0b-9012ef1da901,,,d.lambo@frontier.com,,,acd85d0df2d74e41a2ab12f75f84bfc5,,,,,,,,true,"","",89e0b4f6-0dca-41e1-a652-9e86f7421d8a,Tue May 19 2026 06:35:50 GMT+0000 (Coordinated Universal Time),Mon May 25 2026 03:36:27 GMT+0000 (Coordinated Universal Time),,,,,,,,,,,,,,,mailchimp_pre_2026,2019-05-17 11:32:19,,,,,,
1e760021-ac4d-4173-8597-c5351cf59f89,,,erich1279@hotmail.com,,,79b01d36d47849d8a62dc5caa72425b3,,,,,,,,true,"","",89e0b4f6-0dca-41e1-a652-9e86f7421d8a,Tue May 19 2026 06:35:50 GMT+0000 (Coordinated Universal Time),Mon May 25 2026 03:36:27 GMT+0000 (Coordinated Universal Time),,,,,,,,,,,,,,,mailchimp_pre_2026,2019-05-17 11:32:42,,,,,,
fbcd2824-0f00-42a4-b9e6-a47983a30f53,David,Love,davidrlove@comcast.net,,,ea434e187605481ebb099067253db0d4,,,,,,,,true,"","",89e0b4f6-0dca-41e1-a652-9e86f7421d8a,Tue May 19 2026 06:35:50 GMT+0000 (Coordinated Universal Time),Mon May 25 2026 03:36:27 GMT+0000 (Coordinated Universal Time),,,,,Frisco,US,,,,cus_P6USykYfoX6ZPM,,,,,stripe-pre-2026,,,,,,,
662ac20e-5537-4737-be4c-394f1c8fdb4c,,,jbeigh60@gmail.com,,,f415e0b0bf214b2583fdfa5d56c07c4b,,,,,,,,true,"","",89e0b4f6-0dca-41e1-a652-9e86f7421d8a,Tue May 19 2026 06:35:50 GMT+0000 (Coordinated Universal Time),Mon May 25 2026 03:36:27 GMT+0000 (Coordinated Universal Time),,,,,,,,,,,,,,,mailchimp_pre_2026,2023-05-04 17:57:53,,,,,,
b929253c-ba2a-4a05-9fa4-c0b1d96521d2,Caleb,Hudson,chudson@crossland.com,,,0700b926f65d4787b7e7b738169a5978,,,,,,,,true,"","",89e0b4f6-0dca-41e1-a652-9e86f7421d8a,Tue May 19 2026 06:35:50 GMT+0000 (Coordinated Universal Time),Mon May 25 2026 03:36:27 GMT+0000 (Coordinated Universal Time),,,,,Columbus,US,,,,,,,,,stripe-pre-2026,,,,,,,
f43edd1f-ca1c-48bc-85fb-17f1e251d23c,Tuan,Tuan Hao Tran,john.doe@snipcart.com,,,4b217252051d42cdaea28aa3da3e691a,,,,,,,,true,"","",89e0b4f6-0dca-41e1-a652-9e86f7421d8a,Tue May 19 2026 06:35:50 GMT+0000 (Coordinated Universal Time),Mon May 25 2026 03:36:27 GMT+0000 (Coordinated Universal Time),,,,,,,,,,cus_TwsZG5T3iWI5wx,,,,,stripe-pre-2026,,,,,,,
af79984e-cdc3-4be9-9afd-ca08c955efbc,,,dave-mailchimp@redblockindustries.com,,,08cc053788b942c8bfc55c882eb54600,,,,,,,,true,"","",89e0b4f6-0dca-41e1-a652-9e86f7421d8a,Tue May 19 2026 06:35:50 GMT+0000 (Coordinated Universal Time),Mon May 25 2026 03:36:27 GMT+0000 (Coordinated Universal Time),,,,,,,,,,,,,,,mailchimp_pre_2026,2025-07-25 04:37:20,,,,,,
621176a2-cbcf-4b09-a350-818f57c053f7,,,lxu1uo1v@yahoo.com,,,0ebd505581164e9daded4f1ed064d069,,,,,,,,true,"","",89e0b4f6-0dca-41e1-a652-9e86f7421d8a,Tue May 19 2026 06:35:50 GMT+0000 (Coordinated Universal Time),Mon May 25 2026 03:36:27 GMT+0000 (Coordinated Universal Time),,,,,,,,,,,,,,,mailchimp_pre_2026,2023-05-04 17:57:45,,,,,,
2ca01c5b-ce3d-4576-a30b-b24c18a63973,Alan,Githens,givehensachance@gmail.com,,,ab292841f8c6417688261fec88bdee60,,,,,,,,true,"","",89e0b4f6-0dca-41e1-a652-9e86f7421d8a,Tue May 19 2026 06:35:50 GMT+0000 (Coordinated Universal Time),Mon May 25 2026 03:36:27 GMT+0000 (Coordinated Universal Time),,,,,Olney,US,,,,,,,,,stripe-pre-2026,,,,,,,
d51f82ff-963a-4f7a-85bd-1ac8d9dba790,,,cemde7714@gmail.com,,,41a0b14912a54de18563a2ad059b7518,,,,,,,,true,"","",89e0b4f6-0dca-41e1-a652-9e86f7421d8a,Tue May 19 2026 06:35:50 GMT+0000 (Coordinated Universal Time),Mon May 25 2026 03:36:27 GMT+0000 (Coordinated Universal Time),,,,,Saint,US,,,,,,,,,mailchimp_pre_2026,2023-05-04 17:57:51,,,,,,
a367eeb6-e588-45e3-862d-548aba95a597,NADINE,BEGLEY,stonetree.nadine@gmail.com,,,f0a0b38d1f2b49018d1cc1b9fccfca43,,,,,,,,true,"","",89e0b4f6-0dca-41e1-a652-9e86f7421d8a,Tue May 19 2026 06:35:50 GMT+0000 (Coordinated Universal Time),Mon May 25 2026 03:36:27 GMT+0000 (Coordinated Universal Time),,,,,KAPAA,US,,,,cus_JmWILEuiO8VCA0,,,,,stripe-pre-2026,,,,,,,
6f0a55fd-8c53-4cf5-bfa8-3930ffa37feb,,,f.cefalu@verizon.net,,,e6bf6bec54af4604a31badac407793e9,,,,,,,,true,"","",89e0b4f6-0dca-41e1-a652-9e86f7421d8a,Tue May 19 2026 06:35:50 GMT+0000 (Coordinated Universal Time),Mon May 25 2026 03:36:27 GMT+0000 (Coordinated Universal Time),,,,,,,,,,,,,,,mailchimp_pre_2026,2018-04-12 16:48:54,,,,,,
13542d8c-0d4f-43fe-8266-6e5035ba0180,,,SharpDPH@gmail.com,,,59b99941fa6a482ea64d79500639b4fb,,,,,,,,true,"","",89e0b4f6-0dca-41e1-a652-9e86f7421d8a,Tue May 19 2026 06:35:50 GMT+0000 (Coordinated Universal Time),Mon May 25 2026 03:36:27 GMT+0000 (Coordinated Universal Time),,,,,,,,,,,,,,,mailchimp_pre_2026,2025-07-26 02:36:42,,,,,,
370f959d-b8ae-41ef-bcac-e4eaa66f8dfa,,,heartlandtimaru@gmail.com,,,453fba875fa84295bf80f69f536a064c,,,,,,,,true,"","",89e0b4f6-0dca-41e1-a652-9e86f7421d8a,Tue May 19 2026 06:35:50 GMT+0000 (Coordinated Universal Time),Mon May 25 2026 03:36:27 GMT+0000 (Coordinated Universal Time),,,,,,,,,,,,,,,mailchimp_pre_2026,2023-05-04 17:57:33,,,,,,
8aa2a379-f246-47f9-9399-4734495d403c,Frank,Cassidy,fscassidy@roadrunner.com,,,defb4f7a352a45ed87a8752c878afca9,,,,,,,,true,"","",89e0b4f6-0dca-41e1-a652-9e86f7421d8a,Tue May 19 2026 06:35:50 GMT+0000 (Coordinated Universal Time),Mon May 25 2026 03:36:27 GMT+0000 (Coordinated Universal Time),,,,,Union,US,,,,cus_LC7ca88nlXiMH8,,,,,stripe-pre-2026,2023-05-04 17:57:37,,,,,,
89a7fef5-d179-4727-8ab6-515e63e4bc95,,,alyles24147@gmail.com,,,0d0ea237134444e0bd76a1e10485a546,,,,,,,,true,"","",89e0b4f6-0dca-41e1-a652-9e86f7421d8a,Tue May 19 2026 06:35:50 GMT+0000 (Coordinated Universal Time),Mon May 25 2026 03:36:27 GMT+0000 (Coordinated Universal Time),,,,,,,,,,,,,,,mailchimp_pre_2026,2023-05-04 17:57:44,,,,,,
e617420c-407c-43ab-b9e1-a736f6f20f49,Steven,Exe,steven.j.exe@comcast.net,,,2039f692a3784575ba7bf4cf3c429b04,,,,,,,,true,"","",89e0b4f6-0dca-41e1-a652-9e86f7421d8a,Tue May 19 2026 06:35:50 GMT+0000 (Coordinated Universal Time),Mon May 25 2026 03:36:27 GMT+0000 (Coordinated Universal Time),,,,,Winthrop,US,,,,cus_Go5ygmyZoGdRQv,,,,,stripe-pre-2026,,,,,,,
4d359db8-05ad-42f1-a75f-92e43a058b97,,,zcvvdv@sdfsdafdfadsf.co,,,10fe85a7270d4234aea00672e8092cf0,,,,,,,,true,"","",89e0b4f6-0dca-41e1-a652-9e86f7421d8a,Tue May 19 2026 06:35:50 GMT+0000 (Coordinated Universal Time),Mon May 25 2026 03:36:27 GMT+0000 (Coordinated Universal Time),,,,,,,,,,,,,,,mailchimp_pre_2026,2025-07-26 03:04:02,,,,,,
5e2c69e5-9b8b-4f59-a7de-c6c93dfce1bb,,,donlyn08@aol.com,,,5e7c8af92bbe4187930b9a2c7e5c2d6b,,,,,,,,true,"","",89e0b4f6-0dca-41e1-a652-9e86f7421d8a,Tue May 19 2026 06:35:50 GMT+0000 (Coordinated Universal Time),Mon May 25 2026 03:36:27 GMT+0000 (Coordinated Universal Time),,,,,FL,,,,,,,,,,mailchimp_pre_2026,2019-09-17 12:14:58,,,,,,
e4d5890f-9828-4b5f-8d4d-4ecd95a12f9a,Janice,Poellet,jpoellet@gmail.com,,,a0a94c40f921405f988321bc535ac4b9,,,,,,,,true,"","",89e0b4f6-0dca-41e1-a652-9e86f7421d8a,Tue May 19 2026 06:35:50 GMT+0000 (Coordinated Universal Time),Mon May 25 2026 03:36:27 GMT+0000 (Coordinated Universal Time),,,,,Williamston,US,,,,cus_LCDxaA0hi6OD8u,,,,,stripe-pre-2026,2023-05-04 17:57:35,,,,,,
ae2d8b2b-8134-4d93-9b5e-f5ae2e8dbef1,Nelson,Brown,gbr6973@aol.com,,,98c90d69b1c34a94b81f3112ba48525c,,,,,,,,true,"","",89e0b4f6-0dca-41e1-a652-9e86f7421d8a,Tue May 19 2026 06:35:50 GMT+0000 (Coordinated Universal Time),Mon May 25 2026 03:36:27 GMT+0000 (Coordinated Universal Time),,,,,Sarasota,US,,,,cus_KyxFc7jW6BVYdT,,,,,stripe-pre-2026,2023-05-04 17:57:39,,,,,,
baf179b7-1a75-4014-a8ee-b5ef1c4e3027,,,myrcfl850@gmail.com,,,873dabc2ef8745a3bf179dcd03463bee,,,,,,,,true,"","",89e0b4f6-0dca-41e1-a652-9e86f7421d8a,Tue May 19 2026 06:35:50 GMT+0000 (Coordinated Universal Time),Mon May 25 2026 03:36:27 GMT+0000 (Coordinated Universal Time),,,,,FL,,,,,,,,,,mailchimp_pre_2026,2019-12-31 08:25:55,,,,,,
c96fd9e9-4120-4613-8f17-e52a9543e5f3,Andy,Battiston,andy@battistonhomes.com,,,71ab831de9f64519b332275dfdca0917,,,,,,,,true,"","",89e0b4f6-0dca-41e1-a652-9e86f7421d8a,Tue May 19 2026 06:35:50 GMT+0000 (Coordinated Universal Time),Mon May 25 2026 03:36:27 GMT+0000 (Coordinated Universal Time),,,,,West Vancouver,CA,,,,cus_MlBsCsIz5o5Sde,,,,,stripe-pre-2026,,,,,,,
af7a786e-190d-432d-9da0-fdbcfe59cdcd,,,kacddd@gmail.com,,,3d68369c8a0e40fc8645d4e6b54e807a,,,,,,,,true,"","",89e0b4f6-0dca-41e1-a652-9e86f7421d8a,Tue May 19 2026 06:35:50 GMT+0000 (Coordinated Universal Time),Mon May 25 2026 03:36:27 GMT+0000 (Coordinated Universal Time),,,,,,,,,,,,,,,mailchimp_pre_2026,2023-05-04 17:57:31,,,,,,
22c44355-ebd2-4139-a65a-9ec306c0a9c8,Cathy,Clawson,cathyclawson@datafest.com,,,5fe1a2866a244af99937530bbf02846b,,,,,,,,true,"","",89e0b4f6-0dca-41e1-a652-9e86f7421d8a,Tue May 19 2026 06:35:50 GMT+0000 (Coordinated Universal Time),Mon May 25 2026 03:36:28 GMT+0000 (Coordinated Universal Time),,,,,Holladay,US,,,,cus_NrPThGCbC6WJSD,,,,,stripe-pre-2026,,,,,,,
cfc1e7d6-2232-47ba-b0ac-150920c3a26b,Sasha,Davis,sha@quinny.tk,,,7b28d0c2d9044817b058e9b8f513e3e3,,,,,,,,true,"","",89e0b4f6-0dca-41e1-a652-9e86f7421d8a,Tue May 19 2026 06:35:50 GMT+0000 (Coordinated Universal Time),Mon May 25 2026 03:36:28 GMT+0000 (Coordinated Universal Time),,,,,Sonoma,US,,,,cus_K8Gm39LacIFTiZ,,,,,stripe-pre-2026,,,,,,,
6b37542f-0a49-4b6c-816e-438b21d68dc8,,,brian.shiro@gmail.com,,,fefb80a9436f4068be9c84d284943630,,,,,,,,true,"","",89e0b4f6-0dca-41e1-a652-9e86f7421d8a,Tue May 19 2026 06:35:50 GMT+0000 (Coordinated Universal Time),Mon May 25 2026 03:36:28 GMT+0000 (Coordinated Universal Time),,,,,Denver,US,,,,,,,,,mailchimp_pre_2026,2023-05-04 17:57:46,,,,,,
09c70bc1-0230-4f94-9bc4-1a7e9745b3bf,,,brewgut@gmail.com,,,16ceec7eb6964c65a2b07357024f9839,,,,,,,,true,"","",89e0b4f6-0dca-41e1-a652-9e86f7421d8a,Tue May 19 2026 06:35:50 GMT+0000 (Coordinated Universal Time),Mon May 25 2026 03:36:28 GMT+0000 (Coordinated Universal Time),,,,,,,,,,,,,,,mailchimp_pre_2026,2023-05-04 17:57:33,,,,,,
a38f127b-0ed6-4602-91e3-8d1d08c6cbeb,Alexandra,Santora,santoras321@gmail.com,,,788014ab52104f77b6a06c03110bf423,,,,,,,,true,"","",89e0b4f6-0dca-41e1-a652-9e86f7421d8a,Tue May 19 2026 06:35:50 GMT+0000 (Coordinated Universal Time),Mon May 25 2026 03:36:28 GMT+0000 (Coordinated Universal Time),,,,,Buffalo,US,,,,cus_OBnQe7Jfgfh0XF,,,,,stripe-pre-2026,,,,,,,
bb76a930-98a7-4c62-83c7-b428a1e6cc09,,,zarn.tom@gmail.com,,,3ce566049c744797b6af54bc6def3807,,,,,,,,true,"","",89e0b4f6-0dca-41e1-a652-9e86f7421d8a,Tue May 19 2026 06:35:50 GMT+0000 (Coordinated Universal Time),Mon May 25 2026 03:36:28 GMT+0000 (Coordinated Universal Time),,,,,Auckland,NZ,,,,,,,,,mailchimp_pre_2026,2023-05-04 17:57:45,,,,,,
842c2585-c206-451f-9533-fdd71a51fe2e,Lucas,Breakey,lucas@tabcompanies.com,,,ef490b21dbcf4c4187959a451670a0d5,,,,,,,,true,"","",89e0b4f6-0dca-41e1-a652-9e86f7421d8a,Tue May 19 2026 06:35:50 GMT+0000 (Coordinated Universal Time),Mon May 25 2026 03:36:28 GMT+0000 (Coordinated Universal Time),,,,,Andes,US,,,,cus_TvIfv45V8l5yPj,,,,,stripe-pre-2026,,,,,,,
1f286e33-9189-4898-a41b-9128e02fb055,Sara,Malone,sara6367@gmail.com,,,3b4bae13b0804e978d63f8f371b33a02,,,,,,,,true,"","",89e0b4f6-0dca-41e1-a652-9e86f7421d8a,Tue May 19 2026 06:35:50 GMT+0000 (Coordinated Universal Time),Mon May 25 2026 03:36:28 GMT+0000 (Coordinated Universal Time),,,,,Smyrna,US,,,,cus_Nc2oPj0a6sdBi0,,,,,stripe-pre-2026,2023-05-04 17:57:26,,,,,,
e3a7f25a-63f8-4308-b026-6741b7640897,,,emmet@belluskitchenandbath.com,,,a49fdc265cb84007a0a3bfc56581dcaf,,,,,,,,true,"","",89e0b4f6-0dca-41e1-a652-9e86f7421d8a,Tue May 19 2026 06:35:50 GMT+0000 (Coordinated Universal Time),Mon May 25 2026 03:36:28 GMT+0000 (Coordinated Universal Time),,,,,,,,,,,,,,,mailchimp_pre_2026,2025-07-26 02:36:40,,,,,,
1a23c761-da67-4e29-9989-ccf9b9b664bb,Stephe,Gehrmann,davidsven1034@gmail.com,,,550e3bcd029f481e9e6621948ce9694c,,,,,,,,true,"","",89e0b4f6-0dca-41e1-a652-9e86f7421d8a,Tue May 19 2026 06:35:50 GMT+0000 (Coordinated Universal Time),Mon May 25 2026 03:36:28 GMT+0000 (Coordinated Universal Time),,,,,BELLINGHAM,US,,,,,,,,,stripe-pre-2026,,,,,,,
33f4f1e1-8752-4c53-910f-54680577df02,,,tburos423@gmail.com,,,7797ad27dd8f4a5e9de7dad0e813ec6d,,,,,,,,true,"","",89e0b4f6-0dca-41e1-a652-9e86f7421d8a,Tue May 19 2026 06:35:50 GMT+0000 (Coordinated Universal Time),Mon May 25 2026 03:36:28 GMT+0000 (Coordinated Universal Time),,,,,,,,,,,,,,,mailchimp_pre_2026,2023-05-04 17:57:27,,,,,,
4e10ee60-f966-454b-b9ee-a6d6c34fa027,Morgan,Catacchio,morgan.catacchio@gmail.com,,,9e93ef53543c491cb4d83d750490f69e,,,,,,,,true,"","",89e0b4f6-0dca-41e1-a652-9e86f7421d8a,Tue May 19 2026 06:35:50 GMT+0000 (Coordinated Universal Time),Mon May 25 2026 03:36:28 GMT+0000 (Coordinated Universal Time),,,,,Nashua,US,,,,cus_HbYcHgt7K55sYS,,,,,stripe-pre-2026,,,,,,,
04dbf449-c8e7-4444-9b67-1ca7d4fb0794,Richard,P. Walsh,walshsales@aol.com,,,09f3f71101104c7aa4c8dfaaa602beb0,,,,,,,,true,"","",89e0b4f6-0dca-41e1-a652-9e86f7421d8a,Tue May 19 2026 06:35:50 GMT+0000 (Coordinated Universal Time),Mon May 25 2026 03:36:28 GMT+0000 (Coordinated Universal Time),,,,,Farmingdale,US,,,,cus_PdnnyxZ3FzTUUY,,,,,stripe-pre-2026,,,,,,,
2807b480-7ba4-4b61-bd91-8b202710409c,,,sealiquori1515@comcast.net,,,d0ef4acc97764b23b7ad0559084b535a,,,,,,,,true,"","",89e0b4f6-0dca-41e1-a652-9e86f7421d8a,Tue May 19 2026 06:35:50 GMT+0000 (Coordinated Universal Time),Mon May 25 2026 03:36:28 GMT+0000 (Coordinated Universal Time),,,,,SC,,,,,,,,,,mailchimp_pre_2026,2019-08-21 18:58:07,,,,,,
4e0bfb7b-8b36-45d4-87be-2b2bf9077a4f,Barbara,A Houts,aniolh@protonmail.com,,,cbd2961f68be4c6b9fb17aa2cdfb5e43,,,,,,,,true,"","",89e0b4f6-0dca-41e1-a652-9e86f7421d8a,Tue May 19 2026 06:35:50 GMT+0000 (Coordinated Universal Time),Mon May 25 2026 03:36:28 GMT+0000 (Coordinated Universal Time),,,,,Nashville,US,,,,cus_QZD5QwfNQGfoGj,,,,,stripe-pre-2026,,,,,,,
78eda1b2-63b0-4013-a45b-4897270840bf,Rachel,Centofanti,rachel@aeconstructionnj.com,,,7700137d329e425888e0459e0cda6da6,,,,,,,,true,"","",89e0b4f6-0dca-41e1-a652-9e86f7421d8a,Tue May 19 2026 06:35:50 GMT+0000 (Coordinated Universal Time),Mon May 25 2026 03:36:28 GMT+0000 (Coordinated Universal Time),,,,,Pennington,US,,,,cus_L9QDqSiTfg1mw1,,,,,stripe-pre-2026,2023-05-04 17:57:36,,,,,,
fe4ae307-c1ad-4698-b02b-3a517770d3cb,Elizabeth,Pilon,elizabeth.pilon@gmail.com,,,0ab5e08e191a4232b80073a24e20e6d8,,,,,,,,true,"","",89e0b4f6-0dca-41e1-a652-9e86f7421d8a,Tue May 19 2026 06:35:50 GMT+0000 (Coordinated Universal Time),Mon May 25 2026 03:36:28 GMT+0000 (Coordinated Universal Time),,,,,Madison,US,,,,cus_O2XQhVqCI0NzE9,,,,,stripe-pre-2026,,,,,,,
17dc682a-7f95-43e8-bc33-0afa5dbd645a,,,rotornaut@gmail.com,,,5524ed818abd43828eb4e5bd396409e8,,,,,,,,true,"","",89e0b4f6-0dca-41e1-a652-9e86f7421d8a,Tue May 19 2026 06:35:50 GMT+0000 (Coordinated Universal Time),Mon May 25 2026 03:36:28 GMT+0000 (Coordinated Universal Time),,,,,Corona,US,,,,,,,,,mailchimp_pre_2026,2020-10-16 00:29:18,,,,,,
6bec67d2-ad80-47a3-a238-11e07950c953,,,waynebp57@gmail.com,,,580c5d27625d48c186266d12d7a56ed0,,,,,,,,true,"","",89e0b4f6-0dca-41e1-a652-9e86f7421d8a,Tue May 19 2026 06:35:50 GMT+0000 (Coordinated Universal Time),Mon May 25 2026 03:36:28 GMT+0000 (Coordinated Universal Time),,,,,ON,,,,,,,,,,mailchimp_pre_2026,2020-07-08 23:02:59,,,,,,
473c84bb-22d2-429d-995a-accf6b930859,Geary,S Mizuno,geary.mizuno@rcn.com,,,49f330c259ff4fecbe34338566ceb626,,,,,,,,true,"","",89e0b4f6-0dca-41e1-a652-9e86f7421d8a,Tue May 19 2026 06:35:50 GMT+0000 (Coordinated Universal Time),Mon May 25 2026 03:36:28 GMT+0000 (Coordinated Universal Time),,,,,Bethesda,US,,,,cus_PUwqD03ZazI99U,,,,,stripe-pre-2026,,,,,,,
470a652d-34f5-42c8-b702-fee00bb23970,,,PAULLENZ@AOL.COM,,,7ece78f958ad47129b716eef0a682123,,,,,,,,true,"","",89e0b4f6-0dca-41e1-a652-9e86f7421d8a,Tue May 19 2026 06:35:50 GMT+0000 (Coordinated Universal Time),Mon May 25 2026 03:36:28 GMT+0000 (Coordinated Universal Time),,,,,OR,,,,,,,,,,mailchimp_pre_2026,2020-03-03 16:28:46,,,,,,
c9fa1636-f6af-4120-9e39-a5d6ebbd0993,,,jessica.cs@gmail.com,,,c33fe4333fd74badaddc666c4baa81f2,,,,,,,,true,"","",89e0b4f6-0dca-41e1-a652-9e86f7421d8a,Tue May 19 2026 06:35:50 GMT+0000 (Coordinated Universal Time),Mon May 25 2026 03:36:28 GMT+0000 (Coordinated Universal Time),,,,,,,,,,,,,,,mailchimp_pre_2026,2019-05-17 11:32:28,,,,,,
f95c7eb3-39a3-482f-ae3d-e42428e2d9ff,,,asif.mirza@live.co.uk,,,dc00319bc87646929d33851c908255af,,,,,,,,true,"","",89e0b4f6-0dca-41e1-a652-9e86f7421d8a,Tue May 19 2026 06:35:50 GMT+0000 (Coordinated Universal Time),Mon May 25 2026 03:36:28 GMT+0000 (Coordinated Universal Time),,,,,twh,,,,,,,,,,mailchimp_pre_2026,2018-12-11 11:55:52,,,,,,
d26fe219-8678-4907-ae50-dafeb5b6dda0,Sheila,Hufnagel,sheila_hufnagel@msn.com,,,1739bfe075a748c6ae3ec58faf092e8e,,,,,,,,true,"","",89e0b4f6-0dca-41e1-a652-9e86f7421d8a,Tue May 19 2026 06:35:50 GMT+0000 (Coordinated Universal Time),Mon May 25 2026 03:36:28 GMT+0000 (Coordinated Universal Time),,,,,Boulder,US,,,,,,,,,stripe-pre-2026,,,,,,,
e2f4b6dc-e773-4281-a407-325b34f88d3c,,,suesherwood56@gmail.com,,,15e1f2c533d6439ea49d90ed95515f94,,,,,,,,true,"","",89e0b4f6-0dca-41e1-a652-9e86f7421d8a,Tue May 19 2026 06:35:50 GMT+0000 (Coordinated Universal Time),Mon May 25 2026 03:36:28 GMT+0000 (Coordinated Universal Time),,,,,,,,,,,,,,,mailchimp_pre_2026,2023-05-04 17:57:53,,,,,,
2b37c443-1ad2-46d2-baba-351e534cd96c,,,jaclyn.christian@businesspromoted.shop,,,c52d40829f60448e83af35e12a889327,,,,,,,,true,"","",89e0b4f6-0dca-41e1-a652-9e86f7421d8a,Tue May 19 2026 06:35:50 GMT+0000 (Coordinated Universal Time),Mon May 25 2026 03:36:28 GMT+0000 (Coordinated Universal Time),,,,,Atlanta,US,,,,,,,,,mailchimp_pre_2026,2023-05-04 17:57:33,,,,,,
72aff07d-13e4-4933-97a7-1f362c2f0bf5,Rose,Martinez,emmaworks925@aol.com,,,860652624b8a45fabe03752bd80e3892,,,,,,,,true,"","",89e0b4f6-0dca-41e1-a652-9e86f7421d8a,Tue May 19 2026 06:35:50 GMT+0000 (Coordinated Universal Time),Mon May 25 2026 03:36:28 GMT+0000 (Coordinated Universal Time),,,,,Austin,US,,,,cus_L1gNdjc775sfiK,,,,,stripe-pre-2026,2023-05-04 17:57:39,,,,,,
3a133c96-8a42-4bee-8ab4-4d5b0f21d588,,,danae.joslyn@gmail.com,,,dfdce65faef548f68f3d3fe91654a1d1,,,,,,,,true,"","",89e0b4f6-0dca-41e1-a652-9e86f7421d8a,Tue May 19 2026 06:35:50 GMT+0000 (Coordinated Universal Time),Mon May 25 2026 03:36:28 GMT+0000 (Coordinated Universal Time),,,,,New,US,,,,,,,,,mailchimp_pre_2026,2023-05-04 17:57:26,,,,,,
bb4d8938-ee2e-4298-bc0e-6c4c69aeedbf,William,Nouvet,tequilabills@yahoo.com,,,23895add68504937878527ff86c65310,,,,,,,,true,"","",89e0b4f6-0dca-41e1-a652-9e86f7421d8a,Tue May 19 2026 06:35:50 GMT+0000 (Coordinated Universal Time),Mon May 25 2026 03:36:28 GMT+0000 (Coordinated Universal Time),,,,,Columbus,US,,,,cus_Pg2aJWqj0r076e,,,,,stripe-pre-2026,,,,,,,
01c59d5c-ff97-405a-ba5c-fd35439c9f59,,,tedolivia@yahoo.com,,,92c31da56f54469e9c8dd942bf6c4021,,,,,,,,true,"","",89e0b4f6-0dca-41e1-a652-9e86f7421d8a,Tue May 19 2026 06:35:50 GMT+0000 (Coordinated Universal Time),Mon May 25 2026 03:36:29 GMT+0000 (Coordinated Universal Time),,,,,Madison,US,,,,,,,,,mailchimp_pre_2026,2019-10-20 23:57:55,,,,,,
e68bef05-ba61-4eef-8335-299b3fe217ae,,,The1stLectroMan@gmail.com,,,861ac5b513d747ce9fc655a810768b31,,,,,,,,true,"","",89e0b4f6-0dca-41e1-a652-9e86f7421d8a,Tue May 19 2026 06:35:50 GMT+0000 (Coordinated Universal Time),Mon May 25 2026 03:36:29 GMT+0000 (Coordinated Universal Time),,,,,,,,,,,,,,,mailchimp_pre_2026,2021-02-09 02:35:21,,,,,,
45ec400b-ca8d-4d46-a989-6692c578ccef,Susan,Rodway,tnsrodway@gmail.com,,,3a7c45cdbfd24d119b24337abe2a0415,,,,,,,,true,"","",89e0b4f6-0dca-41e1-a652-9e86f7421d8a,Tue May 19 2026 06:35:50 GMT+0000 (Coordinated Universal Time),Mon May 25 2026 03:36:29 GMT+0000 (Coordinated Universal Time),,,,,Oregon City,US,,,,,,,,,stripe-pre-2026,,,,,,,
c5776e63-8388-4af0-af17-accaf34b0644,,,arivera000@hotmail.com,,,cd0d5e39638e4e109c52688e76ee1baf,,,,,,,,true,"","",89e0b4f6-0dca-41e1-a652-9e86f7421d8a,Tue May 19 2026 06:35:50 GMT+0000 (Coordinated Universal Time),Mon May 25 2026 03:36:29 GMT+0000 (Coordinated Universal Time),,,,,,,,,,,,,,,mailchimp_pre_2026,2025-07-26 02:36:41,,,,,,
a503a6da-0315-4cfd-88f2-1e6fcaff01f3,,,test@testtestc.com,,,7175614ea9ce41d2a4270f8682389321,,,,,,,,true,"","",89e0b4f6-0dca-41e1-a652-9e86f7421d8a,Tue May 19 2026 06:35:50 GMT+0000 (Coordinated Universal Time),Mon May 25 2026 03:36:28 GMT+0000 (Coordinated Universal Time),,,,,,,,,,,,,,,mailchimp_pre_2026,2020-07-17 10:14:06,,,,,,
be615a6f-0c2e-48c8-8f79-f2c044c4d35c,Nick,Simmonds,simmonni@live.com,,,3f95883f38e14bf197887686fe547d5b,,,,,,,,true,"","",89e0b4f6-0dca-41e1-a652-9e86f7421d8a,Tue May 19 2026 06:35:50 GMT+0000 (Coordinated Universal Time),Mon May 25 2026 03:36:29 GMT+0000 (Coordinated Universal Time),,,,,Napier,NZ,,,,,,,,,stripe-pre-2026,,,,,,,
a52abac1-637d-45dc-8279-e2a35852738e,,,john@johncaviness.com,,,71f753dc0dc24ba787857d059a9c2e6c,,,,,,,,true,"","",89e0b4f6-0dca-41e1-a652-9e86f7421d8a,Tue May 19 2026 06:35:50 GMT+0000 (Coordinated Universal Time),Mon May 25 2026 03:36:29 GMT+0000 (Coordinated Universal Time),,,,,,,,,,,,,,,mailchimp_pre_2026,2020-04-22 07:10:59,,,,,,
8fcf03f7-7543-427c-b592-f6f153163bc1,Sam,Mothana,sam@hibco.ca,,,69edd84d4ccd4fb88a3625182ae58e78,,,,,,,,true,"","",89e0b4f6-0dca-41e1-a652-9e86f7421d8a,Tue May 19 2026 06:35:50 GMT+0000 (Coordinated Universal Time),Mon May 25 2026 03:36:29 GMT+0000 (Coordinated Universal Time),,,,,,,,,,cus_OSnVWKNfi3jnuJ,,,,,stripe-pre-2026,,,,,,,
5000ccca-fd9d-4aab-a808-183c634ee21a,,,cppregibon@gmail.com,,,fe1e65a4f66f46bfb23d0b24ca072e16,,,,,,,,true,"","",89e0b4f6-0dca-41e1-a652-9e86f7421d8a,Tue May 19 2026 06:35:50 GMT+0000 (Coordinated Universal Time),Mon May 25 2026 03:36:29 GMT+0000 (Coordinated Universal Time),,,,,,,,,,,,,,,mailchimp_pre_2026,2025-07-26 02:36:41,,,,,,
d85a35ba-2025-4e34-a041-f2991ea2e9a3,,,danehaus@comcast.net,,,3f6f2c8cd7c9416f8551f2bae03a1964,,,,,,,,true,"","",89e0b4f6-0dca-41e1-a652-9e86f7421d8a,Tue May 19 2026 06:35:50 GMT+0000 (Coordinated Universal Time),Mon May 25 2026 03:36:29 GMT+0000 (Coordinated Universal Time),,,,,MA,,,,,,,,,,mailchimp_pre_2026,2019-10-24 23:39:13,,,,,,
6e4a033d-9941-492a-a09b-1a319bbfe285,Melanie,Ordonez,melo19645@gmail.com,,,ce33262f7fdd4354bd15abb67e084b43,,,,,,,,true,"","",89e0b4f6-0dca-41e1-a652-9e86f7421d8a,Tue May 19 2026 06:35:50 GMT+0000 (Coordinated Universal Time),Mon May 25 2026 03:36:29 GMT+0000 (Coordinated Universal Time),,,,,Lake st. Louis,US,,,,cus_RrfmVilsFjq5uk,,,,,stripe-pre-2026,,,,,,,
44fa7efe-2cd8-4253-9f48-da44c9291f16,Dana,Ham,danarham@gmail.com,,,0e9b0dc9002647818f5bacc7de74a957,,,,,,,,true,"","",89e0b4f6-0dca-41e1-a652-9e86f7421d8a,Tue May 19 2026 06:35:50 GMT+0000 (Coordinated Universal Time),Mon May 25 2026 03:36:29 GMT+0000 (Coordinated Universal Time),,,,,,,,,,cus_QGjzYKkd1sX2pM,,,,,stripe-pre-2026,,,,,,,
cc29a9b9-444d-4e50-86f3-bd6da64b31a2,Rick,Klimek,rjklimek@icloud.com,,,9b1f17e8e59a495d897a86877dbe6582,,,,,,,,true,"","",89e0b4f6-0dca-41e1-a652-9e86f7421d8a,Tue May 19 2026 06:35:50 GMT+0000 (Coordinated Universal Time),Mon May 25 2026 03:36:29 GMT+0000 (Coordinated Universal Time),,,,,Joliet,US,,,,cus_O9X5mnFAFgIHJz,,,,,stripe-pre-2026,,,,,,,
0f0b1007-fc8b-4b79-905c-d6bd9674a660,,,tom.steel@comcast.net,,,8903f5ae481c4ec89a125a6170f42ee9,,,,,,,,true,"","",89e0b4f6-0dca-41e1-a652-9e86f7421d8a,Tue May 19 2026 06:35:50 GMT+0000 (Coordinated Universal Time),Mon May 25 2026 03:36:29 GMT+0000 (Coordinated Universal Time),,,,,North,US,,,,,,,,,mailchimp_pre_2026,2023-05-04 17:57:45,,,,,,
29cedcab-ddf1-43a3-b5a1-8c858f62b4f7,,,jndamour@gmail.com,,,d8d35f0716d14a10ab059e188715921d,,,,,,,,true,"","",89e0b4f6-0dca-41e1-a652-9e86f7421d8a,Tue May 19 2026 06:35:50 GMT+0000 (Coordinated Universal Time),Mon May 25 2026 03:36:29 GMT+0000 (Coordinated Universal Time),,,,,or,,,,,,,,,,mailchimp_pre_2026,2019-04-30 11:55:56,,,,,,
e24f8300-be91-4402-b585-8b03aa187dc4,Jeff,Williams,eljefedelgato@gmail.com,,,7f7e25e543ce44f3ae08efcb158f31d0,,,,,,,,true,"","",89e0b4f6-0dca-41e1-a652-9e86f7421d8a,Tue May 19 2026 06:35:50 GMT+0000 (Coordinated Universal Time),Mon May 25 2026 03:36:29 GMT+0000 (Coordinated Universal Time),,,,,,,,,,cus_R21fOHvcWOkmiC,,,,,stripe-pre-2026,,,,,,,
d8f03d54-9b8b-4a80-b955-e95eb906a32e,,,jsfsears@hotmail.com,,,bedd15c9d800463391a8a6187298203a,,,,,,,,true,"","",89e0b4f6-0dca-41e1-a652-9e86f7421d8a,Tue May 19 2026 06:35:50 GMT+0000 (Coordinated Universal Time),Mon May 25 2026 03:36:29 GMT+0000 (Coordinated Universal Time),,,,,Baltimore,US,,,,,,,,,mailchimp_pre_2026,2023-05-04 17:57:37,,,,,,
b59a570b-1822-4baa-aa2b-0f91967bf072,,,w1burke@aol.com,,,c07667ff8d9048a08fe80df67174afe6,,,,,,,,true,"","",89e0b4f6-0dca-41e1-a652-9e86f7421d8a,Tue May 19 2026 06:35:50 GMT+0000 (Coordinated Universal Time),Mon May 25 2026 03:36:29 GMT+0000 (Coordinated Universal Time),,,,,Beltsville,US,,,,,,,,,mailchimp_pre_2026,2023-05-04 17:57:47,,,,,,
2b2e15dc-8130-4b76-8766-b24181d36d82,Pamela,Kooiker,gpkooiker@cox.net,,,aef651c2296d481f8b90886554a981fb,,,,,,,,true,"","",89e0b4f6-0dca-41e1-a652-9e86f7421d8a,Tue May 19 2026 06:35:50 GMT+0000 (Coordinated Universal Time),Mon May 25 2026 03:36:29 GMT+0000 (Coordinated Universal Time),,,,,Omaha,US,,,,cus_J94pnkTdIJGHz1,,,,,stripe-pre-2026,,,,,,,
ef670df4-a0dc-4c31-ab77-9d760d5894e6,,,rdfischer1991@gmail.com,,,f143a43e1ba24889b9f30566ca817397,,,,,,,,true,"","",89e0b4f6-0dca-41e1-a652-9e86f7421d8a,Tue May 19 2026 06:35:50 GMT+0000 (Coordinated Universal Time),Mon May 25 2026 03:36:29 GMT+0000 (Coordinated Universal Time),,,,,Brownsburg,US,,,,,,,,,mailchimp_pre_2026,2023-05-04 17:57:49,,,,,,
d62709a2-c600-44c5-98c8-ae036a13cc50,,,Davidaf65@me.com,,,36bcb403496049369651ae2b404962d5,,,,,,,,true,"","",89e0b4f6-0dca-41e1-a652-9e86f7421d8a,Tue May 19 2026 06:35:50 GMT+0000 (Coordinated Universal Time),Mon May 25 2026 03:36:29 GMT+0000 (Coordinated Universal Time),,,,,,,,,,,,,,,mailchimp_pre_2026,2025-07-26 03:04:02,,,,,,
6c911c6d-7b05-433e-af29-5c83a071ece1,Kara,Akin,purchasing@mayshark.com,,,57238fe01a224568938600ce5a41ad5a,,,,,,,,true,"","",89e0b4f6-0dca-41e1-a652-9e86f7421d8a,Tue May 19 2026 06:35:50 GMT+0000 (Coordinated Universal Time),Mon May 25 2026 03:36:29 GMT+0000 (Coordinated Universal Time),,,,,MAYVILLE,US,,,,,,,,,stripe-pre-2026,,,,,,,
d80db356-e384-4317-bba2-ebd622392432,,,marybethguinan@gmail.com,,,6b0d2dd04c944535b61dd1b7bd144c53,,,,,,,,true,"","",89e0b4f6-0dca-41e1-a652-9e86f7421d8a,Tue May 19 2026 06:35:50 GMT+0000 (Coordinated Universal Time),Mon May 25 2026 03:36:29 GMT+0000 (Coordinated Universal Time),,,,,,,,,,,,,,,mailchimp_pre_2026,2025-07-26 02:36:41,,,,,,
ca2a5e9e-fb9f-46f8-858f-888261bdfcb3,,,missionridgefarms@comcast.net,,,f87d5fcecb7143a58ecea853c04bb79a,,,,,,,,true,"","",89e0b4f6-0dca-41e1-a652-9e86f7421d8a,Tue May 19 2026 06:35:50 GMT+0000 (Coordinated Universal Time),Mon May 25 2026 03:36:29 GMT+0000 (Coordinated Universal Time),,,,,or,,,,,,,,,,mailchimp_pre_2026,2019-06-30 15:58:27,,,,,,
ba51c0ec-a0be-4f13-a89c-7f2370d786fe,,,ralph.c0462@gmail.com,,,b032ff8271db4e44b3f5994fa6c005e3,,,,,,,,true,"","",89e0b4f6-0dca-41e1-a652-9e86f7421d8a,Tue May 19 2026 06:35:50 GMT+0000 (Coordinated Universal Time),Mon May 25 2026 03:36:29 GMT+0000 (Coordinated Universal Time),,,,,MO,,,,,,,,,,mailchimp_pre_2026,2020-12-22 20:47:16,,,,,,
b583dfe6-c828-4b53-81dd-11f4799ba1f4,Songchun,Jiang,scjiang@yahoo.com,,,3d74109f62cf4f16a0b81f3eca7f2048,,,,,,,,true,"","",89e0b4f6-0dca-41e1-a652-9e86f7421d8a,Tue May 19 2026 06:35:50 GMT+0000 (Coordinated Universal Time),Mon May 25 2026 03:36:29 GMT+0000 (Coordinated Universal Time),,,,,San Diego,US,,,,,,,,,stripe-pre-2026,,,,,,,
708106f4-1a52-4776-8f64-cb34a20bcee3,,,phipps749@gmail.com,,,1be5a449000649108b73a8684f350933,,,,,,,,true,"","",89e0b4f6-0dca-41e1-a652-9e86f7421d8a,Tue May 19 2026 06:35:50 GMT+0000 (Coordinated Universal Time),Mon May 25 2026 03:36:29 GMT+0000 (Coordinated Universal Time),,,,,,,,,,,,,,,mailchimp_pre_2026,2023-05-04 17:57:34,,,,,,
e9e00f8e-5857-454d-8a52-2391a9c03b66,,,jtslittleman12@gmail.com,,,de17f35dd5eb42b0b1e5032345e2b05e,,,,,,,,true,"","",89e0b4f6-0dca-41e1-a652-9e86f7421d8a,Tue May 19 2026 06:35:50 GMT+0000 (Coordinated Universal Time),Mon May 25 2026 03:36:29 GMT+0000 (Coordinated Universal Time),,,,,Kansas,US,,,,,,,,,mailchimp_pre_2026,2023-05-04 17:57:49,,,,,,
647f8520-b20e-4246-9fd7-80ca7c8cf352,Aaron,Bebee,aaron.bebee@gmail.com,,,82ebbe896fff4e23b35fc452c0d8df9f,,,,,,,,true,"","",89e0b4f6-0dca-41e1-a652-9e86f7421d8a,Tue May 19 2026 06:35:50 GMT+0000 (Coordinated Universal Time),Mon May 25 2026 03:36:29 GMT+0000 (Coordinated Universal Time),,,,,Ann Arbor,US,,,,cus_KP11sY4TyrwVbM,,,,,stripe-pre-2026,,,,,,,
ae98bfe5-60d0-4122-b488-d15adfd68205,,,olga.sharov80@gmail.com,,,63e3a1dc7eb8447094a5337e2d792c26,,,,,,,,true,"","",89e0b4f6-0dca-41e1-a652-9e86f7421d8a,Tue May 19 2026 06:35:50 GMT+0000 (Coordinated Universal Time),Mon May 25 2026 03:36:29 GMT+0000 (Coordinated Universal Time),,,,,FL,,,,,,,,,,mailchimp_pre_2026,2021-03-12 10:45:38,,,,,,
e76d8b69-5011-4e03-8d8e-5fc7acd68d0c,,,timtucker09@gmail.com,,,2e8bd6f7418a4fbd9eec39673d7c1c4f,,,,,,,,true,"","",89e0b4f6-0dca-41e1-a652-9e86f7421d8a,Tue May 19 2026 06:35:50 GMT+0000 (Coordinated Universal Time),Mon May 25 2026 03:36:29 GMT+0000 (Coordinated Universal Time),,,,,me,,,,,,,,,,mailchimp_pre_2026,2019-07-04 20:04:49,,,,,,
9d1fcd9a-8318-4759-830f-db96ce0e10f8,Michael,Hainsworth,mhains@yahoo.com,,,202ee166e7d1422cbbf2a06249403ac5,,,,,,,,true,"","",89e0b4f6-0dca-41e1-a652-9e86f7421d8a,Tue May 19 2026 06:35:50 GMT+0000 (Coordinated Universal Time),Mon May 25 2026 03:36:29 GMT+0000 (Coordinated Universal Time),,,,,Seattle,US,,,,,,,,,stripe-pre-2026,,,,,,,
3ffec41d-d409-4e79-ba1f-23246c3d4c58,,,carlawillis705@yahoo.com,,,1069a0c998e649938b52c5ecbd83b080,,,,,,,,true,"","",89e0b4f6-0dca-41e1-a652-9e86f7421d8a,Tue May 19 2026 06:35:50 GMT+0000 (Coordinated Universal Time),Mon May 25 2026 03:36:30 GMT+0000 (Coordinated Universal Time),,,,,Brookville,US,,,,,,,,,mailchimp_pre_2026,2023-05-04 17:57:46,,,,,,
4e607c82-84e7-4b60-94e2-8ee6b0755a99,,,rri86@juno.com,,,09de2404fd294b149354165eb29151f3,,,,,,,,true,"","",89e0b4f6-0dca-41e1-a652-9e86f7421d8a,Tue May 19 2026 06:35:50 GMT+0000 (Coordinated Universal Time),Mon May 25 2026 03:36:30 GMT+0000 (Coordinated Universal Time),,,,,Norristown,US,,,,,,,,,mailchimp_pre_2026,2023-05-04 17:57:35,,,,,,
83795e5c-e7a2-43f6-a496-671df4735f33,Crista,Swan,mcswans@gmail.com,,,7b1e63675eef4d1fad5f292a1ef4b6ab,,,,,,,,true,"","",89e0b4f6-0dca-41e1-a652-9e86f7421d8a,Tue May 19 2026 06:35:50 GMT+0000 (Coordinated Universal Time),Mon May 25 2026 03:36:30 GMT+0000 (Coordinated Universal Time),,,,,San Diego,US,,,,,,,,,stripe-pre-2026,,,,,,,
6c9a72ed-8aee-49e1-82ac-6c20507be1b3,,,laurence@sidev.com,,,c2f943de5a8a4d0fae40292b19bc010d,,,,,,,,true,"","",89e0b4f6-0dca-41e1-a652-9e86f7421d8a,Tue May 19 2026 06:35:50 GMT+0000 (Coordinated Universal Time),Mon May 25 2026 03:36:30 GMT+0000 (Coordinated Universal Time),,,,,qc,,,,,,,,,,mailchimp_pre_2026,2019-05-02 07:42:26,,,,,,
49651a59-fc1f-40d0-aa57-e0de30f9493f,,,adele@kofler.tv,,,7f985080b5d7445b997a2327e31db12c,,,,,,,,true,"","",89e0b4f6-0dca-41e1-a652-9e86f7421d8a,Tue May 19 2026 06:35:50 GMT+0000 (Coordinated Universal Time),Mon May 25 2026 03:36:30 GMT+0000 (Coordinated Universal Time),,,,,,,,,,,,,,,mailchimp_pre_2026,2018-02-06 13:57:36,,,,,,
dea6636b-e175-4846-a174-d4ddcb2e41d0,Marilyn,Maginniss,mjmaginniss@gmail.com,,,3ae299d1747245dc994e68675cf3fcab,,,,,,,,true,"","",89e0b4f6-0dca-41e1-a652-9e86f7421d8a,Tue May 19 2026 06:35:50 GMT+0000 (Coordinated Universal Time),Mon May 25 2026 03:36:30 GMT+0000 (Coordinated Universal Time),,,,,Groton,US,,,,cus_OAgOUDXTAA5Vzn,,,,,stripe-pre-2026,,,,,,,
86c3f085-11be-4947-8288-5b088e11981d,,,paper227@yahoo.com,,,dbfc179d7e0849d3be6b5ab1ea2888cd,,,,,,,,true,"","",89e0b4f6-0dca-41e1-a652-9e86f7421d8a,Tue May 19 2026 06:35:50 GMT+0000 (Coordinated Universal Time),Mon May 25 2026 03:36:30 GMT+0000 (Coordinated Universal Time),,,,,Barbourville,US,,,,,,,,,mailchimp_pre_2026,2023-05-04 17:57:50,,,,,,
d69f6241-13d6-4df7-a012-926dd4d2efac,,,a.r.wolfe@gmail.com,,,f107f531f9fe4a87904564908a7544b9,,,,,,,,true,"","",89e0b4f6-0dca-41e1-a652-9e86f7421d8a,Tue May 19 2026 06:35:50 GMT+0000 (Coordinated Universal Time),Mon May 25 2026 03:36:30 GMT+0000 (Coordinated Universal Time),,,,,Salt,US,,,,,,,,,mailchimp_pre_2026,2023-05-04 17:57:53,,,,,,
4219d5fe-a18c-4a6e-b9b6-bd6f4846147c,Naomi,Mulvihill,ndmmulvihill@gmail.com,,,5dc30c2d89d24cb7ac91266dfb4b983d,,,,,,,,true,"","",89e0b4f6-0dca-41e1-a652-9e86f7421d8a,Tue May 19 2026 06:35:50 GMT+0000 (Coordinated Universal Time),Mon May 25 2026 03:36:30 GMT+0000 (Coordinated Universal Time),,,,,Jamaica Plain,US,,,,cus_R95wTdGGben8zw,,,,,stripe-pre-2026,,,,,,,
705b473f-04b7-46c1-8024-53eb0c5777b2,,,krawczyk.patryk@hotmail.com,,,f36bd669f16543c8b074621ffc6ca4cb,,,,,,,,true,"","",89e0b4f6-0dca-41e1-a652-9e86f7421d8a,Tue May 19 2026 06:35:50 GMT+0000 (Coordinated Universal Time),Mon May 25 2026 03:36:30 GMT+0000 (Coordinated Universal Time),,,,,Naaldwijk,NL,,,,,,,,,mailchimp_pre_2026,2023-05-04 17:57:46,,,,,,
f681ae0a-967a-4c26-aa52-ef6a84664388,,,robert@td3.ca,,,f000a68702cd4193aff464c92462a5ad,,,,,,,,true,"","",89e0b4f6-0dca-41e1-a652-9e86f7421d8a,Tue May 19 2026 06:35:50 GMT+0000 (Coordinated Universal Time),Mon May 25 2026 03:36:30 GMT+0000 (Coordinated Universal Time),,,,,Newmarket,CA,,,,,,,,,mailchimp_pre_2026,2023-05-04 17:57:32,,,,,,
e913d302-69de-425f-9c00-fb4ed0652a8e,Laura,Orchard,orchard.laura@gmail.com,,,aa30aa63606b40119d56569b9cb751ee,,,,,,,,true,"","",89e0b4f6-0dca-41e1-a652-9e86f7421d8a,Tue May 19 2026 06:35:50 GMT+0000 (Coordinated Universal Time),Mon May 25 2026 03:36:30 GMT+0000 (Coordinated Universal Time),,,,,SANTA FE,US,,,,cus_JeYUyQEZQ39Utd,,,,,stripe-pre-2026,2021-03-26 19:06:13,,,,,,
115c27a0-b5a1-4400-bfab-999223b95adb,,,b.ledford@tcd-usa.com,,,c25164949c064bdb9b0088e0d8e96c05,,,,,,,,true,"","",89e0b4f6-0dca-41e1-a652-9e86f7421d8a,Tue May 19 2026 06:35:50 GMT+0000 (Coordinated Universal Time),Mon May 25 2026 03:36:30 GMT+0000 (Coordinated Universal Time),,,,,FL,,,,,,,,,,mailchimp_pre_2026,2019-11-02 14:27:05,,,,,,
ec3a542d-277e-4f5c-9282-37c2a1b07e80,Sarah,Gardner,strumditty@gmail.com,,,9f51b0f7690c4c23b38e47cef8efff57,,,,,,,,true,"","",89e0b4f6-0dca-41e1-a652-9e86f7421d8a,Tue May 19 2026 06:35:50 GMT+0000 (Coordinated Universal Time),Mon May 25 2026 03:36:30 GMT+0000 (Coordinated Universal Time),,,,,Bellingham,US,,,,,,,,,stripe-pre-2026,,,,,,,
5bb5fc70-2db8-4619-b738-4b8ddc236b77,Su,loh,davidthhong@gmail.com,,,bf9c49628fe3442fa4c4f788d8432bfc,,,,,,,,true,"","",89e0b4f6-0dca-41e1-a652-9e86f7421d8a,Tue May 19 2026 06:35:50 GMT+0000 (Coordinated Universal Time),Mon May 25 2026 03:36:30 GMT+0000 (Coordinated Universal Time),,,,,San Mato,US,,,,,,,,,stripe-pre-2026,,,,,,,
26063278-44f3-4910-887e-09a61f9f57be,,,mohagan@fastmail.com,,,db9fb9ca0ccb4f0cb753e40e9033101b,,,,,,,,true,"","",89e0b4f6-0dca-41e1-a652-9e86f7421d8a,Tue May 19 2026 06:35:50 GMT+0000 (Coordinated Universal Time),Mon May 25 2026 03:36:30 GMT+0000 (Coordinated Universal Time),,,,,,,,,,,,,,,mailchimp_pre_2026,2023-05-04 17:57:36,,,,,,
ad039af9-2906-4595-820d-f9d03ec3c16e,Lance,Lafave,brad@newtondistributing.com,,,ead111bec1d04ffeb0c7b615d339b477,,,,,,,,true,"","",89e0b4f6-0dca-41e1-a652-9e86f7421d8a,Tue May 19 2026 06:35:50 GMT+0000 (Coordinated Universal Time),Mon May 25 2026 03:36:30 GMT+0000 (Coordinated Universal Time),,,,,Natick,US,,,,cus_M0EuM3BYCRo06D,,,,,stripe-pre-2026,,,,,,,
064b4dc5-3cc9-4e64-8a22-e69df9e6e9f1,Dawn,Gladwin,8365nwcheer@gmail.com,,,f17af93ba1ab45dfb032a8ca829bf938,,,,,,,,true,"","",89e0b4f6-0dca-41e1-a652-9e86f7421d8a,Tue May 19 2026 06:35:50 GMT+0000 (Coordinated Universal Time),Mon May 25 2026 03:36:30 GMT+0000 (Coordinated Universal Time),,,,,Florence,US,,,,cus_PMYXrO9gZ9Z1Wd,,,,,stripe-pre-2026,,,,,,,
44540735-2148-46d5-b3a2-324391e6b22d,,,deborah.vlahov@gmail.com,,,bca3cbaf709c4a3589741ad020283bc5,,,,,,,,true,"","",89e0b4f6-0dca-41e1-a652-9e86f7421d8a,Tue May 19 2026 06:35:50 GMT+0000 (Coordinated Universal Time),Mon May 25 2026 03:36:30 GMT+0000 (Coordinated Universal Time),,,,,Punta,US,,,,,,,,,mailchimp_pre_2026,2023-05-04 17:57:47,,,,,,
f945c807-c261-4cd0-ae87-0c0a1f834b41,Theresa,Russell,tmtidd@yahoo.com,,,95aaa0e2dd104c22b65b87e6fe42d71e,,,,,,,,true,"","",89e0b4f6-0dca-41e1-a652-9e86f7421d8a,Tue May 19 2026 06:35:50 GMT+0000 (Coordinated Universal Time),Mon May 25 2026 03:36:30 GMT+0000 (Coordinated Universal Time),,,,,Fort Collins,US,,,,,,,,,stripe-pre-2026,,,,,,,
4e659812-6082-41b1-92cf-1a7884efd0a0,Mark,Ratchinsky,ratman99@gmail.com,,,cf84695fae3448398081bd8d2411e312,,,,,,,,true,"","",89e0b4f6-0dca-41e1-a652-9e86f7421d8a,Tue May 19 2026 06:35:50 GMT+0000 (Coordinated Universal Time),Mon May 25 2026 03:36:30 GMT+0000 (Coordinated Universal Time),,,,,Calgary,CA,,,,cus_KfFMTNA7Kd8NIv,,,,,stripe-pre-2026,,,,,,,
e7ca2dfb-9e15-4aca-99e0-dde5f9b61409,,,go@showhis.email,,,e859f3f6ff7949d8b61bc099ff170d95,,,,,,,,true,"","",89e0b4f6-0dca-41e1-a652-9e86f7421d8a,Tue May 19 2026 06:35:50 GMT+0000 (Coordinated Universal Time),Mon May 25 2026 03:36:30 GMT+0000 (Coordinated Universal Time),,,,,Amsterdam,NL,,,,,,,,,mailchimp_pre_2026,2023-05-04 17:57:52,,,,,,
d3e1111c-abf3-493b-9c07-dbc7776bb5b5,William,Weaver,wildbillweaver@gmail.com,,,301879bda311490aa5856b823ec693b4,,,,,,,,true,"","",89e0b4f6-0dca-41e1-a652-9e86f7421d8a,Tue May 19 2026 06:35:50 GMT+0000 (Coordinated Universal Time),Mon May 25 2026 03:36:30 GMT+0000 (Coordinated Universal Time),,,,,jersey shore,US,,,,cus_NQEBSAfyDMhKdi,,,,,stripe-pre-2026,2023-05-04 17:57:27,,,,,,
78d2dcbb-05fe-44b5-ac42-736c049dc6a4,,,richsailing@yahoo.com,,,e6309a19e37d4d7a9f4add3884751d81,,,,,,,,true,"","",89e0b4f6-0dca-41e1-a652-9e86f7421d8a,Tue May 19 2026 06:35:50 GMT+0000 (Coordinated Universal Time),Mon May 25 2026 03:36:30 GMT+0000 (Coordinated Universal Time),,,,,,,,,,,,,,,mailchimp_pre_2026,2023-05-04 17:57:30,,,,,,
3f6aa6b6-9eed-4cd9-8562-63bbf7e7e440,thomas,milan,tmilan@taxcloud.com,,,93dbf4276d6e423c8463f6def353aa44,,,,,,,,true,"","",89e0b4f6-0dca-41e1-a652-9e86f7421d8a,Tue May 19 2026 06:35:50 GMT+0000 (Coordinated Universal Time),Mon May 25 2026 03:36:30 GMT+0000 (Coordinated Universal Time),,,,,,,,,,cus_OFU0z4twPKZzpA,,,,,stripe-pre-2026,,,,,,,
93fa6e0f-f5a8-4c14-bcfc-c938242554d4,Ron,Dean,rdean4@gmail.com,,,acf54cca540d4b5d987b763082819b8c,,,,,,,,true,"","",89e0b4f6-0dca-41e1-a652-9e86f7421d8a,Tue May 19 2026 06:35:50 GMT+0000 (Coordinated Universal Time),Mon May 25 2026 03:36:30 GMT+0000 (Coordinated Universal Time),,,,,Chicago,US,,,,cus_LF1Aricpfsem1l,,,,,stripe-pre-2026,2023-05-04 17:57:37,,,,,,
09351467-5905-4aa0-84b6-41e410944914,,,brian.jennings330@gmail.com,,,d4f6b1206bbf4ef982ea529c17613239,,,,,,,,true,"","",89e0b4f6-0dca-41e1-a652-9e86f7421d8a,Tue May 19 2026 06:35:50 GMT+0000 (Coordinated Universal Time),Mon May 25 2026 03:36:30 GMT+0000 (Coordinated Universal Time),,,,,CA,,,,,,,,,,mailchimp_pre_2026,2019-10-30 18:59:09,,,,,,
e60416f2-a2c9-44af-ba1d-5dde21bfd453,Bill,Brown,bill_br99@hotmail.com,,,1bc0c1f4f22a4a7bb89a2225292be7a3,,,,,,,,true,"","",89e0b4f6-0dca-41e1-a652-9e86f7421d8a,Tue May 19 2026 06:35:50 GMT+0000 (Coordinated Universal Time),Mon May 25 2026 03:36:30 GMT+0000 (Coordinated Universal Time),,,,,Port Moody,CA,,,,,,,,,stripe-pre-2026,,,,,,,
72ff9084-ce20-4c4c-a65f-d61882b92455,,,parseki617@gmail.com,,,75bbd84be84c4506b93fe266b670b4f0,,,,,,,,true,"","",89e0b4f6-0dca-41e1-a652-9e86f7421d8a,Tue May 19 2026 06:35:50 GMT+0000 (Coordinated Universal Time),Mon May 25 2026 03:36:30 GMT+0000 (Coordinated Universal Time),,,,,MA,,,,,,,,,,mailchimp_pre_2026,2021-03-14 22:42:35,,,,,,
96972db2-782e-49b1-835d-70cae7b9f722,,,hanna.weiland@yahoo.com,,,18ca0449f8d64fcbb6050d49ecce2905,,,,,,,,true,"","",89e0b4f6-0dca-41e1-a652-9e86f7421d8a,Tue May 19 2026 06:35:50 GMT+0000 (Coordinated Universal Time),Mon May 25 2026 03:36:30 GMT+0000 (Coordinated Universal Time),,,,,Dallas,US,,,,,,,,,mailchimp_pre_2026,2023-05-04 17:57:44,,,,,,
5be5522c-9da2-447c-976a-eb1e699cf4db,Jan,Baudendistel,janbaudendistel20@gmail.com,,,c9bd6437b7ea4010ad3d59fa41922e08,,,,,,,,true,"","",89e0b4f6-0dca-41e1-a652-9e86f7421d8a,Tue May 19 2026 06:35:50 GMT+0000 (Coordinated Universal Time),Mon May 25 2026 03:36:31 GMT+0000 (Coordinated Universal Time),,,,,Pelham,US,,,,cus_NxzoaIMkAV6Ts1,,,,,stripe-pre-2026,,,,,,,
8a995fb1-c150-4d51-bc99-dd6c2d6b92b0,,,tiimrr@gmail.com,,,977e45b3ccb749be8c293c00cd7eb6d7,,,,,,,,true,"","",89e0b4f6-0dca-41e1-a652-9e86f7421d8a,Tue May 19 2026 06:35:50 GMT+0000 (Coordinated Universal Time),Mon May 25 2026 03:36:31 GMT+0000 (Coordinated Universal Time),,,,,Bristol,GB,,,,,,,,,mailchimp_pre_2026,2023-05-04 17:57:52,,,,,,
0fa7de9e-cf12-423d-b805-ed8645826e5f,Debra,Henderson Morgan,debhmorgan@icloud.com,,,ffb04ca518c04ec0b1342d91fb48cca7,,,,,,,,true,"","",89e0b4f6-0dca-41e1-a652-9e86f7421d8a,Tue May 19 2026 06:35:50 GMT+0000 (Coordinated Universal Time),Mon May 25 2026 03:36:31 GMT+0000 (Coordinated Universal Time),,,,,Addison,US,,,,,,,,,stripe-pre-2026,,,,,,,
9299f9ac-9ae7-4d14-addf-9f590f181ace,tlwoody@mindspring.com,,tlwoody@mindspring.com,,,8f4cd263905a4fab8a35c33300975427,,,,,,,,true,"","",89e0b4f6-0dca-41e1-a652-9e86f7421d8a,Tue May 19 2026 06:35:50 GMT+0000 (Coordinated Universal Time),Mon May 25 2026 03:36:31 GMT+0000 (Coordinated Universal Time),,,,,,US,,,,,,,,,stripe-pre-2026,,,,,,,
5c0c235c-7b20-4226-a281-5e6b01621d14,,,mark@seethewhizard.com,,,07646092785e43b5812bb3421349f340,,,,,,,,true,"","",89e0b4f6-0dca-41e1-a652-9e86f7421d8a,Tue May 19 2026 06:35:50 GMT+0000 (Coordinated Universal Time),Mon May 25 2026 03:36:31 GMT+0000 (Coordinated Universal Time),,,,,,,,,,,,,,,mailchimp_pre_2026,2023-05-04 17:57:27,,,,,,
d005143d-48df-4a36-84b2-8a3c21af2077,Gerry,Volm,gnjvolm@gmail.com,,,f69d29c59b0f4e408952a5ec046af4a1,,,,,,,,true,"","",89e0b4f6-0dca-41e1-a652-9e86f7421d8a,Tue May 19 2026 06:35:50 GMT+0000 (Coordinated Universal Time),Mon May 25 2026 03:36:31 GMT+0000 (Coordinated Universal Time),,,,,Harleysville,US,,,,cus_PMSlgOQImXH1FA,,,,,stripe-pre-2026,,,,,,,
95fd1f10-0b9a-4067-8d11-d10abd5cea83,Craig,Abraham,585corsa@gmail.com,,,a3ebd2fba34b4c11a584c0d5a326b49a,,,,,,,,true,"","",89e0b4f6-0dca-41e1-a652-9e86f7421d8a,Tue May 19 2026 06:35:50 GMT+0000 (Coordinated Universal Time),Mon May 25 2026 03:36:31 GMT+0000 (Coordinated Universal Time),,,,,Mesa,US,,,,cus_QhloyhWXxwt0CU,,,,,stripe-pre-2026,,,,,,,
875cfdd6-c027-4864-9df1-6996c14a5abe,,,gc5432@yahoo.com,,,bd104c27f2044086b1a59d9e807ec2eb,,,,,,,,true,"","",89e0b4f6-0dca-41e1-a652-9e86f7421d8a,Tue May 19 2026 06:35:50 GMT+0000 (Coordinated Universal Time),Mon May 25 2026 03:36:31 GMT+0000 (Coordinated Universal Time),,,,,CO,,,,,,,,,,mailchimp_pre_2026,2021-02-28 21:56:21,,,,,,
3d63eb47-dbb3-4217-8942-c215451ae1d0,Patricia, Dempsey,pdempsey@pittsfield.net,,,3f933fdaac9f479d8989c7560e82317b,,,,,,,,true,"","",89e0b4f6-0dca-41e1-a652-9e86f7421d8a,Tue May 19 2026 06:35:50 GMT+0000 (Coordinated Universal Time),Mon May 25 2026 03:36:31 GMT+0000 (Coordinated Universal Time),,,,,Pittsfield,US,,,,cus_RuGQkgGjX35M2n,,,,,stripe-pre-2026,,,,,,,
a3911a54-a034-47d9-9f9c-631ab338e522,Heather,L Grilley,heather.grilley@icloud.com,,,3367b2bf7b0b4767886f2bcf53151d49,,,,,,,,true,"","",89e0b4f6-0dca-41e1-a652-9e86f7421d8a,Tue May 19 2026 06:35:50 GMT+0000 (Coordinated Universal Time),Mon May 25 2026 03:36:31 GMT+0000 (Coordinated Universal Time),,,,,Indianapolis,US,,,,cus_OAqu6wnTJxnG3Y,,,,,stripe-pre-2026,,,,,,,
f99c9a90-1d22-4573-b76f-fde192e44ad3,,,nivrag47@yahoo.com,,,e7b72c25922c4b3bb5711508a26b0315,,,,,,,,true,"","",89e0b4f6-0dca-41e1-a652-9e86f7421d8a,Tue May 19 2026 06:35:50 GMT+0000 (Coordinated Universal Time),Mon May 25 2026 03:36:31 GMT+0000 (Coordinated Universal Time),,,,,,,,,,,,,,,mailchimp_pre_2026,2019-05-17 11:32:36,,,,,,
f29d384a-5af4-410b-a786-59a81b530882,Erik,Lobeck,elobeck@workshopl.com,,,61b20a76309347228da0e16b4b1a7e99,,,,,,,,true,"","",89e0b4f6-0dca-41e1-a652-9e86f7421d8a,Tue May 19 2026 06:35:50 GMT+0000 (Coordinated Universal Time),Mon May 25 2026 03:36:31 GMT+0000 (Coordinated Universal Time),,,,,STEAMBOAT SPRINGS,US,,,,cus_R7bvl3YNWKDA2A,,,,,stripe-pre-2026,,,,,,,
357835dd-4b8a-437b-80f1-a1de15d296f3,Pamela,Lake,latergatorlake@gmail.com,,,783f20e0c65f4a1b85a702d9c2681561,,,,,,,,true,"","",89e0b4f6-0dca-41e1-a652-9e86f7421d8a,Tue May 19 2026 06:35:50 GMT+0000 (Coordinated Universal Time),Mon May 25 2026 03:36:31 GMT+0000 (Coordinated Universal Time),,,,,STEVENS POINT,US,,,,cus_LAV8LdZr8Xb4nz,,,,,stripe-pre-2026,2023-05-04 17:57:36,,,,,,
5110a4f6-ace1-4381-9a35-7cb7c93c46f7,,,borgescrogan2727@outlook.com,,,bab6b53dc88d4f28a07d7da827c149b7,,,,,,,,true,"","",89e0b4f6-0dca-41e1-a652-9e86f7421d8a,Tue May 19 2026 06:35:50 GMT+0000 (Coordinated Universal Time),Mon May 25 2026 03:36:31 GMT+0000 (Coordinated Universal Time),,,,,,,,,,,,,,,mailchimp_pre_2026,2023-05-04 17:57:33,,,,,,
19424f00-44b3-440d-91f4-7be4255c9ad9,,,whagge@gmail.com,,,dc76b50c0c8f47b180eaca3184e36286,,,,,,,,true,"","",89e0b4f6-0dca-41e1-a652-9e86f7421d8a,Tue May 19 2026 06:35:50 GMT+0000 (Coordinated Universal Time),Mon May 25 2026 03:36:31 GMT+0000 (Coordinated Universal Time),,,,,CA,,,,,,,,,,mailchimp_pre_2026,2020-06-15 13:46:05,,,,,,
1d1539ab-c8b2-41ca-bba7-9d7983083b94,Phillip,Janse van Vuuren,phillipjvan@gmail.com,,,7d8faa65b64d48549ca6fd554f5dcf7f,,,,,,,,true,"","",89e0b4f6-0dca-41e1-a652-9e86f7421d8a,Tue May 19 2026 06:35:50 GMT+0000 (Coordinated Universal Time),Mon May 25 2026 03:36:31 GMT+0000 (Coordinated Universal Time),,,,,Brandon,CA,,,,cus_PTQCodYj3RN6ZZ,,,,,stripe-pre-2026,,,,,,,
7db7e237-665b-43a3-ad5c-07f7b8efb046,,,linda.purplerain@gmail.com,,,81af65fc576242ff8f6c4ed9675c3955,,,,,,,,true,"","",89e0b4f6-0dca-41e1-a652-9e86f7421d8a,Tue May 19 2026 06:35:50 GMT+0000 (Coordinated Universal Time),Mon May 25 2026 03:36:31 GMT+0000 (Coordinated Universal Time),,,,,COLORADO,US,,,,,,,,,mailchimp_pre_2026,2023-05-04 17:57:36,,,,,,
a003a8ec-6503-44cc-a206-2e6e7da62fcb,,,aviator_94@msn.com,,,f8c9b9ffacd14f56a0cd263fa4f0cb6e,,,,,,,,true,"","",89e0b4f6-0dca-41e1-a652-9e86f7421d8a,Tue May 19 2026 06:35:50 GMT+0000 (Coordinated Universal Time),Mon May 25 2026 03:36:31 GMT+0000 (Coordinated Universal Time),,,,,,,,,,,,,,,mailchimp_pre_2026,2023-05-04 17:57:48,,,,,,
75eed29c-4066-4fda-9206-10364be6493e,Joseph,Winkler,joefox19@hotmail.com,,,f3e28e2984824cb88b889911a44c31bd,,,,,,,,true,"","",89e0b4f6-0dca-41e1-a652-9e86f7421d8a,Tue May 19 2026 06:35:50 GMT+0000 (Coordinated Universal Time),Mon May 25 2026 03:36:31 GMT+0000 (Coordinated Universal Time),,,,,Atlanta,US,,,,cus_J23arSBXLrvYg3,,,,,stripe-pre-2026,,,,,,,
779886b6-26b0-499a-b8c7-cf37e333a789,,,wbatkiewicz@comcast.net,,,f94669a960eb4b8b836827ad1dea315b,,,,,,,,true,"","",89e0b4f6-0dca-41e1-a652-9e86f7421d8a,Tue May 19 2026 06:35:50 GMT+0000 (Coordinated Universal Time),Mon May 25 2026 03:36:31 GMT+0000 (Coordinated Universal Time),,,,,Mokena,US,,,,,,,,,mailchimp_pre_2026,2023-05-04 17:57:53,,,,,,
09d4ac91-a545-4a51-bd72-d0457b2439b5,,,kahners@msn.com,,,04d0ff4366fb4bfda264979d493aec5e,,,,,,,,true,"","",89e0b4f6-0dca-41e1-a652-9e86f7421d8a,Tue May 19 2026 06:35:50 GMT+0000 (Coordinated Universal Time),Mon May 25 2026 03:36:31 GMT+0000 (Coordinated Universal Time),,,,,or,,,,,,,,,,mailchimp_pre_2026,2019-06-07 00:42:06,,,,,,
041e7254-1cd6-4f59-b765-4cfd07c5d279,Kiana,Hall,watsonkiana@gmail.com,,,d0ea3f45e8214df2919695c20c9eef2a,,,,,,,,true,"","",89e0b4f6-0dca-41e1-a652-9e86f7421d8a,Tue May 19 2026 06:35:50 GMT+0000 (Coordinated Universal Time),Mon May 25 2026 03:36:31 GMT+0000 (Coordinated Universal Time),,,,,,,,,,cus_OqpZ5pPEsj5Dwr,,,,,stripe-pre-2026,,,,,,,
13516d74-0352-4aba-87a9-4484ea4f911d,,,ebozickovich@yahoo.com,,,1bab59b9b5d14388a5aa7ed577cfd69a,,,,,,,,true,"","",89e0b4f6-0dca-41e1-a652-9e86f7421d8a,Tue May 19 2026 06:35:50 GMT+0000 (Coordinated Universal Time),Mon May 25 2026 03:36:31 GMT+0000 (Coordinated Universal Time),,,,,,,,,,,,,,,mailchimp_pre_2026,2023-05-04 17:57:27,,,,,,
a7e6ac47-5a74-47c9-8419-587647a2cb7e,,,sdoliver05@gmail.com,,,0a2ff71fdfe14216aa83efbf0136536d,,,,,,,,true,"","",89e0b4f6-0dca-41e1-a652-9e86f7421d8a,Tue May 19 2026 06:35:50 GMT+0000 (Coordinated Universal Time),Mon May 25 2026 03:36:31 GMT+0000 (Coordinated Universal Time),,,,,Florence,US,,,,,,,,,mailchimp_pre_2026,2023-05-04 17:57:44,,,,,,
bd6eeefc-c19e-4c1c-9cdf-2b0c3f9f3068,Jessica,L Kocak,jess.kocak@gmail.com,,,def6492824494a1f98c286d5eb70e92d,,,,,,,,true,"","",89e0b4f6-0dca-41e1-a652-9e86f7421d8a,Tue May 19 2026 06:35:50 GMT+0000 (Coordinated Universal Time),Mon May 25 2026 03:36:31 GMT+0000 (Coordinated Universal Time),,,,,Minneapolis,US,,,,,,,,,stripe-pre-2026,,,,,,,
f1f1d1d1-4950-4e8e-8a66-8147abdbb037,,,dulans@gmail.com,,,191f5c4c7d88414c971ab6e6b7ab54b3,,,,,,,,true,"","",89e0b4f6-0dca-41e1-a652-9e86f7421d8a,Tue May 19 2026 06:35:50 GMT+0000 (Coordinated Universal Time),Mon May 25 2026 03:36:31 GMT+0000 (Coordinated Universal Time),,,,,,,,,,,,,,,mailchimp_pre_2026,2019-05-17 11:32:45,,,,,,
9dad4e54-9f52-476f-96c4-1a0b2e1d81eb,,,suzydodds@gamail.com,,,b89d1acc8d1e4987b22208b35f325da9,,,,,,,,true,"","",89e0b4f6-0dca-41e1-a652-9e86f7421d8a,Tue May 19 2026 06:35:50 GMT+0000 (Coordinated Universal Time),Mon May 25 2026 03:36:31 GMT+0000 (Coordinated Universal Time),,,,,Stockton,US,,,,,,,,,mailchimp_pre_2026,2023-05-04 17:57:48,,,,,,
620fa8c3-afda-4c86-be07-6a6820b16632,,,highranks4ursite@gmail.com,,,d6a7b1edb48144aeb692d408050843fb,,,,,,,,true,"","",89e0b4f6-0dca-41e1-a652-9e86f7421d8a,Tue May 19 2026 06:35:50 GMT+0000 (Coordinated Universal Time),Mon May 25 2026 03:36:31 GMT+0000 (Coordinated Universal Time),,,,,,,,,,,,,,,mailchimp_pre_2026,2023-05-04 17:57:46,,,,,,
bff968b0-5dd0-4324-bf40-30873cdf5fd5,,,pcurran43@aol.com,,,803ec9956e514a73a7f04d49dfe8c1cb,,,,,,,,true,"","",89e0b4f6-0dca-41e1-a652-9e86f7421d8a,Tue May 19 2026 06:35:50 GMT+0000 (Coordinated Universal Time),Mon May 25 2026 03:36:31 GMT+0000 (Coordinated Universal Time),,,,,,,,,,,,,,,mailchimp_pre_2026,2019-05-17 11:32:30,,,,,,
bf23da46-3688-4a0f-8b97-08365ac073ae,jil,wolodarsky,brushworks_painting@hotmail.com,,,a7e267fd73294665a61704cb1927849e,,,,,,,,true,"","",89e0b4f6-0dca-41e1-a652-9e86f7421d8a,Tue May 19 2026 06:35:50 GMT+0000 (Coordinated Universal Time),Mon May 25 2026 03:36:31 GMT+0000 (Coordinated Universal Time),,,,,INVERMERE,CA,,,,,,,,,stripe-pre-2026,,,,,,,
eeb66902-4d9c-47a5-9df0-e4b6fec8b710,,,ROBERT13144@GMAIL.COM,,,a455f0ad7a5f4995b7fd915b3a499523,,,,,,,,true,"","",89e0b4f6-0dca-41e1-a652-9e86f7421d8a,Tue May 19 2026 06:35:50 GMT+0000 (Coordinated Universal Time),Mon May 25 2026 03:36:31 GMT+0000 (Coordinated Universal Time),,,,,,,,,,,,,,,mailchimp_pre_2026,2019-05-17 11:32:35,,,,,,
b60d09a2-8035-4b8c-b6c3-23a9a7e62498,Tom,Rediske,jill.rediske@gmail.com,,,a5492b4753b7492a9f3ec655b397b602,,,,,,,,true,"","",89e0b4f6-0dca-41e1-a652-9e86f7421d8a,Tue May 19 2026 06:35:50 GMT+0000 (Coordinated Universal Time),Mon May 25 2026 03:36:31 GMT+0000 (Coordinated Universal Time),,,,,Dandridge,US,,,,cus_LCmvFcVOugYhRI,,,,,stripe-pre-2026,2023-05-04 17:57:35,,,,,,
9357825e-cd91-428d-bf6c-94fd34d6c543,Michael,Carroll,mcarroll@kw.com,,,9b7c6bb4fd954b24b1f867dbc092ab1b,,,,,,,,true,"","",89e0b4f6-0dca-41e1-a652-9e86f7421d8a,Tue May 19 2026 06:35:50 GMT+0000 (Coordinated Universal Time),Mon May 25 2026 03:36:32 GMT+0000 (Coordinated Universal Time),,,,,GLOUCESTER,US,,,,cus_LCLoqyq2EexQ1J,,,,,stripe-pre-2026,2023-05-04 17:57:35,,,,,,
297116f3-661b-4967-8cac-e8f4316b5c4d,,,marvie227@gmail.com,,,a0064ccd6bfc4bfabb95a65d2a7df113,,,,,,,,true,"","",89e0b4f6-0dca-41e1-a652-9e86f7421d8a,Tue May 19 2026 06:35:50 GMT+0000 (Coordinated Universal Time),Mon May 25 2026 03:36:32 GMT+0000 (Coordinated Universal Time),,,,,,,,,,,,,,,mailchimp_pre_2026,2023-05-04 17:57:33,,,,,,
2872e28a-248d-4d34-8aee-eda194d77784,,,rking9314@gmail.com,,,4037dbb61cc842e3bde80a550022be78,,,,,,,,true,"","",89e0b4f6-0dca-41e1-a652-9e86f7421d8a,Tue May 19 2026 06:35:50 GMT+0000 (Coordinated Universal Time),Mon May 25 2026 03:36:32 GMT+0000 (Coordinated Universal Time),,,,,Powell,US,,,,,,,,,mailchimp_pre_2026,2023-05-04 17:57:51,,,,,,
6d8fff9d-54bf-40e7-8100-04982453a613,,,riverrock383@gmail.com,,,abf8b0ae0e724669baf7b32b762da98f,,,,,,,,true,"","",89e0b4f6-0dca-41e1-a652-9e86f7421d8a,Tue May 19 2026 06:35:50 GMT+0000 (Coordinated Universal Time),Mon May 25 2026 03:36:32 GMT+0000 (Coordinated Universal Time),,,,,,,,,,,,,,,mailchimp_pre_2026,2025-07-26 02:36:42,,,,,,
5f62f1c7-7cb2-4163-8641-6b15370ab97e,Dolora,Koontz,grkdmk@aol.com,,,7251cf7d18f6474181b3c099d914d971,,,,,,,,true,"","",89e0b4f6-0dca-41e1-a652-9e86f7421d8a,Tue May 19 2026 06:35:50 GMT+0000 (Coordinated Universal Time),Mon May 25 2026 03:36:32 GMT+0000 (Coordinated Universal Time),,,,,Fort Collins,US,,,,cus_KWq2ld9Qyx5FT2,,,,,stripe-pre-2026,,,,,,,
40b11494-1b19-4ba8-b362-422af86d2ff3,Amy,Wigginton,amy_wig@yahoo.com,,,a5e564f1eeeb4445aabcf38e828683ba,,,,,,,,true,"","",89e0b4f6-0dca-41e1-a652-9e86f7421d8a,Tue May 19 2026 06:35:50 GMT+0000 (Coordinated Universal Time),Mon May 25 2026 03:36:32 GMT+0000 (Coordinated Universal Time),,,,,Denver,US,,,,,,,,,stripe-pre-2026,,,,,,,
64247084-9872-4b35-aff8-5564bd98b921,Lori,Bassman,kprivat123@gmail.com,,,a4418f3445024bccaacc22d3b7dc0e08,,,,,,,,true,"","",89e0b4f6-0dca-41e1-a652-9e86f7421d8a,Tue May 19 2026 06:35:50 GMT+0000 (Coordinated Universal Time),Mon May 25 2026 03:36:21 GMT+0000 (Coordinated Universal Time),,,,,Claremont,US,,,,cus_UOhrTYdq5vamCi,2026-04-25T00:55:15.821Z,2026-04-25T00:55:15.821Z,REDB-2003,1,stripe,,,,false,,,
350fa287-17e3-422f-9c93-980aef1f094f,,,joaneschwartz@gmail.com,,,5724034b87484c6b9a8eb96ce062de99,,,,,,,,true,"","",89e0b4f6-0dca-41e1-a652-9e86f7421d8a,Tue May 19 2026 06:35:50 GMT+0000 (Coordinated Universal Time),Mon May 25 2026 03:36:21 GMT+0000 (Coordinated Universal Time),,,,,,,,,,,,,,,netlify,,,,,,,
419c5d07-a5d3-4a4a-82a1-dcf8fbce359b,Ance,Bartkeviča,abartkevica14@gmail.com,,,f030fb97728946c6a462531dc981c3a3,,,,,,,,true,"","",89e0b4f6-0dca-41e1-a652-9e86f7421d8a,Tue May 19 2026 06:35:50 GMT+0000 (Coordinated Universal Time),Mon May 25 2026 03:36:21 GMT+0000 (Coordinated Universal Time),,,,,Riga,LV,,,,cus_UI7GLagWS3BONg,,,,,stripe,,,,true,,,
e28ed940-9aaa-4043-9934-da7e42b5e2e6,,,andyanderson822@mail.com,,,deb311981b3b4558976218517be13dc7,,,,,,,,true,"","",89e0b4f6-0dca-41e1-a652-9e86f7421d8a,Tue May 19 2026 06:35:50 GMT+0000 (Coordinated Universal Time),Mon May 25 2026 03:36:21 GMT+0000 (Coordinated Universal Time),,,,,,,,,,,,,,,netlify,,,,,,,
593ea101-adf3-4a73-bdf5-572915fb1999,,,wcbathgate@yahoo.com,,,1d11e24fe36e434380a55b4d74febcd7,,,,,,,,true,"","",89e0b4f6-0dca-41e1-a652-9e86f7421d8a,Tue May 19 2026 06:35:50 GMT+0000 (Coordinated Universal Time),Mon May 25 2026 03:36:21 GMT+0000 (Coordinated Universal Time),,,,,,,,,,,,,,,netlify,,,,,,,
4aa3fe08-1a49-41cd-b833-04a22762f727,David,G,email@redblockindustries.com,,,968950094bde462286337ef43284eeee,,,,,,,,true,"","",89e0b4f6-0dca-41e1-a652-9e86f7421d8a,Tue May 19 2026 06:35:50 GMT+0000 (Coordinated Universal Time),Thu Jun 18 2026 01:41:38 GMT+0000 (Coordinated Universal Time),89e0b4f6-0dca-41e1-a652-9e86f7421d8a,,,,Bellingham,US,,,,cus_TqxV0Xg6oyFdqH,2026-01-29T05:42:48.106Z,2026-06-18T01:41:24.972Z,REDB-2009,3,stripe,2023-05-04 17:57:31,,,false,,,
eda76e9e-4c16-46f5-a777-eaf77ac126f7,David,Richmond,david@heartofthehomedb.com,,,eb797df62eb3470989867d8bab57ece9,,,,,,,,true,"","",89e0b4f6-0dca-41e1-a652-9e86f7421d8a,Tue May 19 2026 06:35:50 GMT+0000 (Coordinated Universal Time),Mon May 25 2026 03:36:21 GMT+0000 (Coordinated Universal Time),,,,,Winchester,US,,,,cus_UAHgi3ln9Cb42v,2026-03-17T12:55:15.615Z,2026-03-17T12:55:15.615Z,REDB-2000,1,stripe,,,20,false,,,
d6784aaf-d12b-49a5-9c03-d0821de77fb3,Mark,Wright,mkrlzwright@gmail.com,,,814604f4e2bf4bf69e1ca723c8cc6486,,,,,,,,true,"","",89e0b4f6-0dca-41e1-a652-9e86f7421d8a,Tue May 19 2026 06:35:50 GMT+0000 (Coordinated Universal Time),Mon May 25 2026 03:36:22 GMT+0000 (Coordinated Universal Time),,,,,Georgetown,US,,,,cus_U9w1FMaSAZvMHy,,,,,stripe,,,,true,,,
813c06e9-833b-4d33-b2f1-6e7652a5bcf0,Shaun,Duron,accounting@dtenspecialties.com,,,2383b0e02d9f484788db59e7ca6625ba,,,,,,,,true,"","",89e0b4f6-0dca-41e1-a652-9e86f7421d8a,Tue May 19 2026 06:35:50 GMT+0000 (Coordinated Universal Time),Mon May 25 2026 03:36:22 GMT+0000 (Coordinated Universal Time),,,,,Irving,US,,,,cus_U8CPKChDaglDUS,,,,,stripe,,false,20,,,,
940f861f-b9d2-4618-b6bd-0d3416eab8d1,Vignesh,Akula,vakula@dtenspecialties.com,,,530fd5cd51b648459b6c696ab71f16c6,,,,,,,,true,"","",89e0b4f6-0dca-41e1-a652-9e86f7421d8a,Tue May 19 2026 06:35:50 GMT+0000 (Coordinated Universal Time),Mon May 25 2026 03:36:22 GMT+0000 (Coordinated Universal Time),,,,,Irving,US,,,,cus_U5XNQb0n0mcd5O,,,,,,,,,true,,,
106d2d56-879b-4d62-9c76-dfa3de961773,Bill,Beeners,mrbill@vanpcrepair.com,,,0a55a8918e3b4a52a6d5e31fe49f409d,,,,,,,,true,"","",89e0b4f6-0dca-41e1-a652-9e86f7421d8a,Tue May 19 2026 06:35:50 GMT+0000 (Coordinated Universal Time),Mon May 25 2026 03:36:22 GMT+0000 (Coordinated Universal Time),,,,,Los Angeles,US,,,,cus_U8UAaVq3MS7xj2,,,,,stripe,2023-05-04 17:57:27,,,true,,,
3ca4e424-754b-463e-a5d9-c5d4ed0df70a,Test,test,test@example.com,,,XYZ Company,,,,,,,,true,"","",89e0b4f6-0dca-41e1-a652-9e86f7421d8a,Tue May 19 2026 06:35:50 GMT+0000 (Coordinated Universal Time),Fri Jun 12 2026 13:31:38 GMT+0000 (Coordinated Universal Time),89e0b4f6-0dca-41e1-a652-9e86f7421d8a,,,,,,,,,cus_Ugsi2IP7CDbprZ,,,,,stripe,,true,,false,,,
40b0b4dc-6ac0-48b4-9e54-f73d880218e4,David,Malagy,malagy@malagy.com,,,48ff9192e76745d88d79f1877acebb8b,,,,,,,,true,"","",89e0b4f6-0dca-41e1-a652-9e86f7421d8a,Tue May 19 2026 06:35:50 GMT+0000 (Coordinated Universal Time),Mon May 25 2026 03:36:22 GMT+0000 (Coordinated Universal Time),,,,,Bellingham,US,,,,cus_U6I8WsMfO4ttj9,,,,,netlify,,,,false,,,
71f5d2d7-1c4d-4c70-b06b-c45f6b4ce7e6,Matt,Robson,mjrobson85@gmail.com,,,f9d9fbd9280f4bcc966aa661b7d87837,,,,,,,,true,"","",89e0b4f6-0dca-41e1-a652-9e86f7421d8a,Tue May 19 2026 06:35:50 GMT+0000 (Coordinated Universal Time),Mon May 25 2026 03:36:22 GMT+0000 (Coordinated Universal Time),,,,,Charlotte,US,,,,cus_TukdRh7wW5MK1T,,,,,stripe-pre-2026,,,,true,,,
9b2ceee8-3c24-476d-8926-6025212b3213,,,billy.blogs@blogs.com,,,5dafb72d182e4a4285f2260141dda61f,,,,,,,,true,"","",89e0b4f6-0dca-41e1-a652-9e86f7421d8a,Tue May 19 2026 06:35:50 GMT+0000 (Coordinated Universal Time),Mon May 25 2026 03:36:22 GMT+0000 (Coordinated Universal Time),,,,,,,,,,cus_U2Bf18Km2JWv1d,,,,,netlify,,,50,,,,
880e0b1a-34b4-4935-abfd-b3ef971f66e7,Unique,Test User,unique-test-1772150418@example.com,,,e8795d7fe36949eba5d2bf86ca3d79ac,,,,,,,,true,"","",89e0b4f6-0dca-41e1-a652-9e86f7421d8a,Tue May 19 2026 06:35:50 GMT+0000 (Coordinated Universal Time),Mon May 25 2026 03:36:22 GMT+0000 (Coordinated Universal Time),,,,,,,,,,,,,,,netlify,,,,,,,
15e726d9-b183-476e-a5fe-331f47b85a27,Dawn,Belajack,belasunshine623@yahoo.com,,,4ffea474bd4042258a45d23af315c553,,,,,,,,true,"","",89e0b4f6-0dca-41e1-a652-9e86f7421d8a,Tue May 19 2026 06:35:50 GMT+0000 (Coordinated Universal Time),Mon May 25 2026 03:36:22 GMT+0000 (Coordinated Universal Time),,,,,Oakland Park,US,,,,"cus_NjnXjwsB6M2jAe,cus_Nbwe1cGJJlx6u2",,,,,stripe-pre-2026,2023-05-04 17:57:26,,,,,,
4efdb09c-8503-4caf-a57a-c922bdf036db,Andrew,Tuttle,tut949@gmail.com,,,06597a87f55e4b828bc1330a90f24337,,,,,,,,true,"","",89e0b4f6-0dca-41e1-a652-9e86f7421d8a,Tue May 19 2026 06:35:50 GMT+0000 (Coordinated Universal Time),Mon May 25 2026 03:36:22 GMT+0000 (Coordinated Universal Time),,,,,Bragg Creek,CA,,,,,,,,,stripe-pre-2026,,,,,,,
05c82532-1859-4234-bae2-caea93323d53,,,spc2w@aol.com,,,5360e8e739514e17aa643f11d0ea9890,,,,,,,,true,"","",89e0b4f6-0dca-41e1-a652-9e86f7421d8a,Tue May 19 2026 06:35:50 GMT+0000 (Coordinated Universal Time),Mon May 25 2026 03:36:22 GMT+0000 (Coordinated Universal Time),,,,,,,,,,,,,,,mailchimp_pre_2026,2025-07-26 02:36:41,,,,,,
936208c1-8a1a-4919-9e4a-d0478a877e65,Elaine,Woodams,ecwoodams@gmail.com,,,ccb5376bba2b458583fc1ef5571660bc,,,,,,,,true,"","",89e0b4f6-0dca-41e1-a652-9e86f7421d8a,Tue May 19 2026 06:35:50 GMT+0000 (Coordinated Universal Time),Mon May 25 2026 03:36:22 GMT+0000 (Coordinated Universal Time),,,,,Torrington,US,,,,cus_KqnubYT9w5XQGc,,,,,stripe-pre-2026,2023-05-04 17:57:47,,,,,,
e89f5091-69b9-46bb-bd94-595cb4fe8dc5,,,robert@selectcapital.xyz,,,372fca431c9944a69a67c0ef94dc7f83,,,,,,,,true,"","",89e0b4f6-0dca-41e1-a652-9e86f7421d8a,Tue May 19 2026 06:35:50 GMT+0000 (Coordinated Universal Time),Mon May 25 2026 03:36:22 GMT+0000 (Coordinated Universal Time),,,,,Miami,US,,,,,,,,,mailchimp_pre_2026,2023-05-04 17:57:45,,,,,,
f67605d5-b9be-431b-ac21-9ef39d555770,Jacki,walno,jacki@cheyennetile.com,,,0ea73557c0c14e7682dba62a0b30ed51,,,,,,,,true,"","",89e0b4f6-0dca-41e1-a652-9e86f7421d8a,Tue May 19 2026 06:35:50 GMT+0000 (Coordinated Universal Time),Mon May 25 2026 03:36:22 GMT+0000 (Coordinated Universal Time),,,,,,,,,,cus_IkfnMTSawIjJJY,,,,,stripe-pre-2026,2023-05-04 17:58:01,,,,,,
0abe2101-7523-410b-9391-5f8db995f823,Vincent,Okada,vinnie@mrvinn.com,,,bb63825335354977824b2caf62462f39,,,,,,,,true,"","",89e0b4f6-0dca-41e1-a652-9e86f7421d8a,Tue May 19 2026 06:35:50 GMT+0000 (Coordinated Universal Time),Mon May 25 2026 03:36:22 GMT+0000 (Coordinated Universal Time),,,,,Salida,US,,,,"cus_RiG5aek6yiCZcT,cus_Q154H7fEwC7SKB",,,,,stripe-pre-2026,,,,,,,
1008c0bc-7180-4adc-9cc9-7c06e69b3f12,,,craigb@pobox.com,,,a8f35322bc6340799639205d17d8bde1,,,,,,,,true,"","",89e0b4f6-0dca-41e1-a652-9e86f7421d8a,Tue May 19 2026 06:35:50 GMT+0000 (Coordinated Universal Time),Mon May 25 2026 03:36:22 GMT+0000 (Coordinated Universal Time),,,,,,,,,,,,,,,mailchimp_pre_2026,2021-02-11 02:11:06,,,,,,
eb0a2866-9e2f-4485-9a9b-66449e3187d3,Dianne,Harsch,dianne@studioemphasis.com,,,342eb05ed11847d39b0ea47cbb78ca9c,,,,,,,,true,"","",89e0b4f6-0dca-41e1-a652-9e86f7421d8a,Tue May 19 2026 06:35:50 GMT+0000 (Coordinated Universal Time),Mon May 25 2026 03:36:22 GMT+0000 (Coordinated Universal Time),,,,,San Diego,US,,,,"cus_RbsNwmfdzbs3Z1,cus_NGZhcJVpmk5tQx",,,,,stripe-pre-2026,,,,,,,
a5f86902-8ca3-40cd-a836-606de89a2028,Garrick,Chin,garrick.chin@gmail.com,,,c908e3f37dea47129ce217cef4f4d1bf,,,,,,,,true,"","",89e0b4f6-0dca-41e1-a652-9e86f7421d8a,Tue May 19 2026 06:35:50 GMT+0000 (Coordinated Universal Time),Mon May 25 2026 03:36:22 GMT+0000 (Coordinated Universal Time),,,,,Port Washington,US,,,,cus_PCRQ9PBkJt6Lj2,,,,,stripe-pre-2026,,,,,,,
c33ac8f4-0293-4a82-b891-e12deb6d5aa3,Becca,Spain,becca.i.spain@gmail.com,,,11e90bdc53ec40748d7319a4c4cd0a3f,,,,,,,,true,"","",89e0b4f6-0dca-41e1-a652-9e86f7421d8a,Tue May 19 2026 06:35:50 GMT+0000 (Coordinated Universal Time),Mon May 25 2026 03:36:22 GMT+0000 (Coordinated Universal Time),,,,,Portland,US,,,,"cus_OWIUCsCsiGPx99,cus_OWITFn2odpPdbG,cus_OWIUXS551Bc9pT",,,,,stripe-pre-2026,,,,,,,
182e51a4-05cd-4807-9367-0930420ce7cd,,,kiki.cheers2@gmail.com,,,f743d47e04ab4c04875b5231d5adee06,,,,,,,,true,"","",89e0b4f6-0dca-41e1-a652-9e86f7421d8a,Tue May 19 2026 06:35:50 GMT+0000 (Coordinated Universal Time),Mon May 25 2026 03:36:22 GMT+0000 (Coordinated Universal Time),,,,,,,,,,,,,,,mailchimp_pre_2026,2019-05-17 11:32:42,,,,,,
1bbcecc4-908e-4c77-a2ae-d75c8bab7696,,,mcupp80@gmail.com,,,74eb46251cc249e8b63ee6c2b5d19e56,,,,,,,,true,"","",89e0b4f6-0dca-41e1-a652-9e86f7421d8a,Tue May 19 2026 06:35:50 GMT+0000 (Coordinated Universal Time),Mon May 25 2026 03:36:22 GMT+0000 (Coordinated Universal Time),,,,,,,,,,,,,,,mailchimp_pre_2026,2023-05-04 17:57:33,,,,,,
ba7fc9eb-7beb-401c-87d1-4b2a167838f9,SANDER-Megan,Megan,megan@thecocoon.com,,,ab6158a37fb04867b745b48a951e6bf3,,,,,,,,true,"","",89e0b4f6-0dca-41e1-a652-9e86f7421d8a,Tue May 19 2026 06:35:50 GMT+0000 (Coordinated Universal Time),Mon May 25 2026 03:36:22 GMT+0000 (Coordinated Universal Time),,,,,West Chester,US,,,,"cus_OXxmEddaoXzi0n,cus_OXxnICOUdCKamX,cus_OXxn3lqeE6EuPR,cus_OXxlfs1M7DozFJ",,,,,stripe-pre-2026,,,,,,,
deee4598-ec81-463f-b4d4-2daba75abc62,DANA,OSHEA,danaellenwelch@gmail.com,,,dd4bff00abe64d38a7e4378cbc9f41f9,,,,,,,,true,"","",89e0b4f6-0dca-41e1-a652-9e86f7421d8a,Tue May 19 2026 06:35:50 GMT+0000 (Coordinated Universal Time),Mon May 25 2026 03:36:22 GMT+0000 (Coordinated Universal Time),,,,,Nashua,US,,,,"cus_NtbuMPfBKiQfmO,cus_R4trCZnBKthrGn",,,,,stripe-pre-2026,,,,,,,
97b26c2c-6c2d-4e87-a609-739ab7aa3d52,Rebecca,Pierson,cyber.re@gmail.com,,,16f281d6c5b04f52a87ef22bfabdaa42,,,,,,,,true,"","",89e0b4f6-0dca-41e1-a652-9e86f7421d8a,Tue May 19 2026 06:35:50 GMT+0000 (Coordinated Universal Time),Mon May 25 2026 03:36:22 GMT+0000 (Coordinated Universal Time),,,,,Green Bay,US,,,,cus_PajEkd07T4hjCf,,,,,stripe-pre-2026,,,,,,,
cc75dad1-14f1-4514-a0ac-e6757d05f16f,,,takilroy@yahoo.com,,,30b5af8b8bf049298d8ac1c278efea96,,,,,,,,true,"","",89e0b4f6-0dca-41e1-a652-9e86f7421d8a,Tue May 19 2026 06:35:50 GMT+0000 (Coordinated Universal Time),Mon May 25 2026 03:36:22 GMT+0000 (Coordinated Universal Time),,,,,,,,,,,,,,,mailchimp_pre_2026,2025-07-26 02:36:42,,,,,,
711240b2-47d4-4fdf-87d0-0cc501796939,Krista,Hall,krisie6@yahoo.com,,,e6ed6e2b2cbb43ea9ccdf3e20b081c8e,,,,,,,,true,"","",89e0b4f6-0dca-41e1-a652-9e86f7421d8a,Tue May 19 2026 06:35:50 GMT+0000 (Coordinated Universal Time),Mon May 25 2026 03:36:22 GMT+0000 (Coordinated Universal Time),,,,,Buda,US,,,,cus_KfrCaNDlEAhyY0,,,,,stripe-pre-2026,2023-05-04 17:57:48,,,,,,
50f397ed-e10e-4f9a-a874-f07892051ff6,Christine,Dunn,lori@korninteriors.com,,,8c74d6cf34c44b2bb45eaf9cb77049d5,,,,,,,,true,"","",89e0b4f6-0dca-41e1-a652-9e86f7421d8a,Tue May 19 2026 06:35:50 GMT+0000 (Coordinated Universal Time),Mon May 25 2026 03:36:23 GMT+0000 (Coordinated Universal Time),,,,,Chestnut HIll,US,,,,"cus_KUBUJf6AwDoNjW,cus_KWVr9uGQoKuPEh",,,,,stripe-pre-2026,,,,,,,
4161e4cd-6389-495b-b3d5-65f54b65010a,Anastasia,Segal,asegal27@comcast.net,,,73edc4d85ac64a89bc7ee6d838171e9b,,,,,,,,true,"","",89e0b4f6-0dca-41e1-a652-9e86f7421d8a,Tue May 19 2026 06:35:50 GMT+0000 (Coordinated Universal Time),Mon May 25 2026 03:36:23 GMT+0000 (Coordinated Universal Time),,,,,Buffalo Grove,US,,,,"cus_LGv23NWLVQc5JV,cus_LCtxRwwV9RyLfn",,,,,stripe-pre-2026,2023-05-04 17:57:34,,,,,,
294b9c41-044a-4b89-9fb4-04580fefbfa8,,,pdebler@att.net,,,faad4aff40804c4aa8d63c5242755694,,,,,,,,true,"","",89e0b4f6-0dca-41e1-a652-9e86f7421d8a,Tue May 19 2026 06:35:50 GMT+0000 (Coordinated Universal Time),Mon May 25 2026 03:36:23 GMT+0000 (Coordinated Universal Time),,,,,,,,,,,,,,,mailchimp_pre_2026,2025-07-26 02:36:41,,,,,,
5d023500-a907-4366-ab70-868845a8e9f3,Mark,Hummel,ddth@q.com,,,2a18275e040144d186dc52bc45c492ed,,,,,,,,true,"","",89e0b4f6-0dca-41e1-a652-9e86f7421d8a,Tue May 19 2026 06:35:50 GMT+0000 (Coordinated Universal Time),Mon May 25 2026 03:36:23 GMT+0000 (Coordinated Universal Time),,,,,Evergreen,US,,,,cus_KeHoNK0pWCbaJL,,,,,stripe-pre-2026,,,,,,,
adfa4f2b-73bf-4977-a635-b5174f3d8831,,,getherdone847@gmail.com,,,ba2267093d90474dabce5437db872e63,,,,,,,,true,"","",89e0b4f6-0dca-41e1-a652-9e86f7421d8a,Tue May 19 2026 06:35:50 GMT+0000 (Coordinated Universal Time),Mon May 25 2026 03:36:23 GMT+0000 (Coordinated Universal Time),,,,,,,,,,,,,,,mailchimp_pre_2026,2023-05-04 17:57:37,,,,,,
0aef5435-9c53-4d89-9ac9-d899e3bd783b,Derek,Riner,dwriner@sbcglobal.net,,,e7eb6397a8dc4f47bc3b7e95ebd312aa,,,,,,,,true,"","",89e0b4f6-0dca-41e1-a652-9e86f7421d8a,Tue May 19 2026 06:35:50 GMT+0000 (Coordinated Universal Time),Mon May 25 2026 03:36:23 GMT+0000 (Coordinated Universal Time),,,,,Lamar,US,,,,"cus_OjG0xdequpJDmq,cus_OjKW2Eqe8tRPpQ",,,,,stripe-pre-2026,,,,,,,
7d5f4eec-6f8f-4f7e-96cd-5a481980aff6,Daniel,Shuler,danielshuler@comcast.net,,,c88e677e481a4d478a5d191fa36cb4e3,,,,,,,,true,"","",89e0b4f6-0dca-41e1-a652-9e86f7421d8a,Tue May 19 2026 06:35:50 GMT+0000 (Coordinated Universal Time),Mon May 25 2026 03:36:23 GMT+0000 (Coordinated Universal Time),,,,,SPOKANE,US,,,,"cus_OYmf3TH3vfWwc3,cus_OYmf9RK4O0LJfK,cus_OYmbRoJ75NAoRA",,,,,stripe-pre-2026,,,,,,,
dc193308-690b-4c27-8acf-51fa9f83d84e,,,elliotrivera03.er@gmail.com,,,6927579b92564c79bbde923118000827,,,,,,,,true,"","",89e0b4f6-0dca-41e1-a652-9e86f7421d8a,Tue May 19 2026 06:35:50 GMT+0000 (Coordinated Universal Time),Mon May 25 2026 03:36:23 GMT+0000 (Coordinated Universal Time),,,,,Grand,US,,,,,,,,,mailchimp_pre_2026,2023-05-04 17:57:51,,,,,,
bb2cf06f-3b38-426e-b994-402957e5d8bb,Jonathan,Proctor,jproctor@loftinequip.com,,,193d136d9bff43179149ba426969be60,,,,,,,,true,"","",89e0b4f6-0dca-41e1-a652-9e86f7421d8a,Tue May 19 2026 06:35:50 GMT+0000 (Coordinated Universal Time),Mon May 25 2026 03:36:23 GMT+0000 (Coordinated Universal Time),,,,,New Braunfels,US,,,,,,,,,stripe-pre-2026,,,,,,,
c8248bc5-b8dc-448b-86f0-859d609af9d2,Bob,Rude,brbobrude@gmail.com,,,aa90ab254c204c78955f1162420aaf9c,,,,,,,,true,"","",89e0b4f6-0dca-41e1-a652-9e86f7421d8a,Tue May 19 2026 06:35:50 GMT+0000 (Coordinated Universal Time),Mon May 25 2026 03:36:23 GMT+0000 (Coordinated Universal Time),,,,,Prior Lake,US,,,,"cus_OPXMjDw9ZE3zSE,cus_OPXOcxLrXDB91k,cus_OPXOXJueX8ruYq",,,,,stripe-pre-2026,,,,,,,
e0583e36-6615-4522-a7bf-c432fb1d45d6,,,koscch@icloud.com,,,fbe3532fa2ca4c5783daa83eabddbcc6,,,,,,,,true,"","",89e0b4f6-0dca-41e1-a652-9e86f7421d8a,Tue May 19 2026 06:35:50 GMT+0000 (Coordinated Universal Time),Mon May 25 2026 03:36:23 GMT+0000 (Coordinated Universal Time),,,,,,,,,,,,,,,mailchimp_pre_2026,2023-05-04 17:57:29,,,,,,
4c54e4ca-e31b-4c91-bf3c-b0e359915bb3,Ron,Britton,ronbrittonphx@gmail.com,,,941b51c238f04098adc4fa6143b6cf30,,,,,,,,true,"","",89e0b4f6-0dca-41e1-a652-9e86f7421d8a,Tue May 19 2026 06:35:50 GMT+0000 (Coordinated Universal Time),Mon May 25 2026 03:36:23 GMT+0000 (Coordinated Universal Time),,,,,,,,,,cus_OS3Nb0NL5WWsDd,,,,,stripe-pre-2026,,,,,,,
fe970216-30e6-4598-ba11-8031e6cf6d67,,,ebhdrg1941@gmail.com,,,4da8e92b84cb4531bcaeb89af41577d0,,,,,,,,true,"","",89e0b4f6-0dca-41e1-a652-9e86f7421d8a,Tue May 19 2026 06:35:50 GMT+0000 (Coordinated Universal Time),Mon May 25 2026 03:36:23 GMT+0000 (Coordinated Universal Time),,,,,,,,,,,,,,,mailchimp_pre_2026,2025-07-26 02:36:41,,,,,,
19c29efc-9313-4c3d-996e-5109b81db80b,Susan,Moran,suemoran84@gmail.com,,,12e9cd9e95db4f88a773fe0a08d5ab48,,,,,,,,true,"","",89e0b4f6-0dca-41e1-a652-9e86f7421d8a,Tue May 19 2026 06:35:50 GMT+0000 (Coordinated Universal Time),Mon May 25 2026 03:36:23 GMT+0000 (Coordinated Universal Time),,,,,Kelowna,CA,,,,,,,,,stripe-pre-2026,,,,,,,
f9044de8-286c-4f54-a4a9-7a66814b376f,Bob,Levin,kl@fth.com,,,3e959a4877be4d418c1e3ef7a5b638fb,,,,,,,,true,"","",89e0b4f6-0dca-41e1-a652-9e86f7421d8a,Tue May 19 2026 06:35:50 GMT+0000 (Coordinated Universal Time),Mon May 25 2026 03:36:23 GMT+0000 (Coordinated Universal Time),,,,,,,,,,"cus_OoWZfCml1P4dCm,cus_OnSZN559YaK5TR",,,,,stripe-pre-2026,,,,,,,
2776b539-557d-4577-ae47-35bbd8eb5936,,,jambrusko@aol.com,,,ef89ae137e464579b3ddeac03e2bf930,,,,,,,,true,"","",89e0b4f6-0dca-41e1-a652-9e86f7421d8a,Tue May 19 2026 06:35:50 GMT+0000 (Coordinated Universal Time),Mon May 25 2026 03:36:23 GMT+0000 (Coordinated Universal Time),,,,,Woodstock,US,,,,,,,,,mailchimp_pre_2026,2023-05-04 17:57:51,,,,,,
fcf63c18-2dfc-4066-8fdf-c4082e98e8b3,Larry,Vitale,larryvitale@gmail.com,,,baee85bbe8d243fe91d374b734dbc250,,,,,,,,true,"","",89e0b4f6-0dca-41e1-a652-9e86f7421d8a,Tue May 19 2026 06:35:50 GMT+0000 (Coordinated Universal Time),Mon May 25 2026 03:36:23 GMT+0000 (Coordinated Universal Time),,,,,Elk Grove,US,,,,cus_KlASGFmbNRuHhB,,,,,stripe-pre-2026,2023-05-04 17:57:47,,,,,,
bed3952a-b209-470a-ac74-d64f4b7f7d41,,,Quested80@verizon.net,,,584c567d7ca54f0982836eb444ec82ad,,,,,,,,true,"","",89e0b4f6-0dca-41e1-a652-9e86f7421d8a,Tue May 19 2026 06:35:50 GMT+0000 (Coordinated Universal Time),Mon May 25 2026 03:36:23 GMT+0000 (Coordinated Universal Time),,,,,,,,,,,,,,,mailchimp_pre_2026,2025-07-26 02:36:40,,,,,,
a08772a7-777f-4787-ab16-3c7c8f813c33,Ronald,Dueck,rondueck@gmail.com,,,c50f6f5a6c174d9189f4cc57a5246ed3,,,,,,,,true,"","",89e0b4f6-0dca-41e1-a652-9e86f7421d8a,Tue May 19 2026 06:35:50 GMT+0000 (Coordinated Universal Time),Mon May 25 2026 03:36:23 GMT+0000 (Coordinated Universal Time),,,,,North Vancouver,CA,,,,cus_GVEjb7V2RNYCl2,,,,,stripe-pre-2026,,,,,,,
4cc07a50-1a14-4014-8e65-1752e0b6bb02,,,jgadawski@besttile.com,,,d5e425b0d0b44cc38171f246ec8a1587,,,,,,,,true,"","",89e0b4f6-0dca-41e1-a652-9e86f7421d8a,Tue May 19 2026 06:35:50 GMT+0000 (Coordinated Universal Time),Mon May 25 2026 03:36:23 GMT+0000 (Coordinated Universal Time),,,,,,,,,,,,,,,mailchimp_pre_2026,2023-05-04 17:57:33,,,,,,
6fb01018-3e57-49e8-a155-287accb23c95,Kevin,Thomas,ktom1911@gmail.com,,,7fdb5422864b435388b6769260d041f1,,,,,,,,true,"","",89e0b4f6-0dca-41e1-a652-9e86f7421d8a,Tue May 19 2026 06:35:50 GMT+0000 (Coordinated Universal Time),Mon May 25 2026 03:36:23 GMT+0000 (Coordinated Universal Time),,,,,,,,,,cus_QlWoGpHxwV59mz,,,,,stripe-pre-2026,,,,,,,
23837d66-f175-4b35-bfd0-48c78f04187c,,,catpaintingbiz@gmail.com,,,cbbe8f4b869c40db9dc33a266d7680ea,,,,,,,,true,"","",89e0b4f6-0dca-41e1-a652-9e86f7421d8a,Tue May 19 2026 06:35:50 GMT+0000 (Coordinated Universal Time),Mon May 25 2026 03:36:23 GMT+0000 (Coordinated Universal Time),,,,,Jonesboro,US,,,,,,,,,mailchimp_pre_2026,2023-05-04 17:57:53,,,,,,
c4bda578-f412-440f-affd-7eabe30fe412,,,kylzprice@gmail.com,,,1e73b4f178874bc0b174a42d5fff29fb,,,,,,,,true,"","",89e0b4f6-0dca-41e1-a652-9e86f7421d8a,Tue May 19 2026 06:35:50 GMT+0000 (Coordinated Universal Time),Mon May 25 2026 03:36:23 GMT+0000 (Coordinated Universal Time),,,,,,,,,,,,,,,mailchimp_pre_2026,2018-03-18 18:15:38,,,,,,
17904600-bf74-4356-9fee-1efcb8e67bdd,Yuji,Tosaka,yuji.tosaka@gmail.com,,,15bd6d571975474bae1c194c91b3f43b,,,,,,,,true,"","",89e0b4f6-0dca-41e1-a652-9e86f7421d8a,Tue May 19 2026 06:35:50 GMT+0000 (Coordinated Universal Time),Mon May 25 2026 03:36:23 GMT+0000 (Coordinated Universal Time),,,,,Glenside,US,,,,,,,,,stripe-pre-2026,,,,,,,
efe3b14a-bd8e-4bcc-82db-aa614f46c7e0,,,larrystahl1@yahoo.com,,,676af26ea41a434a83cce7b11634c4ed,,,,,,,,true,"","",89e0b4f6-0dca-41e1-a652-9e86f7421d8a,Tue May 19 2026 06:35:50 GMT+0000 (Coordinated Universal Time),Mon May 25 2026 03:36:23 GMT+0000 (Coordinated Universal Time),,,,,,,,,,,,,,,mailchimp_pre_2026,2023-05-04 17:57:34,,,,,,
6ef55536-1a5b-4e8f-8de8-21be7d3fe3b0,,,susansalo@bellsouth.net,,,f7cec7aa3c7749a08eaf9652ee550a78,,,,,,,,true,"","",89e0b4f6-0dca-41e1-a652-9e86f7421d8a,Tue May 19 2026 06:35:50 GMT+0000 (Coordinated Universal Time),Mon May 25 2026 03:36:23 GMT+0000 (Coordinated Universal Time),,,,,FL,,,,,,,,,,mailchimp_pre_2026,2019-09-22 11:05:59,,,,,,
c52769fe-1886-4ae2-9a3e-271c771cbf69,Marc,Digeros,marcdigeros@gmail.com,,,8f7bdeed1f79432897ee29c542bde7e8,,,,,,,,true,"","",89e0b4f6-0dca-41e1-a652-9e86f7421d8a,Tue May 19 2026 06:35:50 GMT+0000 (Coordinated Universal Time),Mon May 25 2026 03:36:23 GMT+0000 (Coordinated Universal Time),,,,,NORTH HILLS,US,,,,cus_OB7q5wzOZ1MRfr,,,,,stripe-pre-2026,,,,,,,
ac6a10f7-959b-4bed-b317-243adb9484de,,,plolson@hotmail.com,,,2e2192fdca214117adb29524f3a98fbd,,,,,,,,true,"","",89e0b4f6-0dca-41e1-a652-9e86f7421d8a,Tue May 19 2026 06:35:50 GMT+0000 (Coordinated Universal Time),Mon May 25 2026 03:36:23 GMT+0000 (Coordinated Universal Time),,,,,BC,,,,,,,,,,mailchimp_pre_2026,2021-01-02 15:55:39,,,,,,
a5670d91-f524-4ecf-bf41-e91bca5f2d69,,,marioanddiane@att.net,,,d8b2b1641de2478cbb3990a9cf9e6f4d,,,,,,,,true,"","",89e0b4f6-0dca-41e1-a652-9e86f7421d8a,Tue May 19 2026 06:35:50 GMT+0000 (Coordinated Universal Time),Mon May 25 2026 03:36:24 GMT+0000 (Coordinated Universal Time),,,,,Green,US,,,,,,,,,mailchimp_pre_2026,2023-05-04 17:57:48,,,,,,
6cfb2f9e-6caf-4255-8f7b-e21c16d2295e,Rhonda,Files,stone2247@hotmail.com,,,f3294a1292644649be45c566c0f36df4,,,,,,,,true,"","",89e0b4f6-0dca-41e1-a652-9e86f7421d8a,Tue May 19 2026 06:35:50 GMT+0000 (Coordinated Universal Time),Mon May 25 2026 03:36:24 GMT+0000 (Coordinated Universal Time),,,,,Lunenburg,US,,,,cus_LDaBd8xMk3PXJN,,,,,stripe-pre-2026,2023-05-04 17:57:35,,,,,,
f3a874da-51ee-4697-ae06-5f727a4b6384,,,da.harper@hotmail.com,,,48bedcd4a3ef4dc4af42ffd790f4f3d8,,,,,,,,true,"","",89e0b4f6-0dca-41e1-a652-9e86f7421d8a,Tue May 19 2026 06:35:50 GMT+0000 (Coordinated Universal Time),Mon May 25 2026 03:36:24 GMT+0000 (Coordinated Universal Time),,,,,,,,,,,,,,,mailchimp_pre_2026,2023-05-04 17:57:30,,,,,,
f9e67ad3-5838-4145-ba4b-c4e94dd59828,,,ldepiero25@gmail.com,,,0ac82b849c424a56b52dd5aa061d6225,,,,,,,,true,"","",89e0b4f6-0dca-41e1-a652-9e86f7421d8a,Tue May 19 2026 06:35:50 GMT+0000 (Coordinated Universal Time),Mon May 25 2026 03:36:24 GMT+0000 (Coordinated Universal Time),,,,,,,,,,,,,,,mailchimp_pre_2026,2023-05-04 17:57:28,,,,,,
bb57ecb6-a308-46ca-924c-f3f2e2d4c14b,Kevin,McGarvey,kevin.mcgarvey@gmail.com,,,e197181cd18a4132b92b70a9fdda5130,,,,,,,,true,"","",89e0b4f6-0dca-41e1-a652-9e86f7421d8a,Tue May 19 2026 06:35:50 GMT+0000 (Coordinated Universal Time),Mon May 25 2026 03:36:24 GMT+0000 (Coordinated Universal Time),,,,,Reston,US,,,,cus_PAZ2OxPYAEiDWt,,,,,stripe-pre-2026,,,,,,,
d4592b06-985b-476c-9d53-2ddcd9aa6d82,,,jenprusacki@verizon.net,,,e5c531270c5249608e6a1c2529af201f,,,,,,,,true,"","",89e0b4f6-0dca-41e1-a652-9e86f7421d8a,Tue May 19 2026 06:35:50 GMT+0000 (Coordinated Universal Time),Mon May 25 2026 03:36:24 GMT+0000 (Coordinated Universal Time),,,,,Norristown,US,,,,,,,,,mailchimp_pre_2026,2023-05-04 17:57:38,,,,,,
6b450c19-a575-4d3d-a459-75321582e26c,,,alicebonesteel3@gmail.com,,,6e84ebdbb43745ad8039f1f676a4563e,,,,,,,,true,"","",89e0b4f6-0dca-41e1-a652-9e86f7421d8a,Tue May 19 2026 06:35:50 GMT+0000 (Coordinated Universal Time),Mon May 25 2026 03:36:24 GMT+0000 (Coordinated Universal Time),,,,,MA,,,,,,,,,,mailchimp_pre_2026,2018-08-02 08:18:26,,,,,,
d5a5788c-9f94-4131-a4c4-9ac310591460,,,leewardair@rogers.com,,,5db343f46e444c168dc5dd3f96cfdb04,,,,,,,,true,"","",89e0b4f6-0dca-41e1-a652-9e86f7421d8a,Tue May 19 2026 06:35:50 GMT+0000 (Coordinated Universal Time),Mon May 25 2026 03:36:24 GMT+0000 (Coordinated Universal Time),,,,,ON,,,,,,,,,,mailchimp_pre_2026,2020-02-28 10:50:50,,,,,,
a6b22004-0fce-4d1f-be5d-c732b6099c92,Brock,Morgan,bman611@yahoo.com,,,0709c8e29e4f4e7e82cd2ad0099eb84a,,,,,,,,true,"","",89e0b4f6-0dca-41e1-a652-9e86f7421d8a,Tue May 19 2026 06:35:50 GMT+0000 (Coordinated Universal Time),Mon May 25 2026 03:36:24 GMT+0000 (Coordinated Universal Time),,,,,Cumberland,US,,,,,,,,,stripe-pre-2026,,,,,,,
adc4d9db-a1cd-4bfc-b28f-affe21a487fb,,,csmetiva@gmail.com,,,97f17bcf571e44808b2c9ad800079f03,,,,,,,,true,"","",89e0b4f6-0dca-41e1-a652-9e86f7421d8a,Tue May 19 2026 06:35:50 GMT+0000 (Coordinated Universal Time),Mon May 25 2026 03:36:24 GMT+0000 (Coordinated Universal Time),,,,,,,,,,,,,,,mailchimp_pre_2026,2023-05-04 17:57:31,,,,,,
88ed6a6a-9519-4939-88e2-a0e000724d59,,,barbiwai@yahoo.com,,,524bba3e236547448067b2a0e79056df,,,,,,,,true,"","",89e0b4f6-0dca-41e1-a652-9e86f7421d8a,Tue May 19 2026 06:35:50 GMT+0000 (Coordinated Universal Time),Mon May 25 2026 03:36:24 GMT+0000 (Coordinated Universal Time),,,,,Houston,US,,,,,,,,,mailchimp_pre_2026,2023-05-04 17:57:37,,,,,,
b71f41e2-4552-441e-a1c2-cb3e8addc2f4,,,goldensandsdec@gmail.com,,,2c77534fdb124dd8bb831bf800b29ce0,,,,,,,,true,"","",89e0b4f6-0dca-41e1-a652-9e86f7421d8a,Tue May 19 2026 06:35:50 GMT+0000 (Coordinated Universal Time),Mon May 25 2026 03:36:24 GMT+0000 (Coordinated Universal Time),,,,,WI,,,,,,,,,,mailchimp_pre_2026,2021-01-17 21:25:50,,,,,,
41c0f60b-6f14-4aa6-aca6-b1cfd7f30cb0,Andrew,Nesbitt,ajnesbitt@gmail.com,,,22d44818f294400985aa978ce8737f7c,,,,,,,,true,"","",89e0b4f6-0dca-41e1-a652-9e86f7421d8a,Tue May 19 2026 06:35:50 GMT+0000 (Coordinated Universal Time),Mon May 25 2026 03:36:24 GMT+0000 (Coordinated Universal Time),,,,,,,,,,cus_RxlD7jvqDVV1Dr,,,,,stripe-pre-2026,,,,,,,
b4dcc6a7-f09f-41c1-82a6-78dd84d783af,Kerstin,Poh,kerstinpoh@yahoo.com,,,46e16c376bc8482daea91b61e19e69a0,,,,,,,,true,"","",89e0b4f6-0dca-41e1-a652-9e86f7421d8a,Tue May 19 2026 06:35:50 GMT+0000 (Coordinated Universal Time),Mon May 25 2026 03:36:24 GMT+0000 (Coordinated Universal Time),,,,,Keego Harbor,US,,,,cus_LDdMP10Mr5ieCx,,,,,stripe-pre-2026,2023-05-04 17:57:35,,,,,,
107021ff-036f-41ed-b8fb-9a369310ad6f,,,m-herrmann@comcast.net,,,e34703848c6e412cafeb28d7066c4d18,,,,,,,,true,"","",89e0b4f6-0dca-41e1-a652-9e86f7421d8a,Tue May 19 2026 06:35:50 GMT+0000 (Coordinated Universal Time),Mon May 25 2026 03:36:24 GMT+0000 (Coordinated Universal Time),,,,,Katy,US,,,,,,,,,mailchimp_pre_2026,2023-05-04 17:57:49,,,,,,
17367767-0400-45ce-bb0a-28f0fd7b40a3,,,darryl3@westnet.com.au,,,908b71e9b81f475e9a0c178acb2e0dbc,,,,,,,,true,"","",89e0b4f6-0dca-41e1-a652-9e86f7421d8a,Tue May 19 2026 06:35:50 GMT+0000 (Coordinated Universal Time),Mon May 25 2026 03:36:24 GMT+0000 (Coordinated Universal Time),,,,,Killcare,AU,,,,,,,,,mailchimp_pre_2026,2023-05-04 17:57:32,,,,,,
2b46a5d3-314d-4f66-a668-2db24dd02300,,,nglassburn1@comcast.net,,,9cbbae33375f4f0ea8b1eee33cca3b93,,,,,,,,true,"","",89e0b4f6-0dca-41e1-a652-9e86f7421d8a,Tue May 19 2026 06:35:50 GMT+0000 (Coordinated Universal Time),Mon May 25 2026 03:36:24 GMT+0000 (Coordinated Universal Time),,,,,Kokomo,US,,,,,,,,,mailchimp_pre_2026,2023-05-04 17:57:26,,,,,,
1e5a51ef-063f-4b7a-8e8b-a5dc54e9e906,,,joanna@bestaccessdoors.com,,,c78bba9b0cc74eb3ab32e8eaf16e13fa,,,,,,,,true,"","",89e0b4f6-0dca-41e1-a652-9e86f7421d8a,Tue May 19 2026 06:35:50 GMT+0000 (Coordinated Universal Time),Mon May 25 2026 03:36:24 GMT+0000 (Coordinated Universal Time),,,,,Cebu,PH,,,,,,,,,mailchimp_pre_2026,2023-05-04 17:57:44,,,,,,
1a21775b-8d1d-46dd-8745-3e20eb682200,,,hghwykd@gmail.com,,,73ebcff6a7894de986269043da57ac96,,,,,,,,true,"","",89e0b4f6-0dca-41e1-a652-9e86f7421d8a,Tue May 19 2026 06:35:50 GMT+0000 (Coordinated Universal Time),Mon May 25 2026 03:36:24 GMT+0000 (Coordinated Universal Time),,,,,,,,,,,,,,,mailchimp_pre_2026,2023-05-04 17:57:35,,,,,,
d1c17cb2-c3f3-4605-ab52-e4496f39216a,,,dodieheisey@gmail.com,,,d39bb2ea2c1447f7915e90b84dfd7cbc,,,,,,,,true,"","",89e0b4f6-0dca-41e1-a652-9e86f7421d8a,Tue May 19 2026 06:35:50 GMT+0000 (Coordinated Universal Time),Mon May 25 2026 03:36:24 GMT+0000 (Coordinated Universal Time),,,,,,,,,,,,,,,mailchimp_pre_2026,2025-07-26 02:36:42,,,,,,
9388eeb6-e8b1-4f33-b966-41e3c3a1f40f,KEVIN,CAMFIELD,kevinheidi3@gmail.com,,,c4ab6ef89fed43159ce2dd2e3444ab5b,,,,,,,,true,"","",89e0b4f6-0dca-41e1-a652-9e86f7421d8a,Tue May 19 2026 06:35:50 GMT+0000 (Coordinated Universal Time),Mon May 25 2026 03:36:24 GMT+0000 (Coordinated Universal Time),,,,,Port Townsend,US,,,,cus_RI9TIh2kDujzHO,,,,,stripe-pre-2026,,,,,,,
7fcaf823-54de-4ac0-abe8-986c4656e96f,,,kathcuic2004@aol.com,,,701e055e3c4d47ccb587fb406781c9f0,,,,,,,,true,"","",89e0b4f6-0dca-41e1-a652-9e86f7421d8a,Tue May 19 2026 06:35:50 GMT+0000 (Coordinated Universal Time),Mon May 25 2026 03:36:24 GMT+0000 (Coordinated Universal Time),,,,,Crystal,US,,,,,,,,,mailchimp_pre_2026,2023-05-04 17:57:48,,,,,,
ce08c728-de4a-46cd-ad2c-a6249b8df339,,,finleyfsandra222@yahoo.com,,,3a5a7305be914f3d8ab19952af62d3e1,,,,,,,,true,"","",89e0b4f6-0dca-41e1-a652-9e86f7421d8a,Tue May 19 2026 06:35:50 GMT+0000 (Coordinated Universal Time),Mon May 25 2026 03:36:24 GMT+0000 (Coordinated Universal Time),,,,,,,,,,,,,,,mailchimp_pre_2026,2023-05-04 17:57:29,,,,,,
62624196-504f-4553-a70e-8df0357baafc,,,leevanderbaan@gmail.com,,,4a7e024994834ff498e4fe0f8e40da85,,,,,,,,true,"","",89e0b4f6-0dca-41e1-a652-9e86f7421d8a,Tue May 19 2026 06:35:50 GMT+0000 (Coordinated Universal Time),Mon May 25 2026 03:36:24 GMT+0000 (Coordinated Universal Time),,,,,,,,,,,,,,,mailchimp_pre_2026,2023-05-04 17:57:27,,,,,,
bd1f96c1-3760-498f-9fc4-425ea7059dd7,,,avrillees15@icloud.com,,,9934ea1ac02b421d8e834d0ed92744ef,,,,,,,,true,"","",89e0b4f6-0dca-41e1-a652-9e86f7421d8a,Tue May 19 2026 06:35:50 GMT+0000 (Coordinated Universal Time),Mon May 25 2026 03:36:24 GMT+0000 (Coordinated Universal Time),,,,,,,,,,,,,,,mailchimp_pre_2026,2023-05-04 17:57:36,,,,,,
20a35ea3-db41-4cf8-be30-98f0ab2f5f65,Bruce,Becker,bbecker4495@gmail.com,,,b45ca6fb3aca4cf8bf75a0df629a08a0,,,,,,,,true,"","",89e0b4f6-0dca-41e1-a652-9e86f7421d8a,Tue May 19 2026 06:35:50 GMT+0000 (Coordinated Universal Time),Mon May 25 2026 03:36:24 GMT+0000 (Coordinated Universal Time),,,,,Elmira,US,,,,cus_NVseFixRpBie91,,,,,stripe-pre-2026,2023-05-04 17:57:26,,,,,,
fe0c463b-4288-4a6d-acb2-2c3545dd5715,,,shelley1717@centurylink.net,,,f36ff73badf8422080ed9ce83ff76e2a,,,,,,,,true,"","",89e0b4f6-0dca-41e1-a652-9e86f7421d8a,Tue May 19 2026 06:35:50 GMT+0000 (Coordinated Universal Time),Mon May 25 2026 03:36:24 GMT+0000 (Coordinated Universal Time),,,,,,,,,,,,,,,mailchimp_pre_2026,2019-05-17 11:32:30,,,,,,
2a6d0554-69f1-408b-aa4b-2e6e76a84a16,,,jbshupe@gmail.com,,,f1dd3b4308aa49a7a258f9f1420bd865,,,,,,,,true,"","",89e0b4f6-0dca-41e1-a652-9e86f7421d8a,Tue May 19 2026 06:35:50 GMT+0000 (Coordinated Universal Time),Mon May 25 2026 03:36:24 GMT+0000 (Coordinated Universal Time),,,,,Seattle,US,,,,,,,,,mailchimp_pre_2026,2023-05-04 17:57:49,,,,,,
231050cd-9b2d-4fac-9cae-68767fae1aeb,,,jdhusted1990@gmail.com,,,13ffe950853441938bd027dd3bb5f1a5,,,,,,,,true,"","",89e0b4f6-0dca-41e1-a652-9e86f7421d8a,Tue May 19 2026 06:35:50 GMT+0000 (Coordinated Universal Time),Mon May 25 2026 03:36:24 GMT+0000 (Coordinated Universal Time),,,,,,,,,,,,,,,mailchimp_pre_2026,2023-05-04 17:57:37,,,,,,
ce6f3ae3-2db3-400e-986e-48e141a2f2bf,Tyler,Kirby,tylerlk90@gmail.com,,,70ae20d3af9a440a8d8a58b79d46a1de,,,,,,,,true,"","",89e0b4f6-0dca-41e1-a652-9e86f7421d8a,Tue May 19 2026 06:35:50 GMT+0000 (Coordinated Universal Time),Mon May 25 2026 03:36:24 GMT+0000 (Coordinated Universal Time),,,,,Mesa,US,,,,cus_KvDeThShE5y6at,,,,,stripe-pre-2026,2023-05-04 17:57:44,,,,,,
d5f4bd6a-5e0e-44a4-9b71-45ea0cfd4ed9,Merinda,Bennett,tolledusew@live.com,,,8e5e1ca80cc944cd96a15e4977dd21f3,,,,,,,,true,"","",89e0b4f6-0dca-41e1-a652-9e86f7421d8a,Tue May 19 2026 06:35:50 GMT+0000 (Coordinated Universal Time),Mon May 25 2026 03:36:24 GMT+0000 (Coordinated Universal Time),,,,,LOVELAND,US,,,,,,,,,stripe-pre-2026,,,,,,,
d1e66185-9da4-435e-9e19-521fbb1d8e05,,,vburn5656@gmail.com,,,e5ec0dd1cbc14cde96d07c21bfd3197c,,,,,,,,true,"","",89e0b4f6-0dca-41e1-a652-9e86f7421d8a,Tue May 19 2026 06:35:50 GMT+0000 (Coordinated Universal Time),Mon May 25 2026 03:36:25 GMT+0000 (Coordinated Universal Time),,,,,,,,,,,,,,,mailchimp_pre_2026,2023-05-04 17:57:53,,,,,,
05984bd0-30ba-4f77-8110-a40256e493b8,,,missrei@gmail.com,,,605909f310cb4b54ac6b194b7d0c0f87,,,,,,,,true,"","",89e0b4f6-0dca-41e1-a652-9e86f7421d8a,Tue May 19 2026 06:35:50 GMT+0000 (Coordinated Universal Time),Mon May 25 2026 03:36:25 GMT+0000 (Coordinated Universal Time),,,,,,,,,,,,,,,mailchimp_pre_2026,2023-05-04 17:57:30,,,,,,
c29f20d6-7b93-462f-9e3f-b8562f0d1f6e,,,bryanforley@yahoo.com,,,f26e89ebbe344dfdab5d0ebfd232298a,,,,,,,,true,"","",89e0b4f6-0dca-41e1-a652-9e86f7421d8a,Tue May 19 2026 06:35:50 GMT+0000 (Coordinated Universal Time),Mon May 25 2026 03:36:25 GMT+0000 (Coordinated Universal Time),,,,,,,,,,,,,,,mailchimp_pre_2026,2023-05-04 17:57:29,,,,,,
451b672b-ed47-460d-970c-71bd21233901,Jason,Band,hebjb@hotmail.com,,,76dcc2ba9c7d4a9e99bc7eac8142d650,,,,,,,,true,"","",89e0b4f6-0dca-41e1-a652-9e86f7421d8a,Tue May 19 2026 06:35:50 GMT+0000 (Coordinated Universal Time),Mon May 25 2026 03:36:25 GMT+0000 (Coordinated Universal Time),,,,,Chaska,US,,,,cus_R0MbpeOwP6Nvgk,,,,,stripe-pre-2026,,,,,,,
ae1995f7-a2a8-42fc-83ff-0d66603dd553,,,wnagy86@gmail.com,,,95a2975c169b4dd2b88890bd7f2f1890,,,,,,,,true,"","",89e0b4f6-0dca-41e1-a652-9e86f7421d8a,Tue May 19 2026 06:35:50 GMT+0000 (Coordinated Universal Time),Mon May 25 2026 03:36:25 GMT+0000 (Coordinated Universal Time),,,,,Raleigh,US,,,,,,,,,mailchimp_pre_2026,2023-05-04 17:57:37,,,,,,
1d51ddbe-0407-469a-8d5c-108f61d71f25,,,eric.anecho@gmail.com,,,d5f447d6aed94c16b9f497b344198eb7,,,,,,,,true,"","",89e0b4f6-0dca-41e1-a652-9e86f7421d8a,Tue May 19 2026 06:35:50 GMT+0000 (Coordinated Universal Time),Mon May 25 2026 03:36:25 GMT+0000 (Coordinated Universal Time),,,,,,,,,,,,,,,mailchimp_pre_2026,2023-05-04 17:57:30,,,,,,
dbcc6a85-7cb6-4475-a85c-19a14623933b,Cedric,Barrett,barrett.cedric@gmail.com,,,eabf1b9b04474351b0ec2b799a735484,,,,,,,,true,"","",89e0b4f6-0dca-41e1-a652-9e86f7421d8a,Tue May 19 2026 06:35:50 GMT+0000 (Coordinated Universal Time),Mon May 25 2026 03:36:25 GMT+0000 (Coordinated Universal Time),,,,,Portland,US,,,,cus_OpdNMlem89BQgm,,,,,stripe-pre-2026,,,,,,,
72615208-a29d-40f2-87d4-9e8781ea70f9,,,pandyareceipts@gmail.com,,,16c05bc028044ff5bdc5bb2324fd20fb,,,,,,,,true,"","",89e0b4f6-0dca-41e1-a652-9e86f7421d8a,Tue May 19 2026 06:35:50 GMT+0000 (Coordinated Universal Time),Mon May 25 2026 03:36:25 GMT+0000 (Coordinated Universal Time),,,,,Phoenix,US,,,,,,,,,mailchimp_pre_2026,2023-05-04 17:57:33,,,,,,
1426a488-cca8-43da-a582-4f360ae1d622,Emma,Trujillo,emtrujillo.j@gmail.com,,,49d86c54d12142699cc8df7d41e9036d,,,,,,,,true,"","",89e0b4f6-0dca-41e1-a652-9e86f7421d8a,Tue May 19 2026 06:35:50 GMT+0000 (Coordinated Universal Time),Mon May 25 2026 03:36:25 GMT+0000 (Coordinated Universal Time),,,,,Grayslake,US,,,,,,,,,stripe-pre-2026,,,,,,,
d4ced4f9-8f7f-483d-ba28-fea94f4d3459,Brock,Winans,bwinans7@att.net,,,579897538057469e863d285495de905c,,,,,,,,true,"","",89e0b4f6-0dca-41e1-a652-9e86f7421d8a,Tue May 19 2026 06:35:50 GMT+0000 (Coordinated Universal Time),Mon May 25 2026 03:36:25 GMT+0000 (Coordinated Universal Time),,,,,Strongsville,US,,,,cus_JGwY8h7cJvJ6Jk,,,,,stripe-pre-2026,,,,,,,
fa9d877c-5617-4340-8f79-4cd70ba962e7,,,Tilesmith@charter.net,,,fecc47cfb3ae44d09f40d5530698582d,,,,,,,,true,"","",89e0b4f6-0dca-41e1-a652-9e86f7421d8a,Tue May 19 2026 06:35:50 GMT+0000 (Coordinated Universal Time),Mon May 25 2026 03:36:25 GMT+0000 (Coordinated Universal Time),,,,,,,,,,,,,,,mailchimp_pre_2026,2019-05-17 11:32:29,,,,,,
8fad83a5-2018-492f-93da-18b1b74e0584,,,madamski@pbenet.com,,,7540fc95a28c42ca8ea11b3cfacec5e4,,,,,,,,true,"","",89e0b4f6-0dca-41e1-a652-9e86f7421d8a,Tue May 19 2026 06:35:50 GMT+0000 (Coordinated Universal Time),Mon May 25 2026 03:36:25 GMT+0000 (Coordinated Universal Time),,,,,OH,,,,,,,,,,mailchimp_pre_2026,2021-03-22 19:47:53,,,,,,
a6ed267f-ae92-4925-9d07-e033b4446299,Kevin,Keyes,kkeyes@imgva.com,,,fe2f52e7f6144e6a8efe0bd894fd952e,,,,,,,,true,"","",89e0b4f6-0dca-41e1-a652-9e86f7421d8a,Tue May 19 2026 06:35:50 GMT+0000 (Coordinated Universal Time),Mon May 25 2026 03:36:25 GMT+0000 (Coordinated Universal Time),,,,,Fairfax,US,,,,cus_QGjSNsamZ3KvCa,,,,,stripe-pre-2026,,,,,,,
19b134dc-e2b0-4b04-be9f-3533a86c1687,,,flcothran@aol.com,,,24e1db50f610414cb936642a5b55f70c,,,,,,,,true,"","",89e0b4f6-0dca-41e1-a652-9e86f7421d8a,Tue May 19 2026 06:35:50 GMT+0000 (Coordinated Universal Time),Mon May 25 2026 03:36:25 GMT+0000 (Coordinated Universal Time),,,,,TN,,,,,,,,,,mailchimp_pre_2026,2019-11-24 17:59:37,,,,,,
a9f58125-0e3c-4b69-8b82-e834b1646ed2,,,jonesmrs777@gmail.com,,,aed873a191ac4361a15450cb9307665d,,,,,,,,true,"","",89e0b4f6-0dca-41e1-a652-9e86f7421d8a,Tue May 19 2026 06:35:50 GMT+0000 (Coordinated Universal Time),Mon May 25 2026 03:36:25 GMT+0000 (Coordinated Universal Time),,,,,,,,,,,,,,,mailchimp_pre_2026,2025-07-26 02:36:41,,,,,,
20a4658d-775f-4f74-850c-b7de44b28f48,Katherine, Ambrogi,kate.gall@gmail.com,,,d9412295e6dd4c6c956913219b68a859,,,,,,,,true,"","",89e0b4f6-0dca-41e1-a652-9e86f7421d8a,Tue May 19 2026 06:35:50 GMT+0000 (Coordinated Universal Time),Mon May 25 2026 03:36:25 GMT+0000 (Coordinated Universal Time),,,,,Worthington,US,,,,cus_Nal7xeFQJyuRRD,,,,,stripe-pre-2026,2023-05-04 17:57:26,,,,,,
fc3ab682-7224-4534-b049-4855b8baadd2,,,mullr549@gmail.com,,,6100eca421444aa591fce9a6e5407399,,,,,,,,true,"","",89e0b4f6-0dca-41e1-a652-9e86f7421d8a,Tue May 19 2026 06:35:50 GMT+0000 (Coordinated Universal Time),Mon May 25 2026 03:36:25 GMT+0000 (Coordinated Universal Time),,,,,,,,,,,,,,,mailchimp_pre_2026,2020-08-31 12:57:40,,,,,,
7735bd31-cf0f-4ed7-814a-a602d578cbcf,,,cbury1969@gmail.com,,,ef60ba118b17412182b28974cae3a7f1,,,,,,,,true,"","",89e0b4f6-0dca-41e1-a652-9e86f7421d8a,Tue May 19 2026 06:35:50 GMT+0000 (Coordinated Universal Time),Mon May 25 2026 03:36:25 GMT+0000 (Coordinated Universal Time),,,,,,,,,,,,,,,mailchimp_pre_2026,2023-05-04 17:57:32,,,,,,
ee195f5f-12b6-4d40-b841-9c588a2e7a75,Bernard,Pravdic,bpravdic@comcast.net,,,dc20679b325f47e3a6c59b7317f9a16f,,,,,,,,true,"","",89e0b4f6-0dca-41e1-a652-9e86f7421d8a,Tue May 19 2026 06:35:50 GMT+0000 (Coordinated Universal Time),Mon May 25 2026 03:36:25 GMT+0000 (Coordinated Universal Time),,,,,Munster,US,,,,,,,,,stripe-pre-2026,2019-03-11 10:57:29,,,,,,
6d4c8e53-ab33-40ff-90c0-e2f123ac2d3f,,,1970ard@att.net,,,59de0146d59142b2ab01f1ccf58f9eb3,,,,,,,,true,"","",89e0b4f6-0dca-41e1-a652-9e86f7421d8a,Tue May 19 2026 06:35:50 GMT+0000 (Coordinated Universal Time),Mon May 25 2026 03:36:25 GMT+0000 (Coordinated Universal Time),,,,,,,,,,,,,,,mailchimp_pre_2026,2021-02-10 22:14:18,,,,,,
cbf7371b-565f-4563-9e04-4a17bfe4b441,Suzanne,Bryan,suzanne_bryan45@hotmail.com,,,0364effa0cd443369210d2750cacf6ac,,,,,,,,true,"","",89e0b4f6-0dca-41e1-a652-9e86f7421d8a,Tue May 19 2026 06:35:50 GMT+0000 (Coordinated Universal Time),Mon May 25 2026 03:36:25 GMT+0000 (Coordinated Universal Time),,,,,Portland,US,,,,cus_RBEOQIfzKylSuA,,,,,stripe-pre-2026,,,,,,,
2e95585e-6f9c-4dca-a2dc-9028537c9286,,,ianvarcher111@yahoo.com,,,9aa09621464044af87e016eeb2363460,,,,,,,,true,"","",89e0b4f6-0dca-41e1-a652-9e86f7421d8a,Tue May 19 2026 06:35:50 GMT+0000 (Coordinated Universal Time),Mon May 25 2026 03:36:25 GMT+0000 (Coordinated Universal Time),,,,,,,,,,,,,,,mailchimp_pre_2026,2023-05-04 17:57:29,,,,,,
9f8168aa-74b9-4a12-810c-f9878bc77e77,Anthony,Cerreta,tony@18-20willett.com,,,29380c6c1c73424288ad209595c80b7a,,,,,,,,true,"","",89e0b4f6-0dca-41e1-a652-9e86f7421d8a,Tue May 19 2026 06:35:50 GMT+0000 (Coordinated Universal Time),Mon May 25 2026 03:36:25 GMT+0000 (Coordinated Universal Time),,,,,Port Chester,US,,,,cus_OBBVsDx7AstVEk,,,,,stripe-pre-2026,,,,,,,
b3c6bb14-f296-4ad8-a283-6e24e2939950,,,tmway1972@gmail.com,,,49c7b13dc09e48fcbeb73649c7664a53,,,,,,,,true,"","",89e0b4f6-0dca-41e1-a652-9e86f7421d8a,Tue May 19 2026 06:35:50 GMT+0000 (Coordinated Universal Time),Mon May 25 2026 03:36:25 GMT+0000 (Coordinated Universal Time),,,,,NC,,,,,,,,,,mailchimp_pre_2026,2020-06-14 12:44:05,,,,,,
b35ba611-59c1-4bec-b7e2-17c2c12bd751,,,davidmakowski1@gmail1.com,,,90d92b26cebb4a4fa8bc62778f0e697c,,,,,,,,true,"","",89e0b4f6-0dca-41e1-a652-9e86f7421d8a,Tue May 19 2026 06:35:50 GMT+0000 (Coordinated Universal Time),Mon May 25 2026 03:36:25 GMT+0000 (Coordinated Universal Time),,,,,,,,,,,,,,,mailchimp_pre_2026,2025-07-26 02:36:42,,,,,,
05702c7d-6704-4870-afa5-71397899f3a7,Andy,Clark,andy@clarkfam.net,,,085e2a98de5a4bfabbbb11b185bf59e5,,,,,,,,true,"","",89e0b4f6-0dca-41e1-a652-9e86f7421d8a,Tue May 19 2026 06:35:50 GMT+0000 (Coordinated Universal Time),Mon May 25 2026 03:36:25 GMT+0000 (Coordinated Universal Time),,,,,Colorado Springs,US,,,,,,,,,stripe-pre-2026,,,,,,,
def12993-8921-41e0-bf08-978f7f2cdb1a,,,mohagan002@gmail.com,,,2253257cc193437fbe9ace8d7fb52530,,,,,,,,true,"","",89e0b4f6-0dca-41e1-a652-9e86f7421d8a,Tue May 19 2026 06:35:50 GMT+0000 (Coordinated Universal Time),Mon May 25 2026 03:36:25 GMT+0000 (Coordinated Universal Time),,,,,Chicago,US,,,,,,,,,mailchimp_pre_2026,2023-05-04 17:57:49,,,,,,
4bf69c91-9852-4cea-8900-4bcd7aaaaa86,,,dan3119@sbcglobal.net,,,11f540ad3db44b4783a4334a22cea5d0,,,,,,,,true,"","",89e0b4f6-0dca-41e1-a652-9e86f7421d8a,Tue May 19 2026 06:35:50 GMT+0000 (Coordinated Universal Time),Mon May 25 2026 03:36:25 GMT+0000 (Coordinated Universal Time),,,,,,,,,,,,,,,mailchimp_pre_2026,2023-05-04 17:57:51,,,,,,
2ec6062c-23c6-4a77-9f90-96f4ecafe7ae,Heidi,Harvey,hdgharvey@yahoo.com,,,c0022164ed3e47a3933f28dedd01e369,,,,,,,,true,"","",89e0b4f6-0dca-41e1-a652-9e86f7421d8a,Tue May 19 2026 06:35:50 GMT+0000 (Coordinated Universal Time),Mon May 25 2026 03:36:25 GMT+0000 (Coordinated Universal Time),,,,,Cumming,US,,,,cus_LFZWuDIrTN6io3,,,,,stripe-pre-2026,2023-05-04 17:57:34,,,,,,
279348d7-7add-4cbb-bbc0-b78c58945129,,,ksmith9184@aol.com,,,f038d03bb7714af8b2554a7aa9a3ca34,,,,,,,,true,"","",89e0b4f6-0dca-41e1-a652-9e86f7421d8a,Tue May 19 2026 06:35:50 GMT+0000 (Coordinated Universal Time),Mon May 25 2026 03:36:25 GMT+0000 (Coordinated Universal Time),,,,,Philadelphia,US,,,,,,,,,mailchimp_pre_2026,2023-05-04 17:57:50,,,,,,
2693517d-2839-4648-abec-4f72b1fd4157,,,cortes.mary70@hotmail.com,,,1564d79d429b4657987bea17719a69fa,,,,,,,,true,"","",89e0b4f6-0dca-41e1-a652-9e86f7421d8a,Tue May 19 2026 06:35:50 GMT+0000 (Coordinated Universal Time),Mon May 25 2026 03:36:25 GMT+0000 (Coordinated Universal Time),,,,,,,,,,,,,,,mailchimp_pre_2026,2023-05-04 17:57:35,,,,,,
d4135b5f-550e-4b70-94ab-8681caab5206,Sean, Good,sgood@cherokeeforesthomes.com,,,97d974069e5d425d873cb6255265e7c7,,,,,,,,true,"","",89e0b4f6-0dca-41e1-a652-9e86f7421d8a,Tue May 19 2026 06:35:50 GMT+0000 (Coordinated Universal Time),Mon May 25 2026 03:36:26 GMT+0000 (Coordinated Universal Time),,,,,elizabethton,US,,,,cus_P7fD9WPmaREhdf,,,,,stripe-pre-2026,,,,,,,
fd43d22b-ede9-4e8a-85f8-1f318e9077e1,,,rjf0o2yr@gmail.com,,,79367ae1b4cf4cac950fd026391ba412,,,,,,,,true,"","",89e0b4f6-0dca-41e1-a652-9e86f7421d8a,Tue May 19 2026 06:35:50 GMT+0000 (Coordinated Universal Time),Mon May 25 2026 03:36:26 GMT+0000 (Coordinated Universal Time),,,,,Naaldwijk,NL,,,,,,,,,mailchimp_pre_2026,2023-05-04 17:57:45,,,,,,
7c1c1020-905f-450b-a8ea-0ca3af3af355,,,bwsikkema@gmail.com,,,792798003e214aecb65defd977a6ba7c,,,,,,,,true,"","",89e0b4f6-0dca-41e1-a652-9e86f7421d8a,Tue May 19 2026 06:35:50 GMT+0000 (Coordinated Universal Time),Mon May 25 2026 03:36:26 GMT+0000 (Coordinated Universal Time),,,,,Austin,US,,,,,,,,,mailchimp_pre_2026,2023-05-04 17:57:53,,,,,,
9631994e-1717-4650-b6db-9f6078639213,,,Dixiebelle1301@gmail.com,,,6ad9a8f4b7d34945b1820f664f47bc81,,,,,,,,true,"","",89e0b4f6-0dca-41e1-a652-9e86f7421d8a,Tue May 19 2026 06:35:50 GMT+0000 (Coordinated Universal Time),Mon May 25 2026 03:36:26 GMT+0000 (Coordinated Universal Time),,,,,,,,,,,,,,,mailchimp_pre_2026,2021-03-26 11:18:41,,,,,,
255ef323-3125-4f8f-879f-e3707b0df87f,casey,peoples,casey@blueskysalesinc.com,,,9aa19656d4544787a04f14c7d1e724bd,,,,,,,,true,"","",89e0b4f6-0dca-41e1-a652-9e86f7421d8a,Tue May 19 2026 06:35:50 GMT+0000 (Coordinated Universal Time),Mon May 25 2026 03:36:26 GMT+0000 (Coordinated Universal Time),,,,,Mesquite,US,,,,,,,,,stripe-pre-2026,,,,,,,
f33a5dbb-31cd-45d5-8bcf-dd333ebc2b05,Brian,Dorner,brianjdorner@gmail.com,,,374d92001c4f42a9b087426b6db59c11,,,,,,,,true,"","",89e0b4f6-0dca-41e1-a652-9e86f7421d8a,Tue May 19 2026 06:35:50 GMT+0000 (Coordinated Universal Time),Mon May 25 2026 03:36:26 GMT+0000 (Coordinated Universal Time),,,,,Pittsgrove,US,,,,cus_P100NMRCdMHSB1,,,,,stripe-pre-2026,,,,,,,
3f37a7a0-156f-4bd9-882e-1281ea1b12f4,,,pwebb_4@msn.com,,,c68725d7e1f84068b2f762726d2a5e95,,,,,,,,true,"","",89e0b4f6-0dca-41e1-a652-9e86f7421d8a,Tue May 19 2026 06:35:50 GMT+0000 (Coordinated Universal Time),Mon May 25 2026 03:36:26 GMT+0000 (Coordinated Universal Time),,,,,,,,,,,,,,,mailchimp_pre_2026,2023-05-04 17:57:51,,,,,,
d7648751-f499-44c3-b339-efd385ab0325,,,kimmcleese@hotmail.com,,,0e7bf7ac1ff64b108909a6bf445c163c,,,,,,,,true,"","",89e0b4f6-0dca-41e1-a652-9e86f7421d8a,Tue May 19 2026 06:35:50 GMT+0000 (Coordinated Universal Time),Mon May 25 2026 03:36:26 GMT+0000 (Coordinated Universal Time),,,,,,,,,,,,,,,mailchimp_pre_2026,2023-05-04 17:57:29,,,,,,
f96cdaac-0550-4b56-873d-5016de5162af,,,nyquistdanielj@gmail.com,,,7cc5995b3203475b80306bf4ce9b6bac,,,,,,,,true,"","",89e0b4f6-0dca-41e1-a652-9e86f7421d8a,Tue May 19 2026 06:35:50 GMT+0000 (Coordinated Universal Time),Mon May 25 2026 03:36:26 GMT+0000 (Coordinated Universal Time),,,,,CO,,,,,,,,,,mailchimp_pre_2026,2020-07-29 16:01:59,,,,,,
28f9d6e0-2d3e-432f-baaf-24a7b2aed89c,Robin,Haller,mail@robin-haller.com,,,91dc8c86b6eb41f68d68386b420a30f4,,,,,,,,true,"","",89e0b4f6-0dca-41e1-a652-9e86f7421d8a,Tue May 19 2026 06:35:50 GMT+0000 (Coordinated Universal Time),Mon May 25 2026 03:36:26 GMT+0000 (Coordinated Universal Time),,,,,Denver,US,,,,cus_NhIiRjQP3rcHQz,,,,,stripe-pre-2026,2023-05-04 17:57:25,,,,,,
5254fe56-37ea-45b3-bfaa-307d932da5c9,Aleece,Nolan,aleece.nolan@gmail.com,,,4d27a5ed4dd14587aabb86ffbe9a797c,,,,,,,,true,"","",89e0b4f6-0dca-41e1-a652-9e86f7421d8a,Tue May 19 2026 06:35:50 GMT+0000 (Coordinated Universal Time),Mon May 25 2026 03:36:26 GMT+0000 (Coordinated Universal Time),,,,,Fair Lawn,US,,,,,,,,,stripe-pre-2026,,,,,,,
e832f58d-67a8-4aa7-9133-a95830a5690a,,,covercash@charter.net,,,e334daabeb2f45f2bad5528ccd35aa99,,,,,,,,true,"","",89e0b4f6-0dca-41e1-a652-9e86f7421d8a,Tue May 19 2026 06:35:50 GMT+0000 (Coordinated Universal Time),Mon May 25 2026 03:36:26 GMT+0000 (Coordinated Universal Time),,,,,SC,,,,,,,,,,mailchimp_pre_2026,2019-08-15 02:34:11,,,,,,
23247de1-ae10-423d-82d0-1e2b5d73626b,John,Miller,john@tungstencoil.com,,,cddcfd79b1804af795e4a0fa50b3eeb6,,,,,,,,true,"","",89e0b4f6-0dca-41e1-a652-9e86f7421d8a,Tue May 19 2026 06:35:50 GMT+0000 (Coordinated Universal Time),Mon May 25 2026 03:36:26 GMT+0000 (Coordinated Universal Time),,,,,Austin,US,,,,cus_JFrk3d7EzriXD5,,,,,stripe-pre-2026,,,,,,,
c568dd4f-2df1-4abd-925a-b6179c88b6bc,Kevin,Fellows,kfellows@tradevela.com,,,8c3653be4e864a62b16fe7439e5af4e7,,,,,,,,true,"","",89e0b4f6-0dca-41e1-a652-9e86f7421d8a,Tue May 19 2026 06:35:50 GMT+0000 (Coordinated Universal Time),Mon May 25 2026 03:36:26 GMT+0000 (Coordinated Universal Time),,,,,NEW YORK,US,,,,cus_KbmGNPDFItorqU,,,,,stripe-pre-2026,,,,,,,
11a64a5c-4c17-4d5b-91aa-ea42aeae34af,,,roncatz@gmail.com,,,9d97ac95394f451397e14caeac558b27,,,,,,,,true,"","",89e0b4f6-0dca-41e1-a652-9e86f7421d8a,Tue May 19 2026 06:35:50 GMT+0000 (Coordinated Universal Time),Mon May 25 2026 03:36:26 GMT+0000 (Coordinated Universal Time),,,,,MD,,,,,,,,,,mailchimp_pre_2026,2021-01-01 15:48:24,,,,,,
0263ae61-f4b1-4d1b-9a89-0a94bb105d9d,Ann,Moore,simplehobbyus@hotmail.com,,,b819b6bc08f3497bb2145d7436216629,,,,,,,,true,"","",89e0b4f6-0dca-41e1-a652-9e86f7421d8a,Tue May 19 2026 06:35:50 GMT+0000 (Coordinated Universal Time),Mon May 25 2026 03:36:26 GMT+0000 (Coordinated Universal Time),,,,,Bay City,US,,,,cus_QaYwxjkIHI5dO1,,,,,stripe-pre-2026,,,,,,,
d31054cf-ae3c-41c9-832a-47e0f43ba6c9,Erica,Manganelli,manganellimom@gmail.com,,,fe3a5e54826545b786e5b56ff447c006,,,,,,,,true,"","",89e0b4f6-0dca-41e1-a652-9e86f7421d8a,Tue May 19 2026 06:35:50 GMT+0000 (Coordinated Universal Time),Mon May 25 2026 03:36:26 GMT+0000 (Coordinated Universal Time),,,,,Herndon,US,,,,cus_KMOMnA868pV5sj,,,,,stripe-pre-2026,,,,,,,
89c4e76c-62e0-408f-b9c2-037619e6c8ed,,,artchrist@yahoo.com,,,c2e7d4350b0245a092e373817753257b,,,,,,,,true,"","",89e0b4f6-0dca-41e1-a652-9e86f7421d8a,Tue May 19 2026 06:35:50 GMT+0000 (Coordinated Universal Time),Mon May 25 2026 03:36:26 GMT+0000 (Coordinated Universal Time),,,,,MI,,,,,,,,,,mailchimp_pre_2026,2019-10-18 13:55:45,,,,,,
5c862a65-430a-4684-9a0d-a2b42e97cd97,,,brynrenee@soarinfotech.com,,,b93cf287d2f04bfc8d15eaaf3bc3451c,,,,,,,,true,"","",89e0b4f6-0dca-41e1-a652-9e86f7421d8a,Tue May 19 2026 06:35:50 GMT+0000 (Coordinated Universal Time),Mon May 25 2026 03:36:26 GMT+0000 (Coordinated Universal Time),,,,,,,,,,,,,,,mailchimp_pre_2026,2025-07-26 02:36:41,,,,,,
eec2e1fe-8b00-4b2d-b165-b4048b5d2e19,,,mupsa@hotmail.com,,,d467f22b43d9408989400f02625e03f1,,,,,,,,true,"","",89e0b4f6-0dca-41e1-a652-9e86f7421d8a,Tue May 19 2026 06:35:50 GMT+0000 (Coordinated Universal Time),Mon May 25 2026 03:36:26 GMT+0000 (Coordinated Universal Time),,,,,Hoffman,US,,,,,,,,,mailchimp_pre_2026,2023-05-04 17:57:47,,,,,,
dd57e033-768f-471e-9564-02d00a2649d9,Jessica,Jenkins,jessicajenkins@gmail.com,,,90a01e98e8ae4b00a03a8543fa0492dc,,,,,,,,true,"","",89e0b4f6-0dca-41e1-a652-9e86f7421d8a,Tue May 19 2026 06:35:50 GMT+0000 (Coordinated Universal Time),Mon May 25 2026 03:36:26 GMT+0000 (Coordinated Universal Time),,,,,Mountain View,US,,,,,,,,,stripe-pre-2026,,,,,,,
2ed43182-7647-4e23-89ef-d0427f5d6708,Leah,Tuttle,alleahtuttle@gmail.com,,,473af78e99c7454eb480fc2f9f43dbad,,,,,,,,true,"","",89e0b4f6-0dca-41e1-a652-9e86f7421d8a,Tue May 19 2026 06:35:50 GMT+0000 (Coordinated Universal Time),Mon May 25 2026 03:36:26 GMT+0000 (Coordinated Universal Time),,,,,Sequim,US,,,,cus_QpBkJVCzNnI8MI,,,,,stripe-pre-2026,,,,,,,
fad6790e-d721-4af6-9a15-f3b33a781b94,,,jay@everythinglulu.com,,,9b0ef4ddc4334513a8720caf5c25c5c5,,,,,,,,true,"","",89e0b4f6-0dca-41e1-a652-9e86f7421d8a,Tue May 19 2026 06:35:50 GMT+0000 (Coordinated Universal Time),Mon May 25 2026 03:36:26 GMT+0000 (Coordinated Universal Time),,,,,,,,,,,,,,,mailchimp_pre_2026,2018-02-06 13:57:40,,,,,,
26a3b8ab-0bad-4d60-9793-ce54a6a5e871,Robert,Spaulding,rpspaulding@yahoo.com,,,4bc88e3c3d734c5798b49e5eb3e5195b,,,,,,,,true,"","",89e0b4f6-0dca-41e1-a652-9e86f7421d8a,Tue May 19 2026 06:35:50 GMT+0000 (Coordinated Universal Time),Mon May 25 2026 03:36:26 GMT+0000 (Coordinated Universal Time),,,,,Stratford,US,,,,cus_NYug6UCoiYS821,,,,,stripe-pre-2026,2023-05-04 17:57:26,,,,,,
bca5b427-8aae-4652-836d-097089f1b44f,Brenda,Popovich,bpopen7@gmail.com,,,3f5773a07d73479eb839d33ed241c80f,,,,,,,,true,"","",89e0b4f6-0dca-41e1-a652-9e86f7421d8a,Tue May 19 2026 06:35:50 GMT+0000 (Coordinated Universal Time),Mon May 25 2026 03:36:26 GMT+0000 (Coordinated Universal Time),,,,,Howell,US,,,,,,,,,stripe-pre-2026,,,,,,,
7b2a96fb-8691-48bc-aca9-8b02081dd899,,,mmckay@dagsfix.com,,,710ff4a5ea734eb28e1e90862ae4beeb,,,,,,,,true,"","",89e0b4f6-0dca-41e1-a652-9e86f7421d8a,Tue May 19 2026 06:35:50 GMT+0000 (Coordinated Universal Time),Mon May 25 2026 03:36:26 GMT+0000 (Coordinated Universal Time),,,,,,,,,,,,,,,mailchimp_pre_2026,2018-04-24 12:45:32,,,,,,
269168d9-6a87-465c-9fe3-1744549a69c9,,,ch53dch53@gmail.com,,,b52923afa2d3499da15e2c33b7e85b4a,,,,,,,,true,"","",89e0b4f6-0dca-41e1-a652-9e86f7421d8a,Tue May 19 2026 06:35:50 GMT+0000 (Coordinated Universal Time),Mon May 25 2026 03:36:26 GMT+0000 (Coordinated Universal Time),,,,,,,,,,,,,,,mailchimp_pre_2026,2019-05-17 11:32:29,,,,,,
b0b5709f-1315-4c25-8fb2-06d145177104,,,cindyloubella@yahoo.com,,,4bb04381742d49e38b6c47ed6abe9998,,,,,,,,true,"","",89e0b4f6-0dca-41e1-a652-9e86f7421d8a,Tue May 19 2026 06:35:50 GMT+0000 (Coordinated Universal Time),Mon May 25 2026 03:36:26 GMT+0000 (Coordinated Universal Time),,,,,,,,,,,,,,,mailchimp_pre_2026,2025-07-26 02:36:40,,,,,,
93910000-09c1-4c33-a0f6-0fc5fdba6dc4,Elisabeth,Ottolini,gypsydeluxe@me.com,,,e747e60a7b8344bf86eae689fdd81413,,,,,,,,true,"","",89e0b4f6-0dca-41e1-a652-9e86f7421d8a,Tue May 19 2026 06:35:50 GMT+0000 (Coordinated Universal Time),Mon May 25 2026 03:36:26 GMT+0000 (Coordinated Universal Time),,,,,Florissant,US,,,,cus_RF0Vgcekp11qWR,,,,,stripe-pre-2026,,,,,,,
6af0767f-f25a-4ee1-9723-5160beb15925,nancy,green,nancygreen@telus.net,,,e56011a0324a4a53abc1bb6dbc3313c2,,,,,,,,true,"","",89e0b4f6-0dca-41e1-a652-9e86f7421d8a,Tue May 19 2026 06:35:50 GMT+0000 (Coordinated Universal Time),Mon May 25 2026 03:36:26 GMT+0000 (Coordinated Universal Time),,,,,mission,CA,,,,cus_R0ZgCrO27GcwfC,,,,,stripe-pre-2026,,,,,,,
790cd516-39fe-485f-bbfd-9cea30da73b9,,,pcijay@comcast.net,,,b49f1e5631ff44dfaad947216641221b,,,,,,,,true,"","",89e0b4f6-0dca-41e1-a652-9e86f7421d8a,Tue May 19 2026 06:35:50 GMT+0000 (Coordinated Universal Time),Mon May 25 2026 03:36:26 GMT+0000 (Coordinated Universal Time),,,,,,,,,,,,,,,mailchimp_pre_2026,2023-05-04 17:57:35,,,,,,
9e0cf7b8-e651-4a7e-9297-842198af5cc9,,,cpreetorius@hotmail.com,,,8caf971129d44f6a955818faab5b27b6,,,,,,,,true,"","",89e0b4f6-0dca-41e1-a652-9e86f7421d8a,Tue May 19 2026 06:35:50 GMT+0000 (Coordinated Universal Time),Mon May 25 2026 03:36:26 GMT+0000 (Coordinated Universal Time),,,,,Canton,US,,,,,,,,,mailchimp_pre_2026,2023-05-04 17:57:38,,,,,,
916855a1-3e80-4c76-bc83-04694dff97c7,,,deane.carlson101@gmail.com,,,61f80b2c53994574ab7844271f6ef16f,,,,,,,,true,"","",89e0b4f6-0dca-41e1-a652-9e86f7421d8a,Tue May 19 2026 06:35:50 GMT+0000 (Coordinated Universal Time),Mon May 25 2026 03:36:27 GMT+0000 (Coordinated Universal Time),,,,,,,,,,,,,,,mailchimp_pre_2026,2021-03-27 09:04:52,,,,,,
b2e2d561-b1b7-4aef-b70e-b023badb4b3a,Dave,Gehrmann,email@vanpcrepair.com,,,,https://vanpcrepair.com,,,,,,,true,"","",89e0b4f6-0dca-41e1-a652-9e86f7421d8a,Sat May 16 2026 05:56:35 GMT+0000 (Coordinated Universal Time),Tue May 19 2026 03:28:43 GMT+0000 (Coordinated Universal Time),,,,,Bellingham,USA,IT Services / Computer Repair,,,,,,,,,,,,,,,